FrozenAllo,/Game/Mods/ARKParados/Dinos/Frozen/Allo/Frozen_Allo_Character_BP.Frozen_Allo_Character_BP
FrozenArcha,/Game/Mods/ARKParados/Dinos/Frozen/Archa/FrozenArcha_Character_BP.FrozenArcha_Character_BP
FrozenArgent,/Game/Mods/ARKParados/Dinos/Frozen/Argent/FrozenArgent_Character_BP.FrozenArgent_Character_BP
FrozenBee,/Game/Mods/ARKParados/Dinos/Frozen/Bee/FrozenBee_Character_BP.FrozenBee_Character_BP
Braaaaaaaaaad,/Game/Mods/ARKParados/Dinos/Frozen/Sheep/FrozenSheep_Character_BP.FrozenSheep_Character_BP
FrozenBronto,/Game/Mods/ARKParados/Dinos/Frozen/Bronto/FrozenBronto_Character_BP.FrozenBronto_Character_BP
FrozenPug,/Game/Mods/ARKParados/Dinos/Frozen/Pug/FrozenPug_Character_BP.FrozenPug_Character_BP
FrozenDirewolf,/Game/Mods/ARKParados/Dinos/Frozen/Direwolf/FrozenDirewolf_Character_BP.FrozenDirewolf_Character_BP
FrozenDeinonychus,/Game/Mods/ARKParados/Dinos/Frozen/Deino/FrozenDeino_Character_BP.FrozenDeino_Character_BP
FrozenLizard,/Game/Mods/ARKParados/Dinos/Frozen/Glowtail/FrozenLizard_Character_BP.FrozenLizard_Character_BP
FrozenGriffin,/Game/Mods/ARKParados/Dinos/Frozen/Griffin/Frozen_Griffin_Character_BP.Frozen_Griffin_Character_BP
FrozenManagarmr,/Game/Mods/ARKParados/Dinos/Frozen/managarmr/Frozenmanagarmr_Character_BP.Frozenmanagarmr_Character_BP
FrozenMantis,/Game/Mods/ARKParados/Dinos/Frozen/Mantis/FrozenMantis_Character_BP.FrozenMantis_Character_BP
FrozenOwl,/Game/Mods/ARKParados/Dinos/Frozen/Owl/FrozenOwl_Character_BP.FrozenOwl_Character_BP
FrozenPegasus,/Game/Mods/ARKParados/Dinos/Frozen/Pegasus/FPegasus_Character_BP.FPegasus_Character_BP
FrozenSaber,/Game/Mods/ARKParados/Dinos/Frozen/Saber/FrozenSaber_Character_BP.FrozenSaber_Character_BP
FrozenSarco,/Game/Mods/ARKParados/Dinos/Frozen/Sarco/FrozenSarco_Character_BP.FrozenSarco_Character_BP
FrozenGoat,/Game/Mods/ARKParados/Dinos/Frozen/Shinehorn/FrozenGoat_Character_BP.FrozenGoat_Character_BP
FrozenTheri,/Game/Mods/ARKParados/Dinos/Frozen/Theri/FrozenTherizino_Character_BP.FrozenTherizino_Character_BP
FrozenLizard,/Game/Mods/ARKParados/Dinos/Frozen/Thorny/FrozenThorny_Character_BP.FrozenThorny_Character_BP
FrozenTitanboa,/Game/Mods/ARKParados/Dinos/Frozen/TitanB/FrozenBoaFrill_Character_BP.FrozenBoaFrill_Character_BP
FrozenVulture,/Game/Mods/ARKParados/Dinos/Frozen/Vulture/FrozenVulture_Character_BP.FrozenVulture_Character_BP
FrozenWyvern,/Game/Mods/ARKParados/Dinos/Frozen/Wyvern/FrozenWyvern_Character_BP_Fire.FrozenWyvern_Character_BP_Fire
WickedAnky,/Game/Mods/ARKParados/Dinos/Wicked/Ankylo/WickedAnkylo_Character_BP.WickedAnkylo_Character_BP
WickedArcha,/Game/Mods/ARKParados/Dinos/Wicked/Archa/WickedArcha_Character_BP.WickedArcha_Character_BP
WickedArgent,/Game/Mods/ARKParados/Dinos/Wicked/Argen/WickedArgent_Character_BP.WickedArgent_Character_BP
WickedBronto,/Game/Mods/ARKParados/Dinos/Wicked/Bronto/WickedBronto_Character_BP.WickedBronto_Character_BP
WickedCarno,/Game/Mods/ARKParados/Dinos/Wicked/Carno/WickedCarno_Character_BP.WickedCarno_Character_BP
WickedCnidaria,/Game/Mods/ARKParados/Dinos/Wicked/Giga/WickedGigant_Character_BP.WickedGigant_Character_BP
WickedEquus,/Game/Mods/ARKParados/Dinos/Flaming/Horse/WickedEquus_Character_BP.WickedEquus_Character_BP
WickedSLizard,/Game/Mods/ARKParados/Dinos/Wicked/Thorny/WickedSpineyLizard_Character_BP.WickedSpineyLizard_Character_BP
WickedGigant,/Game/Mods/ARKParados/Dinos/Wicked/CNIDARIA/Wicked_Cnidaria_Character_BP.Wicked_Cnidaria_Character_BP
WickedLizard,/Game/Mods/ARKParados/Dinos/Wicked/Glowtail/WickedLizard_Character_BP.WickedLizard_Character_BP
WickedGriffin,/Game/Mods/ARKParados/Dinos/Wicked/Griffin/Wicked_Griffin_Character_BP.Wicked_Griffin_Character_BP
WickedMammoth,/Game/Mods/ARKParados/Dinos/Wicked/Mammoth/WickedMammoth_Character_BP.WickedMammoth_Character_BP
WickedMegatherium,/Game/Mods/ARKParados/Dinos/Wicked/Megatherium/WickedMegatherium_Character_BP.WickedMegatherium_Character_BP
Wickedovis,/Game/Mods/ARKParados/Dinos/Wicked/Sheep/Wickedsheep_Character_BP.Wickedsheep_Character_BP
WickedOwl,/Game/Mods/ARKParados/Dinos/Wicked/Owl/WickedOwl_Character_BP.WickedOwl_Character_BP
WickedWyvern,/Game/Mods/ARKParados/Dinos/Wicked/Wyvern/WickedWyvern_Character_BP_Poison.WickedWyvern_Character_BP_Poison
WickedPtera,/Game/Mods/ARKParados/Dinos/Wicked/Ptero/WickedPtero_Character_BP.WickedPtero_Character_BP
WickedScorpion,/Game/Mods/ARKParados/Dinos/Wicked/Pulmonoscorpius/WickedScorpion_Character_BP.WickedScorpion_Character_BP
WickedRockDrake,/Game/Mods/ARKParados/Dinos/Wicked/Rockdrake/WickedDrake_Character_BP.WickedDrake_Character_BP
WickedRaptor,/Game/Mods/ARKParados/Dinos/Wicked/Raptor/WickedRaptor_Character_BP.WickedRaptor_Character_BP
WickedRex,/Game/Mods/ARKParados/Dinos/Wicked/Rex/WickedRex_Character_BP.WickedRex_Character_BP
DANIGoat,/Game/Mods/ARKParados/Dinos/Wicked/Shinehorn/WickedGoat_Character_BP.WickedGoat_Character_BP
WickedSpino,/Game/Mods/ARKParados/Dinos/Wicked/Spino/WickedSpino_Character_BP.WickedSpino_Character_BP
WickedTitanoboa,/Game/Mods/ARKParados/Dinos/Wicked/Boa/WickedBoa_Character_BP.WickedBoa_Character_BP
WickedTape,/Game/Mods/ARKParados/Dinos/Wicked/Tapa/WickedTapejara_Character_BP.WickedTapejara_Character_BP
WickedWyvern,/Game/Mods/ARKParados/Dinos/Wicked/Wyvern/WickedWyvern_Character_BP_Poison.WickedWyvern_Character_BP_Poison
ChronosAllo,/Game/Mods/ARKParados/Dinos/Chronos/Allo/ChronosAllo_Character_BP.ChronosAllo_Character_BP
ChronosBaryonyx,/Game/Mods/ARKParados/Dinos/Chronos/Bary/ChronosBaryonyx_Character_BP.ChronosBaryonyx_Character_BP
ChronosCarno,/Game/Mods/ARKParados/Dinos/Chronos/Carno/ChronosCarno_Character_BP.ChronosCarno_Character_BP
ChronosDoed,/Game/Mods/ARKParados/Dinos/Chronos/Doed/ChronosDoed_Character_BP.ChronosDoed_Character_BP
ChronosGacha,/Game/Mods/ARKParados/Dinos/Chronos/Gacha/ChronosGacha_Character_BP.ChronosGacha_Character_BP
ChronosGriffin,/Game/Mods/ARKParados/Dinos/Chronos/Griffin/Chronos_Griffin_Character_BP.Chronos_Griffin_Character_BP
ChronosMammoth,/Game/Mods/ARKParados/Dinos/Chronos/Mammoth/ChronosMammoth_Character_BP.ChronosMammoth_Character_BP
ChronosMegatheri,/Game/Mods/ARKParados/Dinos/Chronos/mehatheri/ChronosMega_Character_BP.ChronosMega_Character_BP
ChronosPtera,/Game/Mods/ARKParados/Dinos/Chronos/Ptero/ChronosPtero_Character_BP.ChronosPtero_Character_BP
ChronosRaptor,/Game/Mods/ARKParados/Dinos/Chronos/Raptor/ChronosRaptor_Character_BP.ChronosRaptor_Character_BP
ChronosRex,/Game/Mods/ARKParados/Dinos/Chronos/Rex/ChronosRex_Character_BP.ChronosRex_Character_BP
ChronosSaber,/Game/Mods/ARKParados/Dinos/Chronos/Saber/ChronosSaber_Character_BP.ChronosSaber_Character_BP
ChronosTheri,/Game/Mods/ARKParados/Dinos/Chronos/Theri/ChronosTherizino_Character_BP.ChronosTherizino_Character_BP
ChronosVelo,/Game/Mods/ARKParados/Dinos/Chronos/Velo/ChronosVelo_Character_BP.ChronosVelo_Character_BP
ChronosWyvern,/Game/Mods/ARKParados/Dinos/Chronos/Wyvern/ChronosWyvern_Character_BP.ChronosWyvern_Character_BP
ChronosYuty,/Game/Mods/ARKParados/Dinos/Chronos/Yuty/ChronosYuty_Character_BP.ChronosYuty_Character_BP
DreadnoughtAllo,/Game/Mods/ARKParados/Dinos/Dreadnought/Allo/DreadnoughtAllo_Character_BP.DreadnoughtAllo_Character_BP
DreadnoughtBary,/Game/Mods/ARKParados/Dinos/Dreadnought/Bary/DreadnoughtBaryonyx_Character_BP.DreadnoughtBaryonyx_Character_BP
DreadnoughtCarno,/Game/Mods/ARKParados/Dinos/Dreadnought/Carno/DreadnoughtCarno_Character_BP.DreadnoughtCarno_Character_BP
DreadnoughtDoed,/Game/Mods/ARKParados/Dinos/Dreadnought/Doed/DreadnoughtDoed_Character_BP.DreadnoughtDoed_Character_BP
DreadnoughtGacha,/Game/Mods/ARKParados/Dinos/Dreadnought/Gacha/DreadnoughtGacha_Character_BP.DreadnoughtGacha_Character_BP
DreadnoughtMammoth,/Game/Mods/ARKParados/Dinos/Dreadnought/Mammoth/DreadnoughtMammoth_Character_BP.DreadnoughtMammoth_Character_BP
DreadnoughtMegatherium,/Game/Mods/ARKParados/Dinos/Dreadnought/Megatheri/DreadnoughtMegatherium_Character_BP.DreadnoughtMegatherium_Character_BP
DreadnoughtPtera,/Game/Mods/ARKParados/Dinos/Dreadnought/Ptero/DreadnoughtPtero_Character_BP.DreadnoughtPtero_Character_BP
DreadnoughtRaptor,/Game/Mods/ARKParados/Dinos/Dreadnought/Raptor/DreadnoughtRaptor_Character_BP.DreadnoughtRaptor_Character_BP
DreadnoughtRex,/Game/Mods/ARKParados/Dinos/Dreadnought/Rex/DreadnoughtRex_Character_BP.DreadnoughtRex_Character_BP
DreadnoughtSaber,/Game/Mods/ARKParados/Dinos/Dreadnought/Saber/DreadnoughtSaber_Character_BP.DreadnoughtSaber_Character_BP
DreadnoughtTheri,/Game/Mods/ARKParados/Dinos/Dreadnought/Therii/DreadnoughtTheri_Character_BP.DreadnoughtTheri_Character_BP
DreadnoughtVelo,/Game/Mods/ARKParados/Dinos/Dreadnought/Velo/DreadnoughtSpindles_Character_BP.DreadnoughtSpindles_Character_BP
DreadnoughtWyvern,/Game/Mods/ARKParados/Dinos/Dreadnought/Wyvern/DreadnoughtWyvern_Character_BP.DreadnoughtWyvern_Character_BP
DreadnoughtYuty,/Game/Mods/ARKParados/Dinos/Dreadnought/Yuty/DreadnoughtYutyrannus_Character_BP.DreadnoughtYutyrannus_Character_BP
DreadnoughtGriffin,/Game/Mods/ARKParados/Dinos/Dreadnought/Griffin/DreadnoughtGriffin_Character_BP.DreadnoughtGriffin_Character_BP
AbandonedArgent,/Game/Mods/ARKParados/Dinos/Abandoned/argen/AbandonedArgent_Character_BP.AbandonedArgent_Character_BP
AbandonedDirebear,/Game/Mods/ARKParados/Dinos/Abandoned/Direbear/AbandonedDirebear_Character_BP.AbandonedDirebear_Character_BP
AbandonedBird,/Game/Mods/ARKParados/Dinos/Abandoned/argen/AbandonedArgent_Character_BP.AbandonedArgent_Character_BP
AbandonedWyvern,/Game/Mods/ARKParados/Dinos/Abandoned/Wyvern/Abd_Wyvern_Character_BP.Abd_Wyvern_Character_BP
AbandonedPachy,/Game/Mods/ARKParados/Dinos/Abandoned/Pachy/AbandonedPachy_Character_BP.AbandonedPachy_Character_BP
AbandonedPegasus,/Game/Mods/ARKParados/Dinos/Abandoned/Pegasus/AbandonedPegasus_Character_BP.AbandonedPegasus_Character_BP
AbandonedSarco,/Game/Mods/ARKParados/Dinos/Abandoned/Sarco/AbandonedSarco_Character_BP.AbandonedSarco_Character_BP
AbandonedPtera,/Game/Mods/ARKParados/Dinos/Abandoned/Ptero/Abandoned_Ptero_Character_BP.Abandoned_Ptero_Character_BP
AbandonedRaptor,/Game/Mods/ARKParados/Dinos/Abandoned/Raptor/AbandonedRaptor_Character_BP.AbandonedRaptor_Character_BP
AbandonedRex,/Game/Mods/ARKParados/Dinos/Abandoned/Rex/Abd_Rex_Character_BP.Abd_Rex_Character_BP
AbandonedTerrorBird,/Game/Mods/ARKParados/Dinos/Abandoned/Terrorbird/Abandoned_TerrorBird_Character_BP.Abandoned_TerrorBird_Character_BP
AbandonedVulture,/Game/Mods/ARKParados/Dinos/Abandoned/Vulture/AbandonedVulture_Character_BP.AbandonedVulture_Character_BP
RuthlessArgent,/Game/Mods/ARKParados/Dinos/Ruthless/Argen/RuthlessArgent_Character_BP.RuthlessArgent_Character_BP
RuthlessDirebear,/Game/Mods/ARKParados/Dinos/Ruthless/Direbear/RuthlessDirebear_Character_BP.RuthlessDirebear_Character_BP
