path,label,Availability Mask,Can Blueprint
/Game/Mods/1840936777/Dino/PrimalItemConsumable_MakeFood.PrimalItemConsumable_MakeFood,Prome makefood,511,TRUE
/Game/Mods/1840936777/Dino/PrimalItemConsumable_PromeDinoFood.PrimalItemConsumable_PromeDinoFood,Prome dino Food,511,TRUE
/Game/Mods/1840936777/Dino/Allo/Attribute/PrimalItem_Transform_FlameAllo.PrimalItem_Transform_FlameAllo,Prome Flame Allo transformer,511,TRUE
/Game/Mods/1840936777/Dino/Allo/Attribute/PrimalItem_Transform_PoisonAllo.PrimalItem_Transform_PoisonAllo,Prome poison Allo transformer,511,TRUE
/Game/Mods/1840936777/Dino/Allo/Saddle/PrimalItemArmor_Prome_AlloSaddle.PrimalItemArmor_Prome_AlloSaddle,Prome Allo sadle,511,TRUE
/Game/Mods/1840936777/Dino/Argentavis/Saddle/PrimalItemArmor_Prome_ArgentavisSaddle.PrimalItemArmor_Prome_ArgentavisSaddle,Prome Argent saddle,511,TRUE
/Game/Mods/1840936777/Dino/Argonians/Saddle/PrimalItemArmor_Prome_ArgoniansSaddle.PrimalItemArmor_Prome_ArgoniansSaddle,Prome argonians Saddle,511,TRUE
/Game/Mods/1840936777/Dino/Balrogs/Contract/PrimalItemConsumable_Prome_Balrogs_Contract.PrimalItemConsumable_Prome_Balrogs_Contract,Prome Balrog contract,511,TRUE
/Game/Mods/1840936777/Dino/Bigfoot/Saddle/PrimalItemArmor_Prome_BigfootSaddle.PrimalItemArmor_Prome_BigfootSaddle,Prome Bigfoot saddle,511,TRUE
/Game/Mods/1840936777/Dino/Bigfoot/Shogun/Cube/PrimalItemConsumable_Prome_Shogun_Cube.PrimalItemConsumable_Prome_Shogun_Cube,Prome Shogun cube,511,TRUE
/Game/Mods/1840936777/Dino/Bone/Bronto/Egg/PrimalItemConsumable_Egg_BoneBronto.PrimalItemConsumable_Egg_BoneBronto,Prome BoneBronto egg,511,TRUE
/Game/Mods/1840936777/Dino/Bone/Bronto/Egg/PrimalItemConsumable_Egg_BoneBronto_Fertilized.PrimalItemConsumable_Egg_BoneBronto_Fertilized,Prome fert BoneBronto egg,511,TRUE
/Game/Mods/1840936777/Dino/Bone/Carno/Egg/PrimalItemConsumable_Egg_BoneCarno.PrimalItemConsumable_Egg_BoneCarno,Prome BoneCarno egg,511,TRUE
/Game/Mods/1840936777/Dino/Bone/Carno/Egg/PrimalItemConsumable_Egg_BoneCarno_Fertilized.PrimalItemConsumable_Egg_BoneCarno_Fertilized,Prome fert BoneCarno egg,511,TRUE
/Game/Mods/1840936777/Dino/Bone/Gigant/Egg/PrimalItemConsumable_Egg_BoneGigant.PrimalItemConsumable_Egg_BoneGigant,Prome BoneGiant egg,511,TRUE
/Game/Mods/1840936777/Dino/Bone/Gigant/Egg/PrimalItemConsumable_Egg_BoneGigant_Fertilized.PrimalItemConsumable_Egg_BoneGigant_Fertilized,Prome fert BoneGiant egg,511,TRUE
/Game/Mods/1840936777/Dino/Bone/Quetz/Egg/PrimalItemConsumable_Egg_BoneQuetz.PrimalItemConsumable_Egg_BoneQuetz,Prome BoneQuetz egg,511,TRUE
/Game/Mods/1840936777/Dino/Bone/Quetz/Egg/PrimalItemConsumable_Egg_BoneQuetz_Fertilized.PrimalItemConsumable_Egg_BoneQuetz_Fertilized,Prome fert BoneQuetz egg,511,TRUE
/Game/Mods/1840936777/Dino/Bone/Raptor/Egg/PrimalItemConsumable_Egg_BoneRaptor.PrimalItemConsumable_Egg_BoneRaptor,Prome BoneRaptor egg,511,TRUE
/Game/Mods/1840936777/Dino/Bone/Raptor/Egg/PrimalItemConsumable_Egg_BoneRaptor_Fertilized.PrimalItemConsumable_Egg_BoneRaptor_Fertilized,Prome fert BoneRaptor egg,511,TRUE
/Game/Mods/1840936777/Dino/Bone/Rex/Egg/PrimalItemConsumable_Egg_BoneRex.PrimalItemConsumable_Egg_BoneRex,Prome BoneRex egg,511,TRUE
/Game/Mods/1840936777/Dino/Bone/Rex/Egg/PrimalItemConsumable_Egg_BoneRex_Fertilized.PrimalItemConsumable_Egg_BoneRex_Fertilized,Prome fert BoneRex egg,511,TRUE
/Game/Mods/1840936777/Dino/Bone/Stego/Egg/PrimalItemConsumable_Egg_BoneStego.PrimalItemConsumable_Egg_BoneStego,Prome BoneStego egg,511,TRUE
/Game/Mods/1840936777/Dino/Bone/Stego/Egg/PrimalItemConsumable_Egg_BoneStego_Fertilized.PrimalItemConsumable_Egg_BoneStego_Fertilized,Prome fert BoneStego egg,511,TRUE
/Game/Mods/1840936777/Dino/Bone/Trike/Egg/PrimalItemConsumable_Egg_BoneTrike.PrimalItemConsumable_Egg_BoneTrike,Prome BoneSpino Egg,511,TRUE
/Game/Mods/1840936777/Dino/Bone/Trike/Egg/PrimalItemConsumable_Egg_BoneTrike_Fertilized.PrimalItemConsumable_Egg_BoneTrike_Fertilized,Prome BoneTrike Egg,511,TRUE
/Game/Mods/1840936777/Dino/Boss/Ankylo/Spoils/PrimalItemResource_ThornDevil_Heart.PrimalItemResource_ThornDevil_Heart,Prome ThornDevil heart,511,TRUE
/Game/Mods/1840936777/Dino/Boss/BreakingBoundaries/DesertLord/Essences/PrimalItemResource_DesertLord_Essences.PrimalItemResource_DesertLord_Essences,Prome DesertLord essence,511,TRUE
/Game/Mods/1840936777/Dino/Boss/BreakingBoundaries/GrasslandLord/Essences/PrimalItemResource_GrasslandLord_Essences.PrimalItemResource_GrasslandLord_Essences,Prome GrassLord essence,511,TRUE
/Game/Mods/1840936777/Dino/Boss/BreakingBoundaries/InfernalLord/Essences/PrimalItemResource_InfernalLord_Essences.PrimalItemResource_InfernalLord_Essences,Prome InfernalLord essence,511,TRUE
/Game/Mods/1840936777/Dino/Boss/BreakingBoundaries/MountainRangeLord/Essences/PrimalItemResource_MountainRangeLord_Essences.PrimalItemResource_MountainRangeLord_Essences,Prome MountainLord Essence,511,TRUE
/Game/Mods/1840936777/Dino/Boss/BreakingBoundaries/OceanLord/Essences/PrimalItemResource_OceanLord_Essences.PrimalItemResource_OceanLord_Essences,Prome OceanLord essence,511,TRUE
/Game/Mods/1840936777/Dino/Boss/BreakingBoundaries/SkyLord/Essences/PrimalItemResource_SkyLord_Essences.PrimalItemResource_SkyLord_Essences,Prome Skylord essnece,511,TRUE
/Game/Mods/1840936777/Dino/Boss/Dragon/Spoils/PrimalItemResource_Osiris_Heart.PrimalItemResource_Osiris_Heart,Prome Osiris heart,511,TRUE
/Game/Mods/1840936777/Dino/Boss/Druid/Spoils/PrimalItemResource_Druid_Heart.PrimalItemResource_Druid_Heart,Prome Druid heart,511,TRUE
/Game/Mods/1840936777/Dino/Boss/Fenrisulfr/Spoils/PrimalItemResource_Fenrisulfr_Heart.PrimalItemResource_Fenrisulfr_Heart,Prome Fenrisulr heart,511,TRUE
/Game/Mods/1840936777/Dino/Boss/Ganesh/Spoils/PrimalItemResource_Ganesh_Heart.PrimalItemResource_Ganesh_Heart,Prome Ganesh heart,511,TRUE
/Game/Mods/1840936777/Dino/Boss/GhostBoss/Soul/PrimalItemResource_SoulOrb.PrimalItemResource_SoulOrb,Prome SoulOrb,511,TRUE
/Game/Mods/1840936777/Dino/Boss/GodBeast/Wasted/PrimalItemConsumable_Prome_Wasted_Cube.PrimalItemConsumable_Prome_Wasted_Cube,Prome Wasted Cube,511,TRUE
/Game/Mods/1840936777/Dino/Boss/Gorilla/Spoils/PrimalItemResource_Asura_Heart.PrimalItemResource_Asura_Heart,Prome Asura heart,511,TRUE
/Game/Mods/1840936777/Dino/Boss/Harpy/Spoils/PrimalItemResource_Harpy_Heart.PrimalItemResource_Harpy_Heart,Prome Harpy heart,511,TRUE
/Game/Mods/1840936777/Dino/Boss/Kamaitachi/Cube/PrimalItemConsumable_Prome_Kamaitachi_Cube.PrimalItemConsumable_Prome_Kamaitachi_Cube,Prome Kamaitachi cube,511,TRUE
/Game/Mods/1840936777/Dino/Boss/Kamaitachi/Spoils/PrimalItemResource_Kamaitachi_Heart.PrimalItemResource_Kamaitachi_Heart,Prome Kamaitachi heart,511,TRUE
/Game/Mods/1840936777/Dino/Boss/Yutyrannus/Cube/PrimalItemConsumable_Prome_Yutyrannus_Cube.PrimalItemConsumable_Prome_Yutyrannus_Cube,Prome Yuty cube,511,TRUE
/Game/Mods/1840936777/Dino/Boss/Yutyrannus/Other/PrimalItemResource_Yuty_Claw.PrimalItemResource_Yuty_Claw,Prome Yuty claw,511,TRUE
/Game/Mods/1840936777/Dino/Boss/Yutyrannus/Other/PrimalItemResource_Yuty_Heart.PrimalItemResource_Yuty_Heart,Prome Yuty heart,511,TRUE
/Game/Mods/1840936777/Dino/Boss/Yutyrannus/Other/PrimalItemResource_Yuty_Hide.PrimalItemResource_Yuty_Hide,Prome Yuty hide,511,TRUE
/Game/Mods/1840936777/Dino/Boss/Yutyrannus/Other/PrimalItemResource_Yuty_Visceral.PrimalItemResource_Yuty_Visceral,Prome Yuty Visceral,511,TRUE
/Game/Mods/1840936777/Dino/Boss/Yutyrannus/Saddle/PrimalItemArmor_Prome_YutySaddle.PrimalItemArmor_Prome_YutySaddle,Prome YutySaddle,511,TRUE
/Game/Mods/1840936777/Dino/Bronto/Saddle/PrimalItemArmor_Prome_BrontoSaddle.PrimalItemArmor_Prome_BrontoSaddle,Prome BrontoSaddle,511,TRUE
/Game/Mods/1840936777/Dino/Bronto/Saddle/PrimalItemArmor_Prome_BrontoSaddle_Platform.PrimalItemArmor_Prome_BrontoSaddle_Platform,Prome BrontoSaddle platform,511,TRUE
/Game/Mods/1840936777/Dino/Broodmother/Attribute/PrimalItem_Transform_FlameBroodmother.PrimalItem_Transform_FlameBroodmother,Prome Flame Broodmother transformer,511,TRUE
/Game/Mods/1840936777/Dino/Broodmother/Attribute/PrimalItem_Transform_PoisonBroodmother.PrimalItem_Transform_PoisonBroodmother,Prome Poison Broodmother transformer,511,TRUE
/Game/Mods/1840936777/Dino/Broodmother/Attribute/PrimalItem_Transform_SpeedBroodmother.PrimalItem_Transform_SpeedBroodmother,Prome Speed Broodmother transformer,511,TRUE
/Game/Mods/1840936777/Dino/Broodmother/BreakingBoundaries/PrimalItem_BreakingBoundaries_ShadowSpider.PrimalItem_BreakingBoundaries_ShadowSpider,Prome ShadowSpider Breaking boudries,511,TRUE
/Game/Mods/1840936777/Dino/Broodmother/Saddle/PrimalItemArmor_Prome_BroodmotherSaddle.PrimalItemArmor_Prome_BroodmotherSaddle,Prome Broodmother Saddle,511,TRUE
/Game/Mods/1840936777/Dino/Broodmother/ShadowSpider/Cube/PrimalItemConsumable_Prome_ShadowSpider_Cube.PrimalItemConsumable_Prome_ShadowSpider_Cube,Prome ShadowSpider cube,511,TRUE
/Game/Mods/1840936777/Dino/Broodmother/ShadowSpider/Cube/PrimalItemConsumable_Prome_ShadowSpider_Cube_S.PrimalItemConsumable_Prome_ShadowSpider_Cube_S,Prome ShadowSpider cube S,511,TRUE
/Game/Mods/1840936777/Dino/Broodmother/ShadowSpider/Saddle/PrimalItemArmor_Prome_ShadowSpiderSaddle.PrimalItemArmor_Prome_ShadowSpiderSaddle,Prome ShadowSpider saddle,511,TRUE
/Game/Mods/1840936777/Dino/Carno/Saddle/PrimalItemArmor_Prome_CarnoSaddle.PrimalItemArmor_Prome_CarnoSaddle,Prome CarnoSaddle,511,TRUE
/Game/Mods/1840936777/Dino/Direwolf/Attribute/PrimalItem_Transform_FlameDirewolf.PrimalItem_Transform_FlameDirewolf,Prome FlameDirewolf Transformer,511,TRUE
/Game/Mods/1840936777/Dino/Direwolf/Attribute/PrimalItem_Transform_FlightDirewolf.PrimalItem_Transform_FlightDirewolf,Prome Flight Direwolf Transformer,511,TRUE
/Game/Mods/1840936777/Dino/Direwolf/Attribute/PrimalItem_Transform_PowerDirewolf.PrimalItem_Transform_PowerDirewolf,Prome Power Direwolf Transformer,511,TRUE
/Game/Mods/1840936777/Dino/Direwolf/Saddle/PrimalItemArmor_Prome_DirewolfSaddle.PrimalItemArmor_Prome_DirewolfSaddle,Prome Direwolf saddle,511,TRUE
/Game/Mods/1840936777/Dino/Dodo/Attribute/PrimalItem_Transform_FlameDodo.PrimalItem_Transform_FlameDodo,Prome Flame Dodo Transformer,511,TRUE
/Game/Mods/1840936777/Dino/Dodo/Attribute/PrimalItem_Transform_PowerDodo.PrimalItem_Transform_PowerDodo,Prome Power Dodo Transformer,511,TRUE
/Game/Mods/1840936777/Dino/Dodo/Saddle/PrimalItemArmor_Prome_DodoSaddle.PrimalItemArmor_Prome_DodoSaddle,Prome Dodo saddle,511,TRUE
/Game/Mods/1840936777/Dino/DodoRex/Attribute/PrimalItem_Transform_FlameDodoRex.PrimalItem_Transform_FlameDodoRex,Prome FlameDodorex Transformer,511,TRUE
/Game/Mods/1840936777/Dino/DodoRex/Attribute/PrimalItem_Transform_LightningDodoRex.PrimalItem_Transform_LightningDodoRex,Prome LightningDodorex Transformer,511,TRUE
/Game/Mods/1840936777/Dino/DodoRex/Attribute/PrimalItem_Transform_PowerDodoRex.PrimalItem_Transform_PowerDodoRex,Prome PowerDodorex Transformer,511,TRUE
/Game/Mods/1840936777/Dino/DodoRex/Lris/BreakingBoundaries/PrimalItem_BreakingBoundaries_Lris.PrimalItem_BreakingBoundaries_Lris,Prome Dodorex BreakingBoundaries,511,TRUE
/Game/Mods/1840936777/Dino/DodoRex/Lris/Cube/PrimalItemConsumable_Prome_Lris_Cube.PrimalItemConsumable_Prome_Lris_Cube,Prome Lris cube,511,TRUE
/Game/Mods/1840936777/Dino/DodoRex/Lris/Saddle/PrimalItemArmor_Prome_LrisSaddle.PrimalItemArmor_Prome_LrisSaddle,Prome Lris saddle,511,TRUE
/Game/Mods/1840936777/Dino/DodoRex/Saddle/PrimalItemArmor_Prome_DodoRexSaddle.PrimalItemArmor_Prome_DodoRexSaddle,Prome Dodorex saddle,511,TRUE
/Game/Mods/1840936777/Dino/DodoWyvern/Attribute/PrimalItem_Transform_PowerDodoWyvern.PrimalItem_Transform_PowerDodoWyvern,Prome Power Dodowyvern Transformer,511,TRUE
/Game/Mods/1840936777/Dino/DodoWyvern/Attribute/PrimalItem_Transform_SpeedDodoWyvern.PrimalItem_Transform_SpeedDodoWyvern,Prome Speed Dodowyvern Transformer,511,TRUE
/Game/Mods/1840936777/Dino/DodoWyvern/Saddle/PrimalItemArmor_Prome_DodoWyvernSaddle.PrimalItemArmor_Prome_DodoWyvernSaddle,Prome Dodowyvern saddle,511,TRUE
/Game/Mods/1840936777/Dino/Dragon/Attribute/PrimalItem_Transform_FlameDragon.PrimalItem_Transform_FlameDragon,Prome Flame Dragon Transformer,511,TRUE
/Game/Mods/1840936777/Dino/Dragon/Attribute/PrimalItem_Transform_LightningDragon.PrimalItem_Transform_LightningDragon,Prome Lightning Dragon Transformer,511,TRUE
/Game/Mods/1840936777/Dino/Dragon/Attribute/PrimalItem_Transform_PoisonDragon.PrimalItem_Transform_PoisonDragon,Prome Poison Dragon Transformer,511,TRUE
/Game/Mods/1840936777/Dino/Dragon/Attribute/PrimalItem_Transform_PowerDragon.PrimalItem_Transform_PowerDragon,Prome Power Dragon Transformer,511,TRUE
/Game/Mods/1840936777/Dino/Dragon/Nidhogg/Cube/PrimalItemConsumable_Prome_Nidhogg_Cube.PrimalItemConsumable_Prome_Nidhogg_Cube,Prome NidHogg cube,511,TRUE
/Game/Mods/1840936777/Dino/Dragon/Saddle/PrimalItemArmor_Prome_DragonSaddle.PrimalItemArmor_Prome_DragonSaddle,Prome Dragon saddle,511,TRUE
/Game/Mods/1840936777/Dino/Drone/PrimalItemConsumable_Prome_Drone_DrawingPaper.PrimalItemConsumable_Prome_Drone_DrawingPaper,Prome Drawing paper,511,TRUE
/Game/Mods/1840936777/Dino/Eqqus/Attribute/PrimalItem_Transform_FlightEqqus.PrimalItem_Transform_FlightEqqus,Prome Flight Eqqus Transformer,511,TRUE
/Game/Mods/1840936777/Dino/Eqqus/Attribute/PrimalItem_Transform_LightningEqqus.PrimalItem_Transform_LightningEqqus,Prome Lightning Eqqus Transformer,511,TRUE
/Game/Mods/1840936777/Dino/Eqqus/Attribute/PrimalItem_Transform_PowerEqqus.PrimalItem_Transform_PowerEqqus,Prome Power Eqqus Transformer,511,TRUE
/Game/Mods/1840936777/Dino/Eqqus/Saddle/PrimalItemArmor_PromeEquusSaddle.PrimalItemArmor_PromeEquusSaddle,Prome Eqqus saddle,511,TRUE
/Game/Mods/1840936777/Dino/FairyDragon/Saddle/PrimalItemArmor_Prome_FairyDragonSaddle.PrimalItemArmor_Prome_FairyDragonSaddle,Prome Fairydragon saddle,511,TRUE
/Game/Mods/1840936777/Dino/Gigant/Attribute/PrimalItem_Transform_LightningGigant.PrimalItem_Transform_LightningGigant,Prome Lightning Gigant Transformer,511,TRUE
/Game/Mods/1840936777/Dino/Gigant/Attribute/PrimalItem_Transform_PowerGigant.PrimalItem_Transform_PowerGigant,Prome Power Gigant Transformer,511,TRUE
/Game/Mods/1840936777/Dino/Gigant/Attribute/PrimalItem_Transform_SpeedGigant.PrimalItem_Transform_SpeedGigant,Prome Speed Gigant Transformer,511,TRUE
/Game/Mods/1840936777/Dino/Gigant/Saddle/PrimalItemArmor_Prome_GigantSaddle.PrimalItemArmor_Prome_GigantSaddle,Prome Gigant saddle,511,TRUE
/Game/Mods/1840936777/Dino/Gorilla/Attribute/PrimalItem_Transform_FlameGorilla.PrimalItem_Transform_FlameGorilla,Prome Flame Gorilla Transformer,511,TRUE
/Game/Mods/1840936777/Dino/Gorilla/Attribute/PrimalItem_Transform_LightningGorilla.PrimalItem_Transform_LightningGorilla,Prome Lightning Gorilla Transformer,511,TRUE
/Game/Mods/1840936777/Dino/Gorilla/Attribute/PrimalItem_Transform_PowerGorilla.PrimalItem_Transform_PowerGorilla,Prome Power Gorilla Transformer,511,TRUE
/Game/Mods/1840936777/Dino/Gorilla/Behemoth/Cube/PrimalItemConsumable_Prome_Behemoth_Cube.PrimalItemConsumable_Prome_Behemoth_Cube,Prome Dorilla BrimalBtem,511,TRUE
/Game/Mods/1840936777/Dino/Gorilla/BreakingBoundaries/Cube/PrimalItemConsumable_Prome_Behemoth_BreakingBoundaries_Cube.PrimalItemConsumable_Prome_Behemoth_BreakingBoundaries_Cube,Prome BreakingBoundaries cube,511,TRUE
/Game/Mods/1840936777/Dino/Gorilla/Saddle/PrimalItemArmor_Prome_GorillaSaddle.PrimalItemArmor_Prome_GorillaSaddle,Prome Gorilla saddle,511,TRUE
/Game/Mods/1840936777/Dino/Griffin/Attribute/PrimalItem_Transform_FlameGriffin.PrimalItem_Transform_FlameGriffin,Prome Flame Griffin Transformer,511,TRUE
/Game/Mods/1840936777/Dino/Griffin/Attribute/PrimalItem_Transform_LightningGriffin.PrimalItem_Transform_LightningGriffin,Prome Lightning Griffin Transformer,511,TRUE
/Game/Mods/1840936777/Dino/Griffin/Attribute/PrimalItem_Transform_PowerGriffin.PrimalItem_Transform_PowerGriffin,Prome Power Griffin Transformer,511,TRUE
/Game/Mods/1840936777/Dino/Griffin/Saddle/PrimalItemArmor_Prome_GriffinSaddle.PrimalItemArmor_Prome_GriffinSaddle,Prome Griffin saddle,511,TRUE
/Game/Mods/1840936777/Dino/Indom/Cube/PrimalItemConsumable_Prome_AdminIndom_Cube.PrimalItemConsumable_Prome_AdminIndom_Cube,Prome Indom cube,511,TRUE
/Game/Mods/1840936777/Dino/Indom/DNA/PrimalItemResource_Prome_IndomDNA.PrimalItemResource_Prome_IndomDNA,Prome Indom dna,511,TRUE
/Game/Mods/1840936777/Dino/Indom/Egg/PrimalItemConsumable_Egg_Indom.PrimalItemConsumable_Egg_Indom,Prome Indom egg,511,TRUE
/Game/Mods/1840936777/Dino/Indom/Egg/PrimalItemConsumable_Egg_Indom_Fertilized.PrimalItemConsumable_Egg_Indom_Fertilized,Prome Fert Indom egg,511,TRUE
/Game/Mods/1840936777/Dino/Indom/Saddle/PrimalItemArmor_Prome_IndomSaddle.PrimalItemArmor_Prome_IndomSaddle,Prome Indom saddle,511,TRUE
/Game/Mods/1840936777/Dino/LanternPug/Evolution/PrimalItem_Transform_EvolutionRioeroar.PrimalItem_Transform_EvolutionRioeroar,Prome Evolution Rioeroar transformer,511,TRUE
/Game/Mods/1840936777/Dino/LanternPug/Evolution/Saddle/PrimalItemArmor_Prome_RiceroarSaddle.PrimalItemArmor_Prome_RiceroarSaddle,Prome Rioeroar saddle,511,TRUE
/Game/Mods/1840936777/Dino/LichKing/Contract/PrimalItemConsumable_Prome_LichKing_Contract.PrimalItemConsumable_Prome_LichKing_Contract,Prome Lichking contract,511,TRUE
/Game/Mods/1840936777/Dino/Mammoth/Attribute/PrimalItem_Transform_FlameMammoth.PrimalItem_Transform_FlameMammoth,Prome Flame Mammoth Transformer,511,TRUE
/Game/Mods/1840936777/Dino/Mammoth/Attribute/PrimalItem_Transform_LightningMammoth.PrimalItem_Transform_LightningMammoth,Prome Lightning Mammoth Transformer,511,TRUE
/Game/Mods/1840936777/Dino/Mammoth/Attribute/PrimalItem_Transform_PowerMammoth.PrimalItem_Transform_PowerMammoth,Prome Power Mammoth Transformer,511,TRUE
/Game/Mods/1840936777/Dino/Mammoth/Saddle/PrimalItemArmor_Prome_MammothSaddle.PrimalItemArmor_Prome_MammothSaddle,Prome Mammoth saddle,511,TRUE
/Game/Mods/1840936777/Dino/Mosasaurus/Attribute/PrimalItem_Transform_FlameMosasaurus.PrimalItem_Transform_FlameMosasaurus,Prome Flame Mosasaurus Transformer,511,TRUE
/Game/Mods/1840936777/Dino/Mosasaurus/Attribute/PrimalItem_Transform_GuardMosasaurus.PrimalItem_Transform_GuardMosasaurus,Prome Guard Mosasaurus Transformer,511,TRUE
/Game/Mods/1840936777/Dino/Mosasaurus/Attribute/PrimalItem_Transform_LightningMosasaurus.PrimalItem_Transform_LightningMosasaurus,Prome Lightning Mosasaurus Transformer,511,TRUE
/Game/Mods/1840936777/Dino/Mosasaurus/Attribute/PrimalItem_Transform_PowerMosasaurus.PrimalItem_Transform_PowerMosasaurus,Prome Power Mosasaurus Transformer,511,TRUE
/Game/Mods/1840936777/Dino/Mosasaurus/Saddle/PrimalItemArmor_Prome_MosaSaddle.PrimalItemArmor_Prome_MosaSaddle,Prome Mosasaurus saddle,511,TRUE
/Game/Mods/1840936777/Dino/Mosasaurus/Saddle/PrimalItemArmor_Prome_MosaSaddle_Platform.PrimalItemArmor_Prome_MosaSaddle_Platform,Prome Mosasaurus saddle platform,511,TRUE
/Game/Mods/1840936777/Dino/NPC/Chief/PrimalItemSkin_Prome_HumanChiefHelmet.PrimalItemSkin_Prome_HumanChiefHelmet,Prome NPC chief helmet,511,TRUE
/Game/Mods/1840936777/Dino/NPC/Grenadier/Food/PrimalItemConsumable_PromeGrenadierFood.PrimalItemConsumable_PromeGrenadierFood,Prome Grenadier food,511,TRUE
/Game/Mods/1840936777/Dino/NPC/Magician/Food/PrimalItemConsumable_PromeMagicianFood.PrimalItemConsumable_PromeMagicianFood,Prome Magician Food,511,TRUE
/Game/Mods/1840936777/Dino/NPC/Shooter/Food/PrimalItemConsumable_PromeShooterFood.PrimalItemConsumable_PromeShooterFood,Prome Shooter Food,511,TRUE
/Game/Mods/1840936777/Dino/NPC/Summoners/Food/PrimalItemConsumable_PromeSummonersFood.PrimalItemConsumable_PromeSummonersFood,Prome Summoner food,511,TRUE
/Game/Mods/1840936777/Dino/NPC/Torchbearer/Food/PrimalItemConsumable_PromeTorchbearerFood.PrimalItemConsumable_PromeTorchbearerFood,Prome Torchbearer food,511,TRUE
/Game/Mods/1840936777/Dino/Otter/Saddle/PrimalItemArmor_Prome_Otter_WarriorSaddle.PrimalItemArmor_Prome_Otter_WarriorSaddle,Prome Otter saddle,511,TRUE
/Game/Mods/1840936777/Dino/Para/Attribute/PrimalItem_Transform_FlamePara.PrimalItem_Transform_FlamePara,Prome Flame Para Transformer,511,TRUE
/Game/Mods/1840936777/Dino/Para/Attribute/PrimalItem_Transform_PowerPara.PrimalItem_Transform_PowerPara,Prome Power Para Transformer,511,TRUE
/Game/Mods/1840936777/Dino/Para/Saddle/PrimalItemArmor_ParaSaddle_Launch.PrimalItemArmor_ParaSaddle_Launch,Prome Para saddle Launch,511,TRUE
/Game/Mods/1840936777/Dino/Para/Saddle/PrimalItemArmor_Prome_ParaSaddle.PrimalItemArmor_Prome_ParaSaddle,Prome Para saddle,511,TRUE
/Game/Mods/1840936777/Dino/Phoenix/PrimalItemConsumable_Prome_Phoenix_DrawingPaper.PrimalItemConsumable_Prome_Phoenix_DrawingPaper,Prome Phoenix drawingPaper,511,TRUE
/Game/Mods/1840936777/Dino/Phoenix/Saddle/PrimalItemArmor_Prome_PhoenixSaddle.PrimalItemArmor_Prome_PhoenixSaddle,Prome Phoenix saddle,511,TRUE
/Game/Mods/1840936777/Dino/Ptero/Attribute/PrimalItem_Transform_FlamePtero.PrimalItem_Transform_FlamePtero,Prome Flame Ptero Transformer,511,TRUE
/Game/Mods/1840936777/Dino/Ptero/Attribute/PrimalItem_Transform_PoisonPtero.PrimalItem_Transform_PoisonPtero,Prome Poison Ptero Transformer,511,TRUE
/Game/Mods/1840936777/Dino/Ptero/Saddle/PrimalItemArmor_Prome_PteroSaddle.PrimalItemArmor_Prome_PteroSaddle,Prome Ptero saddle,511,TRUE
/Game/Mods/1840936777/Dino/Quetz/Attribute/PrimalItem_Transform_LightningQuetz.PrimalItem_Transform_LightningQuetz,Prome Lightning Quetz Transformer,511,TRUE
/Game/Mods/1840936777/Dino/Quetz/Attribute/PrimalItem_Transform_PowerQuetz.PrimalItem_Transform_PowerQuetz,Prome Power Quetz Transformer,511,TRUE
/Game/Mods/1840936777/Dino/Quetz/Saddle/PrimalItemArmor_Prome_QuetzSaddle.PrimalItemArmor_Prome_QuetzSaddle,Prome Quetz saddle,511,TRUE
/Game/Mods/1840936777/Dino/Quetz/Saddle/PrimalItemArmor_Prome_QuetzSaddle_Platform.PrimalItemArmor_Prome_QuetzSaddle_Platform,Prome Quetz saddle Platform,511,TRUE
/Game/Mods/1840936777/Dino/Raptor/Saddle/PrimalItemArmor_PromeRaptorSaddle.PrimalItemArmor_PromeRaptorSaddle,Prome Raptor saddle,511,TRUE
/Game/Mods/1840936777/Dino/Rex/Saddle/PrimalItemArmor_Prome_AdvanceRexSaddle.PrimalItemArmor_Prome_AdvanceRexSaddle,Prome Rex saddle,511,TRUE
/Game/Mods/1840936777/Dino/Rex/Saddle/PrimalItemArmor_Prome_RexSaddle.PrimalItemArmor_Prome_RexSaddle,Prome Rex saddle Advanced,511,TRUE
/Game/Mods/1840936777/Dino/Rhino/Attribute/PrimalItem_Transform_FlameRhino.PrimalItem_Transform_FlameRhino,Prome Flame Rhino Transformer,511,TRUE
/Game/Mods/1840936777/Dino/Rhino/Attribute/PrimalItem_Transform_LightningRhino.PrimalItem_Transform_LightningRhino,Prome Lightning Rhino Transformer,511,TRUE
/Game/Mods/1840936777/Dino/Rhino/Attribute/PrimalItem_Transform_PowerRhino.PrimalItem_Transform_PowerRhino,Prome Power Rhino Transformer,511,TRUE
/Game/Mods/1840936777/Dino/Rhino/Saddle/PrimalItemArmor_Prome_RhinoSaddle.PrimalItemArmor_Prome_RhinoSaddle,Prome Rhino saddle,511,TRUE
/Game/Mods/1840936777/Dino/RockDrake/Egg/PrimalItemConsumable_Egg_PromeRockDrake.PrimalItemConsumable_Egg_PromeRockDrake,Prome Rockdrake egg,511,TRUE
/Game/Mods/1840936777/Dino/RockDrake/Egg/PrimalItemConsumable_Egg_PromeRockDrake_Fertilized.PrimalItemConsumable_Egg_PromeRockDrake_Fertilized,Prome Fert Rockdrake egg,511,TRUE
/Game/Mods/1840936777/Dino/RockDrake/Saddle/PrimalItemArmor_Prome_RockDrakeSaddle.PrimalItemArmor_Prome_RockDrakeSaddle,Prome Rockdrake saddle,511,TRUE
/Game/Mods/1840936777/Dino/RockDrake/Saddle/PrimalItemArmor_Prome_RockDrakeSaddle_Tek.PrimalItemArmor_Prome_RockDrakeSaddle_Tek,Prome Rockdrake saddle tek,511,TRUE
/Game/Mods/1840936777/Dino/RockGolem/Attribute/PrimalItem_Transform_GuardRockGolem.PrimalItem_Transform_GuardRockGolem,Prome GuardRockgolem Transformer,511,TRUE
/Game/Mods/1840936777/Dino/RockGolem/Attribute/PrimalItem_Transform_PowerRockGolem.PrimalItem_Transform_PowerRockGolem,Prome PowerRockgolem Transformer,511,TRUE
/Game/Mods/1840936777/Dino/RockGolem/Attribute/PrimalItem_Transform_SpeedRockGolem.PrimalItem_Transform_SpeedRockGolem,Prome SpeedRockgolem Transformer,511,TRUE
/Game/Mods/1840936777/Dino/RockGolem/DNA/PrimalItemResource_Prome_RockGolemDNA.PrimalItemResource_Prome_RockGolemDNA,Prome RockGolem dna,511,TRUE
/Game/Mods/1840936777/Dino/RockGolem/Saddle/PrimalItemArmor_Prome_RockGolemSaddle.PrimalItemArmor_Prome_RockGolemSaddle,Prome RockGolem saddle,511,TRUE
/Game/Mods/1840936777/Dino/Scorpion/Attribute/PrimalItem_Transform_FlameScorpion.PrimalItem_Transform_FlameScorpion,Prome Flame Scorpion Transformer,511,TRUE
/Game/Mods/1840936777/Dino/Scorpion/Attribute/PrimalItem_Transform_LightningScorpion.PrimalItem_Transform_LightningScorpion,Prome Lightning Scorpion Transformer,511,TRUE
/Game/Mods/1840936777/Dino/Scorpion/Saddle/PrimalItemArmor_Prome_ScorpionSaddle.PrimalItemArmor_Prome_ScorpionSaddle,Prome Scorpion saddle,511,TRUE
/Game/Mods/1840936777/Dino/Sheep/Spoils/Cube/PrimalItemConsumable_Prome_Behemoth_AngelCube_Lv2.PrimalItemConsumable_Prome_Behemoth_AngelCube_Lv2,Prome Behemoth AngelCube Lv2,511,TRUE
/Game/Mods/1840936777/Dino/Sheep/Spoils/Cube/PrimalItemConsumable_Prome_Kamaitachi_ArgentCube_Lv2.PrimalItemConsumable_Prome_Kamaitachi_ArgentCube_Lv2,Prome Kamaitachi ArgentCube Lv2,511,TRUE
/Game/Mods/1840936777/Dino/Sheep/Spoils/Cube/PrimalItemConsumable_Prome_Nidhogg_AngelCube_Lv2.PrimalItemConsumable_Prome_Nidhogg_AngelCube_Lv2,Prome Nidhogg AngelCube Lv2,511,TRUE
/Game/Mods/1840936777/Dino/Sheep/Spoils/Cube/PrimalItemConsumable_Prome_Sheep_AngelCube.PrimalItemConsumable_Prome_Sheep_AngelCube,Prome Sheep AngleCube,511,TRUE
/Game/Mods/1840936777/Dino/Sheep/Spoils/Cube/PrimalItemConsumable_Prome_Shogun_AngelCube_Lv2.PrimalItemConsumable_Prome_Shogun_AngelCube_Lv2,Prome Shogun AngelCube Lv2,511,TRUE
/Game/Mods/1840936777/Dino/Sheep/Spoils/Cube/PrimalItemConsumable_Prome_Yutyrannus_AngelCube_Lv2.PrimalItemConsumable_Prome_Yutyrannus_AngelCube_Lv2,Prome Yutyrannus AngelCube Lv2,511,TRUE
/Game/Mods/1840936777/Dino/StarDragonKing/Contract/PrimalItemConsumable_Prome_StarDragonKing_Contract.PrimalItemConsumable_Prome_StarDragonKing_Contract,Prome DragonKing Contract,511,TRUE
/Game/Mods/1840936777/Dino/Stego/Attribute/PrimalItem_Transform_FlameStego.PrimalItem_Transform_FlameStego,Prome Flame Stego Transformer,511,TRUE
/Game/Mods/1840936777/Dino/Stego/Attribute/PrimalItem_Transform_LightningStego.PrimalItem_Transform_LightningStego,Prome Lightning Stego Transformer,511,TRUE
/Game/Mods/1840936777/Dino/Stego/Saddle/PrimalItemArmor_Prome_StegoSaddle.PrimalItemArmor_Prome_StegoSaddle,Prome Stego saddle,511,TRUE
/Game/Mods/1840936777/Dino/Tank/PrimalItemConsumable_Prome_Tank_DrawingPaper.PrimalItemConsumable_Prome_Tank_DrawingPaper,Prome Tank DrawingPaper,511,TRUE
/Game/Mods/1840936777/Dino/Therizinosaurus/Attribute/PrimalItem_Transform_FlameTherizino.PrimalItem_Transform_FlameTherizino,Prome Flame Therizinosaurus Transformer,511,TRUE
/Game/Mods/1840936777/Dino/Therizinosaurus/Attribute/PrimalItem_Transform_LightningTherizino.PrimalItem_Transform_LightningTherizino,Prome Lightning Therizinosaurus Transformer,511,TRUE
/Game/Mods/1840936777/Dino/Therizinosaurus/Saddle/PrimalItemArmor_Prome_TherizinoSaddle.PrimalItemArmor_Prome_TherizinoSaddle,Prome Therizinosaurus saddle,511,TRUE
/Game/Mods/1840936777/Dino/Trike/Attribute/PrimalItem_Transform_GuardTrike.PrimalItem_Transform_GuardTrike,Prome Guard Trike Transformer,511,TRUE
/Game/Mods/1840936777/Dino/Trike/Attribute/PrimalItem_Transform_LightningTrike.PrimalItem_Transform_LightningTrike,Prome Lightning Trike Transformer,511,TRUE
/Game/Mods/1840936777/Dino/Trike/Attribute/PrimalItem_Transform_PowerTrike.PrimalItem_Transform_PowerTrike,Prome Power Trike Transformer,511,TRUE
/Game/Mods/1840936777/Dino/Trike/Saddle/PrimalItemArmor_Prome_TrikeSaddle.PrimalItemArmor_Prome_TrikeSaddle,Prome Trike saddle,511,TRUE
/Game/Mods/1840936777/Dino/Turtle/Attribute/PrimalItem_Transform_GuardTurtle.PrimalItem_Transform_GuardTurtle,Prome Guard Turtle Transformer,511,TRUE
/Game/Mods/1840936777/Dino/Turtle/Attribute/PrimalItem_Transform_LightningTurtle.PrimalItem_Transform_LightningTurtle,Prome Lightning Turtle Transformer,511,TRUE
/Game/Mods/1840936777/Dino/Turtle/Attribute/PrimalItem_Transform_PowerTurtle.PrimalItem_Transform_PowerTurtle,Prome Power Turtle Transformer,511,TRUE
/Game/Mods/1840936777/Dino/Turtle/Saddle/PrimalItemArmor_Prome_TurtleSaddle.PrimalItemArmor_Prome_TurtleSaddle,Prome Turtle saddle,511,TRUE
/Game/Mods/1840936777/Dino/Wyvern/Egg/PrimalItemConsumable_Egg_Prome_Wyvern_Fertilized_Fire.PrimalItemConsumable_Egg_Prome_Wyvern_Fertilized_Fire,Prome Fert FireWyvern egg,511,TRUE
/Game/Mods/1840936777/Items/ARKFactory/PrimalItemConsumable_MulticraftItem_ARKFactory.PrimalItemConsumable_MulticraftItem_ARKFactory,Prome Multycraftitem ARKFactory,511,TRUE
/Game/Mods/1840936777/Items/ARKFactory/PrimalItemStructure_ARKFactory.PrimalItemStructure_ARKFactory,Prome ARKFactory,511,TRUE
/Game/Mods/1840936777/Items/ARKFactory/Element/PrimalItemConsumable_MulticraftItem_ElementFactory.PrimalItemConsumable_MulticraftItem_ElementFactory,Prome MultyCraftItem ARKFactory element,511,TRUE
/Game/Mods/1840936777/Items/ARKFactory/Element/PrimalItemStructure_ElementFactory.PrimalItemStructure_ElementFactory,Prome ArkFactry element,511,TRUE
/Game/Mods/1840936777/Items/ARKFactory/ElementShard/PrimalItemConsumable_MulticraftItem_ElementShardFactory.PrimalItemConsumable_MulticraftItem_ElementShardFactory,Prome MultyCraftIulticraft ARKFactory elementshard,511,TRUE
/Game/Mods/1840936777/Items/ARKFactory/ElementShard/PrimalItemStructure_ElementShardFactory.PrimalItemStructure_ElementShardFactory,Prome ArkFactory elementshard,511,TRUE
/Game/Mods/1840936777/Items/ARKFactory/Gasoline/PrimalItemConsumable_MulticraftItem_GasolineFactory.PrimalItemConsumable_MulticraftItem_GasolineFactory,Prome Multycraftitem ARKFactory gasoline,511,TRUE
/Game/Mods/1840936777/Items/ARKFactory/Gasoline/PrimalItemStructure_GasolineFactory.PrimalItemStructure_GasolineFactory,Prome ArkFactroy gasoline,511,TRUE
/Game/Mods/1840936777/Items/Arrows/PromeArrowTranq/PrimalItemAmmo_Prome_ArrowTranq.PrimalItemAmmo_Prome_ArrowTranq,Prome Arrows tranq,511,TRUE
/Game/Mods/1840936777/Items/Arrows/PromeMetalArrow/PrimalItemAmmo_Prome_MetalTranqArrow.PrimalItemAmmo_Prome_MetalTranqArrow,Prome MultyCraftItem MetalArrow,511,TRUE
/Game/Mods/1840936777/Items/Arrows/PromeTranqDart/PrimalItemAmmo_Prome_TranqDart.PrimalItemAmmo_Prome_TranqDart,Prome Tranqdart,511,TRUE
/Game/Mods/1840936777/Items/Bola/PrimalItem_PromeBola.PrimalItem_PromeBola,Prome Bola,511,TRUE
/Game/Mods/1840936777/Items/Core/PrimalItemResource_Prome_CrystallineCore.PrimalItemResource_Prome_CrystallineCore,Prome CrystallineCore,511,TRUE
/Game/Mods/1840936777/Items/Core/Debris/PrimalItemResource_Prome_CrystalDebris.PrimalItemResource_Prome_CrystalDebris,Prome Crystaldebris,511,TRUE
/Game/Mods/1840936777/Items/CourageRunes/PrimalItemResource_Prome_CourageRunes.PrimalItemResource_Prome_CourageRunes,Prome CourageRunes,511,TRUE
/Game/Mods/1840936777/Items/DragonBead/PrimalItemResource_Prome_DragonBead.PrimalItemResource_Prome_DragonBead,Prome Dragonbead,511,TRUE
/Game/Mods/1840936777/Items/FlareGun/PrimalItem_PromeFlareGun.PrimalItem_PromeFlareGun,Prome FlareGun,511,TRUE
/Game/Mods/1840936777/Items/Gold/PrimalItemResource_Prome_Gold.PrimalItemResource_Prome_Gold,Prome Gold,511,TRUE
/Game/Mods/1840936777/Items/Grapple/PrimalItemAmmo_PromeGrapple.PrimalItemAmmo_PromeGrapple,Prome Grapple,511,TRUE
/Game/Mods/1840936777/Items/HealthPotion/PrimalItemConsumable_HealthPotion.PrimalItemConsumable_HealthPotion,Prome HealthPotion,511,TRUE
/Game/Mods/1840936777/Items/IndustrialForge/PrimalItemStructure_Prome_IndustrialForge.PrimalItemStructure_Prome_IndustrialForge,Prome Industrialforge,511,TRUE
/Game/Mods/1840936777/Items/MagicPotion/PrimalItemConsumable_FlameMagicPotion.PrimalItemConsumable_FlameMagicPotion,Prome Flame magicpotion,511,TRUE
/Game/Mods/1840936777/Items/MagicPotion/PrimalItemConsumable_FlightMagicPotion.PrimalItemConsumable_FlightMagicPotion,Prome Flight magicpotion,511,TRUE
/Game/Mods/1840936777/Items/MagicPotion/PrimalItemConsumable_GuardMagicPotion.PrimalItemConsumable_GuardMagicPotion,Prome Guard magicpotion,511,TRUE
/Game/Mods/1840936777/Items/MagicPotion/PrimalItemConsumable_LightningMagicPotion.PrimalItemConsumable_LightningMagicPotion,Prome Lightning magicpotion,511,TRUE
/Game/Mods/1840936777/Items/MagicPotion/PrimalItemConsumable_PoisonMagicPotion.PrimalItemConsumable_PoisonMagicPotion,Prome Poison magicpotion,511,TRUE
/Game/Mods/1840936777/Items/MagicPotion/PrimalItemConsumable_PowerMagicPotion.PrimalItemConsumable_PowerMagicPotion,Prome Power magicpotion,511,TRUE
/Game/Mods/1840936777/Items/MagicPotion/PrimalItemConsumable_SpeedMagicPotion.PrimalItemConsumable_SpeedMagicPotion,Prome Speed magicpotion,511,TRUE
/Game/Mods/1840936777/Items/NanoArmor/Armor/Ordinary/PrimalItemArmor_Ordinary_NanoBoots.PrimalItemArmor_Ordinary_NanoBoots,Prome Nano Boots,511,TRUE
/Game/Mods/1840936777/Items/NanoArmor/Armor/Ordinary/PrimalItemArmor_Ordinary_NanoGloves.PrimalItemArmor_Ordinary_NanoGloves,Prome Nano Gloves,511,TRUE
/Game/Mods/1840936777/Items/NanoArmor/Armor/Ordinary/PrimalItemArmor_Ordinary_NanoHelmet.PrimalItemArmor_Ordinary_NanoHelmet,Prome Nano Helmet,511,TRUE
/Game/Mods/1840936777/Items/NanoArmor/Armor/Ordinary/PrimalItemArmor_Ordinary_NanoPants.PrimalItemArmor_Ordinary_NanoPants,Prome Nano leggings,511,TRUE
/Game/Mods/1840936777/Items/NanoArmor/Armor/Ordinary/PrimalItemArmor_Ordinary_NanoShirt.PrimalItemArmor_Ordinary_NanoShirt,Prome Nana chest,511,TRUE
/Game/Mods/1840936777/Items/NanoArmor/Armor/Senior/PrimalItemArmor_Prome_Senior_NanoBoots.PrimalItemArmor_Prome_Senior_NanoBoots,Prome Nano Boots senior,511,TRUE
/Game/Mods/1840936777/Items/NanoArmor/Armor/Senior/PrimalItemArmor_Prome_Senior_NanoGloves.PrimalItemArmor_Prome_Senior_NanoGloves,Prome Nano Gloves senior,511,TRUE
/Game/Mods/1840936777/Items/NanoArmor/Armor/Senior/PrimalItemArmor_Prome_Senior_NanoHelmet.PrimalItemArmor_Prome_Senior_NanoHelmet,Prome Nano Helmet senior,511,TRUE
/Game/Mods/1840936777/Items/NanoArmor/Armor/Senior/PrimalItemArmor_Prome_Senior_NanoPants.PrimalItemArmor_Prome_Senior_NanoPants,Prome Nano leggings senior,511,TRUE
/Game/Mods/1840936777/Items/NanoArmor/Armor/Senior/PrimalItemArmor_Prome_Senior_NanoShirt.PrimalItemArmor_Prome_Senior_NanoShirt,Prome Nana chest senior,511,TRUE
/Game/Mods/1840936777/Items/NanoPoisonRifle/PrimalItem_Prome_NanoPoisonRifle.PrimalItem_Prome_NanoPoisonRifle,Prome NanoPoisonRifle,511,TRUE
/Game/Mods/1840936777/Items/NanoPoisonRifle/Ammo/PrimalItemResource_PoisonElement.PrimalItemResource_PoisonElement,Prome NanoPoisonRifle ammo,511,TRUE
/Game/Mods/1840936777/Items/NanoRifle/PrimalItem_Prome_NanoRifle.PrimalItem_Prome_NanoRifle,Prome Nano Rifle,511,TRUE
/Game/Mods/1840936777/Items/PoisonPotion/PrimalItemConsumable_PoisonPotion.PrimalItemConsumable_PoisonPotion,Prome PoisonPotion,511,TRUE
/Game/Mods/1840936777/Items/PoisonSpear/PrimalItem_WeaponTranqPike.PrimalItem_WeaponTranqPike,Prome Weapon TranqPike,511,TRUE
/Game/Mods/1840936777/Items/ScarletArmor/PrimalItemScarletArmor_PromeBoots.PrimalItemScarletArmor_PromeBoots,Prome Scarletarmor boots,511,TRUE
/Game/Mods/1840936777/Items/ScarletArmor/PrimalItemScarletArmor_PromeGloves.PrimalItemScarletArmor_PromeGloves,Prome Scarletarmor gloves,511,TRUE
/Game/Mods/1840936777/Items/ScarletArmor/PrimalItemScarletArmor_PromeHelmet.PrimalItemScarletArmor_PromeHelmet,Prome Scarletarmor Helmet,511,TRUE
/Game/Mods/1840936777/Items/ScarletArmor/PrimalItemScarletArmor_PromePants.PrimalItemScarletArmor_PromePants,Prome Scarletarmor Pants,511,TRUE
/Game/Mods/1840936777/Items/ScarletArmor/PrimalItemScarletArmor_PromeShirt.PrimalItemScarletArmor_PromeShirt,Prome Scarletarmor Chest,511,TRUE
/Game/Mods/1840936777/Items/ScarletArmor/PrimalItemSkin_PromeHelmet.PrimalItemSkin_PromeHelmet,Prome PromeHelmet Skin,511,TRUE
/Game/Mods/1840936777/Items/ScarletShield/PrimalItemArmor_ScarletShield.PrimalItemArmor_ScarletShield,Prome ScarletShield,511,TRUE
/Game/Mods/1840936777/Items/ScarletSword/PrimalItem_ScarletSword.PrimalItem_ScarletSword,Prome ScarletSword,511,TRUE
/Game/Mods/1840936777/Items/ScarletSword/Skin/01/PrimalItemSkin_TheSwordOfTheHero01.PrimalItemSkin_TheSwordOfTheHero01,Prome The Sword Of The Hero 01,511,TRUE
/Game/Mods/1840936777/Items/ScarletSword/Skin/02/PrimalItemSkin_TheSwordOfTheHero02.PrimalItemSkin_TheSwordOfTheHero02,Prome The Sword Of The Hero 02,511,TRUE
/Game/Mods/1840936777/Items/ScarletSword/Skin/03/PrimalItemSkin_TheSwordOfTheHero03.PrimalItemSkin_TheSwordOfTheHero03,Prome The Sword Of The Hero 03,511,TRUE
/Game/Mods/1840936777/Items/ScarletSword/Skin/04/PrimalItemSkin_TheSwordOfTheHero04.PrimalItemSkin_TheSwordOfTheHero04,Prome The Sword Of The Hero 04,511,TRUE
/Game/Mods/1840936777/Items/ScarletSword/Skin/05/PrimalItemSkin_TheSwordOfTheHero05.PrimalItemSkin_TheSwordOfTheHero05,Prome The Sword Of The Hero 05,511,TRUE
/Game/Mods/1840936777/Items/ScarletSword/Skin/06/PrimalItemSkin_TheSwordOfTheHero06.PrimalItemSkin_TheSwordOfTheHero06,Prome The Sword Of The Hero 06,511,TRUE
/Game/Mods/1840936777/Items/ScarletSword/Skin/07/PrimalItemSkin_TheSwordOfTheHero07.PrimalItemSkin_TheSwordOfTheHero07,Prome The Sword Of The Hero 07,511,TRUE
/Game/Mods/1840936777/Items/ScarletSword/Skin/08/PrimalItemSkin_TheSwordOfTheHero08.PrimalItemSkin_TheSwordOfTheHero08,Prome The Sword Of The Hero 08,511,TRUE
/Game/Mods/1840936777/Items/ScarletSword/Skin/09/PrimalItemSkin_TheSwordOfTheHero09.PrimalItemSkin_TheSwordOfTheHero09,Prome The Sword Of The Hero 09,511,TRUE
/Game/Mods/1840936777/Items/ScarletSword/Skin/10/PrimalItemSkin_TheSwordOfTheHero10.PrimalItemSkin_TheSwordOfTheHero10,Prome The Sword Of The Hero 10,511,TRUE
/Game/Mods/1840936777/Items/ScarletSword/Skin/11/PrimalItemSkin_TheSwordOfTheHero11.PrimalItemSkin_TheSwordOfTheHero11,Prome The Sword Of The Hero 11,511,TRUE
/Game/Mods/1840936777/Items/ScarletSword/Skin/12/PrimalItemSkin_TheSwordOfTheHero12.PrimalItemSkin_TheSwordOfTheHero12,Prome The Sword Of The Hero 12,511,TRUE
/Game/Mods/1840936777/Items/ScarletSword/Skin/13/PrimalItemSkin_TheSwordOfTheHero13.PrimalItemSkin_TheSwordOfTheHero13,Prome The Sword Of The Hero 13,511,TRUE
/Game/Mods/1840936777/Items/ScarletSword/Skin/14/PrimalItemSkin_TheSwordOfTheHero14.PrimalItemSkin_TheSwordOfTheHero14,Prome The Sword Of The Hero 14,511,TRUE
/Game/Mods/1840936777/Items/ScarletSword/Skin/15/PrimalItemSkin_TheSwordOfTheHero15.PrimalItemSkin_TheSwordOfTheHero15,Prome The Sword Of The Hero 15,511,TRUE
/Game/Mods/1840936777/Items/ScarletSword/Skin/16/PrimalItemSkin_TheSwordOfTheHero16.PrimalItemSkin_TheSwordOfTheHero16,Prome The Sword Of The Hero 16,511,TRUE
/Game/Mods/1840936777/Items/ScarletSword/Skin/17/PrimalItemSkin_TheSwordOfTheHero17.PrimalItemSkin_TheSwordOfTheHero17,Prome The Sword Of The Hero 17,511,TRUE
/Game/Mods/1840936777/Items/ScarletSword/Skin/18/PrimalItemSkin_TheSwordOfTheHero18.PrimalItemSkin_TheSwordOfTheHero18,Prome The Sword Of The Hero 18,511,TRUE
/Game/Mods/1840936777/Items/ScarletSword/Skin/19/PrimalItemSkin_TheSwordOfTheHero19.PrimalItemSkin_TheSwordOfTheHero19,Prome The Sword Of The Hero 19,511,TRUE
/Game/Mods/1840936777/Items/ScarletSword/Skin/20/PrimalItemSkin_TheSwordOfTheHero20.PrimalItemSkin_TheSwordOfTheHero20,Prome The Sword Of The Hero 20,511,TRUE
/Game/Mods/1840936777/Items/ScarletSword/Skin/21/PrimalItemSkin_TheSwordOfTheHero21.PrimalItemSkin_TheSwordOfTheHero21,Prome The Sword Of The Hero 21,511,TRUE
/Game/Mods/1840936777/Items/SoberPotion/PrimalItemConsumable_SoberPotion.PrimalItemConsumable_SoberPotion,Prome SoberPotion,511,TRUE
/Game/Mods/1840936777/Items/Spyglass/PrimalItemWeapon_PromeSpyglass.PrimalItemWeapon_PromeSpyglass,Prome Spyglass,511,TRUE
/Game/Mods/1840936777/Items/Structure/Banner/PrimalItemStructure_Prome_HeroClubhouse.PrimalItemStructure_Prome_HeroClubhouse,Prome Hero Clubhouse,511,TRUE
/Game/Mods/1840936777/Items/Structure/Banner/01/PrimalItemStructure_Prome_TotemBanner01.PrimalItemStructure_Prome_TotemBanner01,Prome Banner 01,511,TRUE
/Game/Mods/1840936777/Items/Structure/Banner/02/PrimalItemStructure_Prome_TotemBanner02.PrimalItemStructure_Prome_TotemBanner02,Prome Banner 02,511,TRUE
/Game/Mods/1840936777/Items/Structure/Banner/03/PrimalItemStructure_Prome_TotemBanner03.PrimalItemStructure_Prome_TotemBanner03,Prome Banner 03,511,TRUE
/Game/Mods/1840936777/Items/Structure/Banner/04/PrimalItemStructure_Prome_TotemBanner04.PrimalItemStructure_Prome_TotemBanner04,Prome Banner 04,511,TRUE
/Game/Mods/1840936777/Items/Structure/Banner/05/PrimalItemStructure_Prome_TotemBanner05.PrimalItemStructure_Prome_TotemBanner05,Prome Banner 05,511,TRUE
/Game/Mods/1840936777/Items/Structure/Banner/06/PrimalItemStructure_Prome_TotemBanner06.PrimalItemStructure_Prome_TotemBanner06,Prome Banner 06,511,TRUE
/Game/Mods/1840936777/Items/Structure/Banner/07/PrimalItemStructure_Prome_TotemBanner07.PrimalItemStructure_Prome_TotemBanner07,Prome Banner 07,511,TRUE
/Game/Mods/1840936777/Items/Structure/Banner/08/PrimalItemStructure_Prome_TotemBanner08.PrimalItemStructure_Prome_TotemBanner08,Prome Banner 08,511,TRUE
/Game/Mods/1840936777/Items/Structure/Banner/09/PrimalItemStructure_Prome_TotemBanner09.PrimalItemStructure_Prome_TotemBanner09,Prome Banner 09,511,TRUE
/Game/Mods/1840936777/Items/Structure/Banner/10/PrimalItemStructure_Prome_TotemBanner10.PrimalItemStructure_Prome_TotemBanner10,Prome Banner 10,511,TRUE
/Game/Mods/1840936777/Items/Structure/Banner/11/PrimalItemStructure_Prome_TotemBanner11.PrimalItemStructure_Prome_TotemBanner11,Prome Banner 11,511,TRUE
/Game/Mods/1840936777/Items/Structure/Banner/12/PrimalItemStructure_Prome_TotemBanner12.PrimalItemStructure_Prome_TotemBanner12,Prome Banner 12,511,TRUE
/Game/Mods/1840936777/Items/Structure/Banner/13/PrimalItemStructure_Prome_TotemBanner13.PrimalItemStructure_Prome_TotemBanner13,Prome Banner 13,511,TRUE
/Game/Mods/1840936777/Items/Structure/Banner/14/PrimalItemStructure_Prome_TotemBanner14.PrimalItemStructure_Prome_TotemBanner14,Prome Banner 14,511,TRUE
/Game/Mods/1840936777/Items/Structure/Banner/15/PrimalItemStructure_Prome_TotemBanner15.PrimalItemStructure_Prome_TotemBanner15,Prome Banner 15,511,TRUE
/Game/Mods/1840936777/Items/Structure/Banner/16/PrimalItemStructure_Prome_TotemBanner16.PrimalItemStructure_Prome_TotemBanner16,Prome Banner 16,511,TRUE
/Game/Mods/1840936777/Items/Structure/Banner/17/PrimalItemStructure_Prome_TotemBanner17.PrimalItemStructure_Prome_TotemBanner17,Prome Banner 17,511,TRUE
/Game/Mods/1840936777/Items/Structure/Banner/18/PrimalItemStructure_Prome_TotemBanner18.PrimalItemStructure_Prome_TotemBanner18,Prome Banner 18,511,TRUE
/Game/Mods/1840936777/Items/Structure/Banner/19/PrimalItemStructure_Prome_TotemBanner19.PrimalItemStructure_Prome_TotemBanner19,Prome Banner 19,511,TRUE
/Game/Mods/1840936777/Items/Structure/Banner/20/PrimalItemStructure_Prome_TotemBanner20.PrimalItemStructure_Prome_TotemBanner20,Prome Banner 20,511,TRUE
/Game/Mods/1840936777/Items/Structure/Banner/21/PrimalItemStructure_Prome_TotemBanner21.PrimalItemStructure_Prome_TotemBanner21,Prome Banner 21,511,TRUE
/Game/Mods/1840936777/Items/Structure/Banner/22/PrimalItemStructure_Prome_TotemBanner22.PrimalItemStructure_Prome_TotemBanner22,Prome Banner 22,511,TRUE
/Game/Mods/1840936777/Items/Structure/Banner/23/PrimalItemStructure_Prome_TotemBanner23.PrimalItemStructure_Prome_TotemBanner23,Prome Banner 23,511,TRUE
/Game/Mods/1840936777/Items/Structure/Banner/24/PrimalItemStructure_Prome_TotemBanner24.PrimalItemStructure_Prome_TotemBanner24,Prome Banner 24,511,TRUE
/Game/Mods/1840936777/Items/Structure/Banner/25/PrimalItemStructure_Prome_HeroBanner25.PrimalItemStructure_Prome_HeroBanner25,Prome Banner 25,511,TRUE
/Game/Mods/1840936777/Items/Structure/Banner/26/PrimalItemStructure_Prome_TotemBanner26.PrimalItemStructure_Prome_TotemBanner26,Prome Banner 26,511,TRUE
/Game/Mods/1840936777/Items/Structure/Banner/27/PrimalItemStructure_Prome_TotemBanner27.PrimalItemStructure_Prome_TotemBanner27,Prome Banner 27,511,TRUE
/Game/Mods/1840936777/Items/Structure/Banner/28/PrimalItemStructure_Prome_TotemBanner28.PrimalItemStructure_Prome_TotemBanner28,Prome Banner 28,511,TRUE
/Game/Mods/1840936777/Items/Structure/Banner/29/PrimalItemStructure_Prome_TotemBanner29.PrimalItemStructure_Prome_TotemBanner29,Prome Banner 29,511,TRUE
/Game/Mods/1840936777/Items/Structure/Banner/30/PrimalItemStructure_Prome_TotemBanner30.PrimalItemStructure_Prome_TotemBanner30,Prome Banner 30,511,TRUE
/Game/Mods/1840936777/Items/Structure/Banner/31/PrimalItemStructure_Prome_TotemBanner31.PrimalItemStructure_Prome_TotemBanner31,Prome Banner 31,511,TRUE
/Game/Mods/1840936777/Items/Structure/Banner/32/PrimalItemStructure_Prome_TotemBanner32.PrimalItemStructure_Prome_TotemBanner32,Prome Banner 32,511,TRUE
/Game/Mods/1840936777/Items/Structure/Banner/33/PrimalItemStructure_Prome_TotemBanner33.PrimalItemStructure_Prome_TotemBanner33,Prome Banner 33,511,TRUE
/Game/Mods/1840936777/Items/Structure/Banner/34/PrimalItemStructure_Prome_TotemBanner34.PrimalItemStructure_Prome_TotemBanner34,Prome Banner 34,511,TRUE
/Game/Mods/1840936777/Items/Structure/Banner/35/PrimalItemStructure_Prome_TotemBanner35.PrimalItemStructure_Prome_TotemBanner35,Prome Banner 35,511,TRUE
/Game/Mods/1840936777/Items/Structure/Banner/36/PrimalItemStructure_Prome_TotemBanner36.PrimalItemStructure_Prome_TotemBanner36,Prome Banner 36,511,TRUE
/Game/Mods/1840936777/Items/Structure/Banner/37/PrimalItemStructure_Prome_TotemBanner37.PrimalItemStructure_Prome_TotemBanner37,Prome Banner 37,511,TRUE
/Game/Mods/1840936777/Items/Structure/Banner/38/PrimalItemStructure_Prome_TotemBanner38.PrimalItemStructure_Prome_TotemBanner38,Prome Banner 38,511,TRUE
/Game/Mods/1840936777/Items/Structure/Banner/39/PrimalItemStructure_Prome_TotemBanner39.PrimalItemStructure_Prome_TotemBanner39,Prome Banner 39,511,TRUE
/Game/Mods/1840936777/Items/Structure/Banner/40/PrimalItemStructure_Prome_TotemBanner40.PrimalItemStructure_Prome_TotemBanner40,Prome Banner 40,511,TRUE
/Game/Mods/1840936777/Items/Structure/Banner/41/PrimalItemStructure_Prome_TotemBanner41.PrimalItemStructure_Prome_TotemBanner41,Prome Banner 41,511,TRUE
/Game/Mods/1840936777/Items/Structure/Banner/42/PrimalItemStructure_Prome_TotemBanner42.PrimalItemStructure_Prome_TotemBanner42,Prome Banner 42,511,TRUE
/Game/Mods/1840936777/Items/Structure/Banner/43/PrimalItemStructure_Prome_TotemBanner43.PrimalItemStructure_Prome_TotemBanner43,Prome Banner 43,511,TRUE
/Game/Mods/1840936777/Items/Structure/Banner/44/PrimalItemStructure_Prome_TotemBanner44.PrimalItemStructure_Prome_TotemBanner44,Prome Banner 44,511,TRUE
/Game/Mods/1840936777/Items/Structure/Banner/45/PrimalItemStructure_Prome_TotemBanner45.PrimalItemStructure_Prome_TotemBanner45,Prome Banner 45,511,TRUE
/Game/Mods/1840936777/Items/Structure/Banner/46/PrimalItemStructure_Prome_TotemBanner46.PrimalItemStructure_Prome_TotemBanner46,Prome Banner 46,511,TRUE
/Game/Mods/1840936777/Items/Structure/Banner/47/PrimalItemStructure_Prome_TotemBanner47.PrimalItemStructure_Prome_TotemBanner47,Prome Banner 47,511,TRUE
/Game/Mods/1840936777/Items/Structure/Banner/48/PrimalItemStructure_Prome_TotemBanner48.PrimalItemStructure_Prome_TotemBanner48,Prome Banner 48,511,TRUE
/Game/Mods/1840936777/Items/Structure/Banner/49/PrimalItemStructure_Prome_TotemBanner49.PrimalItemStructure_Prome_TotemBanner49,Prome Banner 49,511,TRUE
/Game/Mods/1840936777/Items/Structure/Banner/50/PrimalItemStructure_Prome_TotemBanner50.PrimalItemStructure_Prome_TotemBanner50,Prome Banner 50,511,TRUE
/Game/Mods/1840936777/Items/Structure/Banner/51/PrimalItemStructure_Prome_TotemBanner51.PrimalItemStructure_Prome_TotemBanner51,Prome Banner 51,511,TRUE
/Game/Mods/1840936777/Items/Structure/Banner/52/PrimalItemStructure_Prome_TotemBanner52.PrimalItemStructure_Prome_TotemBanner52,Prome Banner 52,511,TRUE
/Game/Mods/1840936777/Items/Structure/Banner/53/PrimalItemStructure_Prome_TotemBanner53.PrimalItemStructure_Prome_TotemBanner53,Prome Banner 53,511,TRUE
/Game/Mods/1840936777/Items/Structure/Banner/54/PrimalItemStructure_Prome_TotemBanner54.PrimalItemStructure_Prome_TotemBanner54,Prome Banner 54,511,TRUE
/Game/Mods/1840936777/Items/Structure/Banner/55/PrimalItemStructure_Prome_TotemBanner55.PrimalItemStructure_Prome_TotemBanner55,Prome Banner 55,511,TRUE
/Game/Mods/1840936777/Items/Structure/Banner/56/PrimalItemStructure_Prome_TotemBanner56.PrimalItemStructure_Prome_TotemBanner56,Prome Banner 56,511,TRUE
/Game/Mods/1840936777/Items/Structure/Banner/57/PrimalItemStructure_Prome_TotemBanner57.PrimalItemStructure_Prome_TotemBanner57,Prome Banner 57,511,TRUE
/Game/Mods/1840936777/Items/Structure/Banner/58/PrimalItemStructure_Prome_TotemBanner58.PrimalItemStructure_Prome_TotemBanner58,Prome Banner 58,511,TRUE
/Game/Mods/1840936777/Items/Structure/Banner/59/PrimalItemStructure_Prome_TotemBanner59.PrimalItemStructure_Prome_TotemBanner59,Prome Banner 59,511,TRUE
/Game/Mods/1840936777/Items/Structure/Banner/60/PrimalItemStructure_Prome_TotemBanner60.PrimalItemStructure_Prome_TotemBanner60,Prome Banner 60,511,TRUE
/Game/Mods/1840936777/Items/Structure/Banner/61/PrimalItemStructure_Prome_TotemBanner61.PrimalItemStructure_Prome_TotemBanner61,Prome Banner 61,511,TRUE
/Game/Mods/1840936777/Items/Structure/Banner/62/PrimalItemStructure_Prome_TotemBanner62.PrimalItemStructure_Prome_TotemBanner62,Prome Banner 62,511,TRUE
/Game/Mods/1840936777/Items/Structure/Banner/63/PrimalItemStructure_Prome_TotemBanner63.PrimalItemStructure_Prome_TotemBanner63,Prome Banner 63,511,TRUE
/Game/Mods/1840936777/Items/Structure/Banner/64/PrimalItemStructure_Prome_TotemBanner64.PrimalItemStructure_Prome_TotemBanner64,Prome Banner 64,511,TRUE
/Game/Mods/1840936777/Items/Structure/Banner/65/PrimalItemStructure_Prome_TotemBanner65.PrimalItemStructure_Prome_TotemBanner65,Prome Banner 65,511,TRUE
/Game/Mods/1840936777/Items/Structure/Banner/66/PrimalItemStructure_Prome_TotemBanner66.PrimalItemStructure_Prome_TotemBanner66,Prome Banner 66,511,TRUE
/Game/Mods/1840936777/Items/Structure/Banner/67/PrimalItemStructure_Prome_TotemBanner67.PrimalItemStructure_Prome_TotemBanner67,Prome Banner 67,511,TRUE
/Game/Mods/1840936777/Items/Structure/Banner/68/PrimalItemStructure_Prome_TotemBanner68.PrimalItemStructure_Prome_TotemBanner68,Prome Banner 68,511,TRUE
/Game/Mods/1840936777/Items/Structure/Banner/69/PrimalItemStructure_Prome_TotemBanner69.PrimalItemStructure_Prome_TotemBanner69,Prome Banner 69,511,TRUE
/Game/Mods/1840936777/Items/Structure/Banner/70/PrimalItemStructure_Prome_TotemBanner70.PrimalItemStructure_Prome_TotemBanner70,Prome Banner 70,511,TRUE
/Game/Mods/1840936777/Items/Structure/Banner/71/PrimalItemStructure_Prome_TotemBanner71.PrimalItemStructure_Prome_TotemBanner71,Prome Banner 71,511,TRUE
/Game/Mods/1840936777/Items/Structure/Banner/72/PrimalItemStructure_Prome_TotemBanner72.PrimalItemStructure_Prome_TotemBanner72,Prome Banner 72,511,TRUE
/Game/Mods/1840936777/Items/Structure/Banner/73/PrimalItemStructure_Prome_TotemBanner73.PrimalItemStructure_Prome_TotemBanner73,Prome Banner 73,511,TRUE
/Game/Mods/1840936777/Items/Structure/Banner/74/PrimalItemStructure_Prome_TotemBanner74.PrimalItemStructure_Prome_TotemBanner74,Prome Banner 74,511,TRUE
/Game/Mods/1840936777/Items/Structure/Banner/75/PrimalItemStructure_Prome_TotemBanner75.PrimalItemStructure_Prome_TotemBanner75,Prome Banner 75,511,TRUE
/Game/Mods/1840936777/Items/Structure/Banner/76/PrimalItemStructure_Prome_TotemBanner76.PrimalItemStructure_Prome_TotemBanner76,Prome Banner 76,511,TRUE
/Game/Mods/1840936777/Items/Structure/Banner/77/PrimalItemStructure_Prome_TotemBanner77.PrimalItemStructure_Prome_TotemBanner77,Prome Banner 77,511,TRUE
/Game/Mods/1840936777/Items/Structure/Banner/78/PrimalItemStructure_Prome_TotemBanner78.PrimalItemStructure_Prome_TotemBanner78,Prome Banner 78,511,TRUE
/Game/Mods/1840936777/Items/Structure/Banner/79/PrimalItemStructure_Prome_TotemBanner79.PrimalItemStructure_Prome_TotemBanner79,Prome Banner 79,511,TRUE
/Game/Mods/1840936777/Items/Structure/Banner/80/PrimalItemStructure_Prome_TotemBanner80.PrimalItemStructure_Prome_TotemBanner80,Prome Banner 80,511,TRUE
/Game/Mods/1840936777/Items/Structure/Banner/81/PrimalItemStructure_Prome_TotemBanner81.PrimalItemStructure_Prome_TotemBanner81,Prome Banner 81,511,TRUE
/Game/Mods/1840936777/Items/Structure/Banner/82/PrimalItemStructure_Prome_TotemBanner82.PrimalItemStructure_Prome_TotemBanner82,Prome Banner 82,511,TRUE
/Game/Mods/1840936777/Items/Structure/Banner/83/PrimalItemStructure_Prome_TotemBanner83.PrimalItemStructure_Prome_TotemBanner83,Prome Banner 83,511,TRUE
/Game/Mods/1840936777/Items/Structure/Banner/84/PrimalItemStructure_Prome_TotemBanner84.PrimalItemStructure_Prome_TotemBanner84,Prome Banner 84,511,TRUE
/Game/Mods/1840936777/Items/Structure/Banner/85/PrimalItemStructure_Prome_TotemBanner85.PrimalItemStructure_Prome_TotemBanner85,Prome Banner 85,511,TRUE
/Game/Mods/1840936777/Items/Structure/Banner/86/PrimalItemStructure_Prome_TotemBanner86.PrimalItemStructure_Prome_TotemBanner86,Prome Banner 86,511,TRUE
/Game/Mods/1840936777/Items/Structure/Banner/87/PrimalItemStructure_Prome_TotemBanner87.PrimalItemStructure_Prome_TotemBanner87,Prome Banner 87,511,TRUE
/Game/Mods/1840936777/Items/Structure/Banner/88/PrimalItemStructure_Prome_TotemBanner88.PrimalItemStructure_Prome_TotemBanner88,Prome Banner 88,511,TRUE
/Game/Mods/1840936777/Items/Structure/Banner/89/PrimalItemStructure_Prome_TotemBanner89.PrimalItemStructure_Prome_TotemBanner89,Prome Banner 89,511,TRUE
/Game/Mods/1840936777/Items/Structure/Banner/90/PrimalItemStructure_Prome_TotemBanner90.PrimalItemStructure_Prome_TotemBanner90,Prome Banner 90,511,TRUE
/Game/Mods/1840936777/Items/Structure/Banner/91/PrimalItemStructure_Prome_TotemBanner91.PrimalItemStructure_Prome_TotemBanner91,Prome Banner 91,511,TRUE
/Game/Mods/1840936777/Items/Structure/Banner/92/PrimalItemStructure_Prome_TotemBanner92.PrimalItemStructure_Prome_TotemBanner92,Prome Banner 92,511,TRUE
/Game/Mods/1840936777/Items/Structure/Banner/93/PrimalItemStructure_Prome_TotemBanner93.PrimalItemStructure_Prome_TotemBanner93,Prome Banner 93,511,TRUE
/Game/Mods/1840936777/Items/Structure/Banner/94/PrimalItemStructure_Prome_TotemBanner94.PrimalItemStructure_Prome_TotemBanner94,Prome Banner 94,511,TRUE
/Game/Mods/1840936777/Items/Structure/Banner/95/PrimalItemStructure_Prome_TotemBanner95.PrimalItemStructure_Prome_TotemBanner95,Prome Banner 95,511,TRUE
/Game/Mods/1840936777/Items/Structure/Banner/96/PrimalItemStructure_Prome_TotemBanner96.PrimalItemStructure_Prome_TotemBanner96,Prome Banner 96,511,TRUE
/Game/Mods/1840936777/Items/Structure/Beacon/PrimalItemStructure_Prome_Beacon_Blue.PrimalItemStructure_Prome_Beacon_Blue,Prome Structure beacon blue,511,TRUE
/Game/Mods/1840936777/Items/Structure/Beacon/PrimalItemStructure_Prome_Beacon_Green.PrimalItemStructure_Prome_Beacon_Green,Prome Structure beacon green,511,TRUE
/Game/Mods/1840936777/Items/Structure/Beacon/PrimalItemStructure_Prome_Beacon_Panchromatic.PrimalItemStructure_Prome_Beacon_Panchromatic,Prome Structure beacon Panchromatic,511,TRUE
/Game/Mods/1840936777/Items/Structure/Beacon/PrimalItemStructure_Prome_Beacon_Pink.PrimalItemStructure_Prome_Beacon_Pink,Prome Structure beacon Pink,511,TRUE
/Game/Mods/1840936777/Items/Structure/Beacon/PrimalItemStructure_Prome_Beacon_Red.PrimalItemStructure_Prome_Beacon_Red,Prome Structure beacon Red,511,TRUE
/Game/Mods/1840936777/Items/Structure/Beacon/PrimalItemStructure_Prome_Beacon_Yellow.PrimalItemStructure_Prome_Beacon_Yellow,Prome Structure beacon Yellow,511,TRUE
/Game/Mods/1840936777/Items/Structure/BeeHive/PrimalItemStructure_Prome_BeeHive.PrimalItemStructure_Prome_BeeHive,Prome Beehive,511,TRUE
/Game/Mods/1840936777/Items/Structure/BreakingBoundaries/PrimalItemStructure_Prome_MagicSealCanister.PrimalItemStructure_Prome_MagicSealCanister,Prome Magic seal canister,511,TRUE
/Game/Mods/1840936777/Items/Structure/BreakingBoundaries/Boss/PrimalItemConsumable_Prome_DesertLord.PrimalItemConsumable_Prome_DesertLord,Prome DesertLord,511,TRUE
/Game/Mods/1840936777/Items/Structure/BreakingBoundaries/Boss/PrimalItemConsumable_Prome_GhostBoss.PrimalItemConsumable_Prome_GhostBoss,Prome Ghostlord,511,TRUE
/Game/Mods/1840936777/Items/Structure/BreakingBoundaries/Boss/PrimalItemConsumable_Prome_GrasslandLord.PrimalItemConsumable_Prome_GrasslandLord,Prome GrassLord,511,TRUE
/Game/Mods/1840936777/Items/Structure/BreakingBoundaries/Boss/PrimalItemConsumable_Prome_InfernalLord.PrimalItemConsumable_Prome_InfernalLord,Prome InfernalLord,511,TRUE
/Game/Mods/1840936777/Items/Structure/BreakingBoundaries/Boss/PrimalItemConsumable_Prome_MetalManBoss.PrimalItemConsumable_Prome_MetalManBoss,Prome Metalman,511,TRUE
/Game/Mods/1840936777/Items/Structure/BreakingBoundaries/Boss/PrimalItemConsumable_Prome_MountainRangeLord.PrimalItemConsumable_Prome_MountainRangeLord,Prome MountainLord,511,TRUE
/Game/Mods/1840936777/Items/Structure/BreakingBoundaries/Boss/PrimalItemConsumable_Prome_OceanLord.PrimalItemConsumable_Prome_OceanLord,Prome OceanLord,511,TRUE
/Game/Mods/1840936777/Items/Structure/BreakingBoundaries/Boss/PrimalItemConsumable_Prome_SkyLord.PrimalItemConsumable_Prome_SkyLord,Prome Skylord,511,TRUE
/Game/Mods/1840936777/Items/Structure/Gambling/PrimalItemStructure_Prome_GamblingAnvilBench.PrimalItemStructure_Prome_GamblingAnvilBench,Prome gamblingBench,511,TRUE
/Game/Mods/1840936777/Items/Structure/Gambling/x1/PrimalItemConsumable_Prome_GamblingX1.PrimalItemConsumable_Prome_GamblingX1,Prome gambling 1X,511,TRUE
/Game/Mods/1840936777/Items/Structure/Gambling/x10/PrimalItemConsumable_Prome_GamblingX10.PrimalItemConsumable_Prome_GamblingX10,Prome gambling 10X,511,TRUE
/Game/Mods/1840936777/Items/Structure/Gambling/x20/PrimalItemConsumable_Prome_GamblingX20.PrimalItemConsumable_Prome_GamblingX20,Prome gambling 20X,511,TRUE
/Game/Mods/1840936777/Items/Structure/Gambling/x5/PrimalItemConsumable_Prome_GamblingX5.PrimalItemConsumable_Prome_GamblingX5,Prome gambling 5X,511,TRUE
/Game/Mods/1840936777/Items/Structure/GlassMetal/AnvilBench/PrimalItemStructure_Prome_GlassMetalAnvilBench.PrimalItemStructure_Prome_GlassMetalAnvilBench,Prome Glass metal bench,511,TRUE
/Game/Mods/1840936777/Items/Structure/GlassMetal/Ceiling/PrimalItemStructure_Prome_GlassMetalCeiling.PrimalItemStructure_Prome_GlassMetalCeiling,Prome Glass metal ceiling,511,TRUE
/Game/Mods/1840936777/Items/Structure/GlassMetal/Ceiling2/PrimalItemStructure_Prome_GlassMetalCeiling2.PrimalItemStructure_Prome_GlassMetalCeiling2,Prome Glass metal ceiling2,511,TRUE
/Game/Mods/1840936777/Items/Structure/GlassMetal/Ceiling3/PrimalItemStructure_Prome_GlassMetalCeiling3.PrimalItemStructure_Prome_GlassMetalCeiling3,Prome Glass metal ceiling3,511,TRUE
/Game/Mods/1840936777/Items/Structure/GlassMetal/CeilingDoorway/PrimalItemStructure_Prome_GlassMetalCeilingWithTrapdoor.PrimalItemStructure_Prome_GlassMetalCeilingWithTrapdoor,Prome glass metal hatchframe,511,TRUE
/Game/Mods/1840936777/Items/Structure/GlassMetal/Door/PrimalItemStructure_Prome_GlassMetalDoor.PrimalItemStructure_Prome_GlassMetalDoor,Prome Glass metal door,511,TRUE
/Game/Mods/1840936777/Items/Structure/GlassMetal/Door2/PrimalItemStructure_Prome_GlassMetalDoor2.PrimalItemStructure_Prome_GlassMetalDoor2,Prome Glass metal door2,511,TRUE
/Game/Mods/1840936777/Items/Structure/GlassMetal/DoorFrame/PrimalItemStructure_Prome_GlassMetalWallWithDoor.PrimalItemStructure_Prome_GlassMetalWallWithDoor,Prome glass metal doorframe,511,TRUE
/Game/Mods/1840936777/Items/Structure/GlassMetal/Floor/PrimalItemStructure_Prome_GlassMetalFloor.PrimalItemStructure_Prome_GlassMetalFloor,Prome Glass metal floor,511,TRUE
/Game/Mods/1840936777/Items/Structure/GlassMetal/Gate/PrimalItemStructure_Prome_GlassMetalGate.PrimalItemStructure_Prome_GlassMetalGate,Prome Glass metal gate,511,TRUE
/Game/Mods/1840936777/Items/Structure/GlassMetal/GateFrame/PrimalItemStructure_Prome_GlassMetalGateframe.PrimalItemStructure_Prome_GlassMetalGateframe,Prome glass metal gateframe,511,TRUE
/Game/Mods/1840936777/Items/Structure/GlassMetal/GateFrameLarge/PrimalItemStructure_Prome_GlassMetalGateframe_Large.PrimalItemStructure_Prome_GlassMetalGateframe_Large,Prome glass metal gateframe large,511,TRUE
/Game/Mods/1840936777/Items/Structure/GlassMetal/GiantGate/PrimalItemStructure_Prome_GlassMetalGate_Large.PrimalItemStructure_Prome_GlassMetalGate_Large,Prome glass metal get large,511,TRUE
/Game/Mods/1840936777/Items/Structure/GlassMetal/LeftRoof/PrimalItemStructure_Prome_GlassMetalWall_Sloped_Left.PrimalItemStructure_Prome_GlassMetalWall_Sloped_Left,Prome GlassMetalWall Sloped Left,511,TRUE
/Game/Mods/1840936777/Items/Structure/GlassMetal/Pillar/PrimalItemStructure_Prome_GlassMetalPillar.PrimalItemStructure_Prome_GlassMetalPillar,Prome Glass metal pillar,511,TRUE
/Game/Mods/1840936777/Items/Structure/GlassMetal/Pillar2/PrimalItemStructure_Prome_GlassMetalPillar2.PrimalItemStructure_Prome_GlassMetalPillar2,Prome Glass metal pillar2,511,TRUE
/Game/Mods/1840936777/Items/Structure/GlassMetal/Railing/PrimalItemStructure_Prome_GlassMetalRailing.PrimalItemStructure_Prome_GlassMetalRailing,Prome Glass metal railing,511,TRUE
/Game/Mods/1840936777/Items/Structure/GlassMetal/Ramp/PrimalItemStructure_Prome_GlassMetalRamp.PrimalItemStructure_Prome_GlassMetalRamp,Prome Glass metal ramp,511,TRUE
/Game/Mods/1840936777/Items/Structure/GlassMetal/Ramp2/PrimalItemStructure_Prome_GlassMetalRamp2.PrimalItemStructure_Prome_GlassMetalRamp2,Prome Glass metal ramp2,511,TRUE
/Game/Mods/1840936777/Items/Structure/GlassMetal/RightRoof/PrimalItemStructure_Prome_GlassMetalWall_Sloped_Right.PrimalItemStructure_Prome_GlassMetalWall_Sloped_Right,Prome GlassMetalWall Sloped Right,511,TRUE
/Game/Mods/1840936777/Items/Structure/GlassMetal/Roof/PrimalItemStructure_Prome_GlassMetalRoof.PrimalItemStructure_Prome_GlassMetalRoof,Prome Glass metal roof,511,TRUE
/Game/Mods/1840936777/Items/Structure/GlassMetal/Roof2/PrimalItemStructure_Prome_GlassMetalRoof2.PrimalItemStructure_Prome_GlassMetalRoof2,Prome Glass metal roof2,511,TRUE
/Game/Mods/1840936777/Items/Structure/GlassMetal/Stair/PrimalItemStructure_Prome_GlassMetalStairs.PrimalItemStructure_Prome_GlassMetalStairs,Prome Glass metal stair,511,TRUE
/Game/Mods/1840936777/Items/Structure/GlassMetal/StorageBoc_Large/PrimalItemStructure_Prome_GlassMetalStorageBox_Large.PrimalItemStructure_Prome_GlassMetalStorageBox_Large,Prome glass metal box,511,TRUE
/Game/Mods/1840936777/Items/Structure/GlassMetal/TrapDoor/PrimalItemStructure_Prome_GlassMetalTrapdoor.PrimalItemStructure_Prome_GlassMetalTrapdoor,Prome glass metal trapdoor,511,TRUE
/Game/Mods/1840936777/Items/Structure/GlassMetal/Wall/PrimalItemStructure_Prome_GlassMetalWall.PrimalItemStructure_Prome_GlassMetalWall,Prome Glass metal wall,511,TRUE
/Game/Mods/1840936777/Items/Structure/GlassMetal/Wall2/PrimalItemStructure_Prome_GlassMetalWall2.PrimalItemStructure_Prome_GlassMetalWall2,Prome Glass metal wall2,511,TRUE
/Game/Mods/1840936777/Items/Structure/GlassMetal/Wall3/PrimalItemStructure_Prome_GlassMetalWall3.PrimalItemStructure_Prome_GlassMetalWall3,Prome Glass metal wall3,511,TRUE
/Game/Mods/1840936777/Items/Structure/GlassMetal/Wall4/PrimalItemStructure_Prome_GlassMetalWall4.PrimalItemStructure_Prome_GlassMetalWall4,Prome Glass metal wall4,511,TRUE
/Game/Mods/1840936777/Items/Structure/GlassMetal/WallWindow/PrimalItemStructure_Prome_GlassMetalWallWithWindow.PrimalItemStructure_Prome_GlassMetalWallWithWindow,Prome glass metal window,511,TRUE
/Game/Mods/1840936777/Items/Structure/GlassMetal/Window/PrimalItemStructure_Prome_GlassMetalWindow.PrimalItemStructure_Prome_GlassMetalWindow,Prome Glass metal window,511,TRUE
/Game/Mods/1840936777/Items/Structure/InfinityWars/Easy/PrimalItem_Prome_InfinityWars_Easy.PrimalItem_Prome_InfinityWars_Easy,Prome InfinityWars easy,511,TRUE
/Game/Mods/1840936777/Items/Structure/InfinityWars/Hard/PrimalItem_Prome_InfinityWars_Hard.PrimalItem_Prome_InfinityWars_Hard,Prome InfinityWars hard,511,TRUE
/Game/Mods/1840936777/Items/Structure/InfinityWars/Medium/PrimalItem_Prome_InfinityWars_Medium.PrimalItem_Prome_InfinityWars_Medium,Prome InfinityWars medium,511,TRUE
/Game/Mods/1840936777/Items/Structure/InfinityWars/PrimalEarth/CoreBlueprints/Resources/PrimalItemConsumable_Cooked_Human_PrimeMeat.PrimalItemConsumable_Cooked_Human_PrimeMeat,Prome cooked human meat,511,TRUE
/Game/Mods/1840936777/Items/Structure/InfinityWars/PrimalEarth/CoreBlueprints/Resources/PrimalItemConsumable_Cooked_Human_PrimeMeat_Heart.PrimalItemConsumable_Cooked_Human_PrimeMeat_Heart,Prome cooked human heart,511,TRUE
/Game/Mods/1840936777/Items/Structure/InfinityWars/PrimalEarth/CoreBlueprints/Resources/PrimalItemConsumable_Cooked_Human_PrimeMeat_instenstines.PrimalItemConsumable_Cooked_Human_PrimeMeat_instenstines,Prome cooked human instenstines,511,TRUE
/Game/Mods/1840936777/Items/Structure/InfinityWars/PrimalEarth/CoreBlueprints/Resources/PrimalItemConsumable_Cooked_Human_PrimeMeat_Kidneys.PrimalItemConsumable_Cooked_Human_PrimeMeat_Kidneys,Prome cooked human kidneys,511,TRUE
/Game/Mods/1840936777/Items/Structure/InfinityWars/PrimalEarth/CoreBlueprints/Resources/PrimalItemConsumable_Cooked_Human_PrimeMeat_liver.PrimalItemConsumable_Cooked_Human_PrimeMeat_liver,Prome cooked human liver,511,TRUE
/Game/Mods/1840936777/Items/Structure/InfinityWars/PrimalEarth/CoreBlueprints/Resources/PrimalItemConsumable_Cooked_Human_PrimeMeat_lungs.PrimalItemConsumable_Cooked_Human_PrimeMeat_lungs,Prome cooked human lungs,511,TRUE
/Game/Mods/1840936777/Items/Structure/InfinityWars/PrimalEarth/CoreBlueprints/Resources/PrimalItemConsumable_Cooked_Human_PrimeMeat_skin.PrimalItemConsumable_Cooked_Human_PrimeMeat_skin,Prome cooked human skin,511,TRUE
/Game/Mods/1840936777/Items/Structure/InfinityWars/PrimalEarth/CoreBlueprints/Weapons/PrimalItem_WeaponHandcuffs_BushP.PrimalItem_WeaponHandcuffs_BushP,Prome headcuffs,511,TRUE
/Game/Mods/1840936777/Items/Structure/InfinityWars/PrimalEarth/CoreBlueprints/Weapons/PrimalItem_WeaponStoneClubNarc_BushP.PrimalItem_WeaponStoneClubNarc_BushP,Prome Narco Club,511,TRUE
/Game/Mods/1840936777/Items/Structure/InfinityWars/PrimalEarth/CoreBlueprints/Weapons/PrimalItem_WeaponTorch_DeadBodyFinder_BushP.PrimalItem_WeaponTorch_DeadBodyFinder_BushP,Prome DeadBodyFinder,511,TRUE
/Game/Mods/1840936777/Items/Structure/InfinityWars/PrimalEarth/CoreBlueprints/Weapons/PrimalItem_WeaponTorch_DinoRecall_BushP.PrimalItem_WeaponTorch_DinoRecall_BushP,Prome DinoRecall,511,TRUE
/Game/Mods/1840936777/Items/Structure/InfinityWars/PrimalEarth/Items/PrimalItemConsumable_MeatPoisoned.PrimalItemConsumable_MeatPoisoned,Prome poisoned meat,511,TRUE
/Game/Mods/1840936777/Items/Structure/InfinityWars/PrimalEarth/Items/PrimalItemStructure_AnvilBench_BushP.PrimalItemStructure_AnvilBench_BushP,Prome anvil bench,511,TRUE
/Game/Mods/1840936777/Items/Structure/InfinityWars/PrimalEarth/Items/PrimalItemStructure_Cannon_BushP.PrimalItemStructure_Cannon_BushP,Prome cannon,511,TRUE
/Game/Mods/1840936777/Items/Structure/InfinityWars/PrimalEarth/Items/PrimalItemStructure_FlagMilitaryBuildArea.PrimalItemStructure_FlagMilitaryBuildArea,Prome Military build area flag,511,TRUE
/Game/Mods/1840936777/Items/Structure/InfinityWars/PrimalEarth/Items/PrimalItemStructure_FlagResidential.PrimalItemStructure_FlagResidential,Prome Resedential flag,511,TRUE
/Game/Mods/1840936777/Items/Structure/InfinityWars/PrimalEarth/Items/PrimalItemStructure_Flag_Base1Blocker.PrimalItemStructure_Flag_Base1Blocker,Prome Base Blocker,511,TRUE
/Game/Mods/1840936777/Items/Structure/InfinityWars/PrimalEarth/Items/PrimalItemStructure_Flag_BushPeopleNexus.PrimalItemStructure_Flag_BushPeopleNexus,Prome Bushpeople,511,TRUE
/Game/Mods/1840936777/Items/Structure/InfinityWars/PrimalEarth/Items/PrimalItemStructure_Flag_RaidMe.PrimalItemStructure_Flag_RaidMe,Prome Raid Flag,511,TRUE
/Game/Mods/1840936777/Items/Structure/InfinityWars/PrimalEarth/Items/PrimalItemStructure_NpcBreeder_BushP.PrimalItemStructure_NpcBreeder_BushP,Prome npc Breeder,511,TRUE
/Game/Mods/1840936777/Items/Structure/InfinityWars/PrimalEarth/Items/PrimalItemStructure_NpcGuardLvl1.PrimalItemStructure_NpcGuardLvl1,Prome npc Guard lvl1,511,TRUE
/Game/Mods/1840936777/Items/Structure/InfinityWars/PrimalEarth/Items/PrimalItemStructure_NpcGuardLvl2_BushP.PrimalItemStructure_NpcGuardLvl2_BushP,Prome npc guard lvl2,511,TRUE
/Game/Mods/1840936777/Items/Structure/InfinityWars/PrimalEarth/Items/PrimalItemStructure_NpcTamer_BushP.PrimalItemStructure_NpcTamer_BushP,Prome npc tamer,511,TRUE
/Game/Mods/1840936777/Items/Structure/InfinityWars/PrimalEarth/Items/PrimalItemStructure_StoneFloor_NPC1x1_BushP.PrimalItemStructure_StoneFloor_NPC1x1_BushP,Prome stone floor,511,TRUE
/Game/Mods/1840936777/Items/Structure/InfinityWars/PrimalEarth/Items/PrimalItemStructure_StoneGateframe_Large_BushP.PrimalItemStructure_StoneGateframe_Large_BushP,Prome stone gateframe,511,TRUE
/Game/Mods/1840936777/Items/Structure/InfinityWars/PrimalEarth/Items/PrimalItemStructure_StoneGateLarge_BushP.PrimalItemStructure_StoneGateLarge_BushP,Prome stone gate large,511,TRUE
/Game/Mods/1840936777/Items/Structure/InfinityWars/PrimalEarth/Items/PrimalItemStructure_StorageBox_Small_FarmerBushP.PrimalItemStructure_StorageBox_Small_FarmerBushP,Prome storagebox Small,511,TRUE
/Game/Mods/1840936777/Items/Structure/InfinityWars/PrimalEarth/Items/PrimalItemStructure_TrophyPole_BushP.PrimalItemStructure_TrophyPole_BushP,Prome Trophy Pole,511,TRUE
/Game/Mods/1840936777/Items/Structure/InfinityWars/PrimalEarth/Items/PrimalItemStructure_TurretBallista_BushP.PrimalItemStructure_TurretBallista_BushP,Prome Ballista Turret,511,TRUE
/Game/Mods/1840936777/Items/Structure/InfinityWars/PrimalEarth/Items/PrimalItemStructure_TurretCatapult_BushP.PrimalItemStructure_TurretCatapult_BushP,Prome catapult turret,511,TRUE
/Game/Mods/1840936777/Items/Structure/InfinityWars/PrimalEarth/Items/PrimalItemStructure_WoodCageNpcTame.PrimalItemStructure_WoodCageNpcTame,Prome Wood cage,511,TRUE
/Game/Mods/1840936777/Items/Structure/InfinityWars/PrimalEarth/Items/PrimalItemTrophyNpcHead_BushP.PrimalItemTrophyNpcHead_BushP,Prome npc head,511,TRUE
/Game/Mods/1840936777/Items/Structure/InfinityWars/PrimalEarth/Items/Armor/PrimalItemSkin_BirthdayPants_BushP.PrimalItemSkin_BirthdayPants_BushP,Prome birthday pants,511,TRUE
/Game/Mods/1840936777/Items/Structure/InfinityWars/PrimalEarth/Items/Armor/PrimalItemSkin_BirthdayShirt_BushP.PrimalItemSkin_BirthdayShirt_BushP,Prome birthday shirt,511,TRUE
/Game/Mods/1840936777/Items/Structure/InfinityWars/PrimalEarth/Items/Armor/Skin/Helmet/PrimalItemSkin_NpcMaleHead_BushP.PrimalItemSkin_NpcMaleHead_BushP,Prome NPC head male,511,TRUE
/Game/Mods/1840936777/Items/Structure/InfinityWars/PrimalEarth/Items/Notes/PrimalItem_StartingNoteDiary.PrimalItem_StartingNoteDiary,Prome starting note diary,511,TRUE
/Game/Mods/1840936777/Items/Structure/InfinityWars/PrimalEarth/Items/Notes/PrimalItem_StartingNoteNpc.PrimalItem_StartingNoteNpc,Prome starting note npc,511,TRUE
/Game/Mods/1840936777/Items/Structure/InfinityWars/PrimalEarth/Items/Paint/PrimalItemDye_ActuallyMagenta_BushP.PrimalItemDye_ActuallyMagenta_BushP,Prome magenta dye,511,TRUE
/Game/Mods/1840936777/Items/Structure/InfinityWars/PrimalEarth/Items/Paint/PrimalItemDye_Black_BushP.PrimalItemDye_Black_BushP,Prome black dye,511,TRUE
/Game/Mods/1840936777/Items/Structure/InfinityWars/PrimalEarth/Items/Paint/PrimalItemDye_Blue_BushP.PrimalItemDye_Blue_BushP,Prome blue dye,511,TRUE
/Game/Mods/1840936777/Items/Structure/InfinityWars/PrimalEarth/Items/Paint/PrimalItemDye_Brick_BushP.PrimalItemDye_Brick_BushP,Prome brick dye,511,TRUE
/Game/Mods/1840936777/Items/Structure/InfinityWars/PrimalEarth/Items/Paint/PrimalItemDye_Brown_BushP.PrimalItemDye_Brown_BushP,Prome brown dye,511,TRUE
/Game/Mods/1840936777/Items/Structure/InfinityWars/PrimalEarth/Items/Paint/PrimalItemDye_Cantaloupe_BushP.PrimalItemDye_Cantaloupe_BushP,Prome cantaloupe dye,511,TRUE
/Game/Mods/1840936777/Items/Structure/InfinityWars/PrimalEarth/Items/Paint/PrimalItemDye_Cyan_BushP.PrimalItemDye_Cyan_BushP,Prome cyan dye,511,TRUE
/Game/Mods/1840936777/Items/Structure/InfinityWars/PrimalEarth/Items/Paint/PrimalItemDye_Forest_BushP.PrimalItemDye_Forest_BushP,Prome forest dye,511,TRUE
/Game/Mods/1840936777/Items/Structure/InfinityWars/PrimalEarth/Items/Paint/PrimalItemDye_Green_BushP.PrimalItemDye_Green_BushP,Prome green dye,511,TRUE
/Game/Mods/1840936777/Items/Structure/InfinityWars/PrimalEarth/Items/Paint/PrimalItemDye_Magenta_BushP.PrimalItemDye_Magenta_BushP,Prome magenta dye,511,TRUE
/Game/Mods/1840936777/Items/Structure/InfinityWars/PrimalEarth/Items/Paint/PrimalItemDye_Mud_BushP.PrimalItemDye_Mud_BushP,Prome mud dye,511,TRUE
/Game/Mods/1840936777/Items/Structure/InfinityWars/PrimalEarth/Items/Paint/PrimalItemDye_Navy_BushP.PrimalItemDye_Navy_BushP,Prome navy dye,511,TRUE
/Game/Mods/1840936777/Items/Structure/InfinityWars/PrimalEarth/Items/Paint/PrimalItemDye_Olive_BushP.PrimalItemDye_Olive_BushP,Prome olive dye,511,TRUE
/Game/Mods/1840936777/Items/Structure/InfinityWars/PrimalEarth/Items/Paint/PrimalItemDye_Orange_BushP.PrimalItemDye_Orange_BushP,Prome oragne dye,511,TRUE
/Game/Mods/1840936777/Items/Structure/InfinityWars/PrimalEarth/Items/Paint/PrimalItemDye_Parchment_BushP.PrimalItemDye_Parchment_BushP,Prome parchment dye,511,TRUE
/Game/Mods/1840936777/Items/Structure/InfinityWars/PrimalEarth/Items/Paint/PrimalItemDye_Pink_BushP.PrimalItemDye_Pink_BushP,Prome pink dye,511,TRUE
/Game/Mods/1840936777/Items/Structure/InfinityWars/PrimalEarth/Items/Paint/PrimalItemDye_Purple_BushP.PrimalItemDye_Purple_BushP,Prome purple dye,511,TRUE
/Game/Mods/1840936777/Items/Structure/InfinityWars/PrimalEarth/Items/Paint/PrimalItemDye_Red_BushP.PrimalItemDye_Red_BushP,Prome red dye,511,TRUE
/Game/Mods/1840936777/Items/Structure/InfinityWars/PrimalEarth/Items/Paint/PrimalItemDye_Royalty_BushP.PrimalItemDye_Royalty_BushP,Prome royalty dye,511,TRUE
/Game/Mods/1840936777/Items/Structure/InfinityWars/PrimalEarth/Items/Paint/PrimalItemDye_Silver_BushP.PrimalItemDye_Silver_BushP,Prome silver dye,511,TRUE
/Game/Mods/1840936777/Items/Structure/InfinityWars/PrimalEarth/Items/Paint/PrimalItemDye_Sky_BushP.PrimalItemDye_Sky_BushP,Prome sky dye,511,TRUE
/Game/Mods/1840936777/Items/Structure/InfinityWars/PrimalEarth/Items/Paint/PrimalItemDye_Slate_BushP.PrimalItemDye_Slate_BushP,Prome slate dye,511,TRUE
/Game/Mods/1840936777/Items/Structure/InfinityWars/PrimalEarth/Items/Paint/PrimalItemDye_Tangerine_BushP.PrimalItemDye_Tangerine_BushP,Prome tangerine dye,511,TRUE
/Game/Mods/1840936777/Items/Structure/InfinityWars/PrimalEarth/Items/Paint/PrimalItemDye_Tan_BushP.PrimalItemDye_Tan_BushP,Prome tan dye,511,TRUE
/Game/Mods/1840936777/Items/Structure/InfinityWars/PrimalEarth/Items/Paint/PrimalItemDye_White_BushP.PrimalItemDye_White_BushP,Prome white dye,511,TRUE
/Game/Mods/1840936777/Items/Structure/InfinityWars/PrimalEarth/Items/Paint/PrimalItemDye_Yellow_BushP.PrimalItemDye_Yellow_BushP,Prome yello dye,511,TRUE
/Game/Mods/1840936777/Items/Structure/MusicSandbox/PrimalItemStructure_Prome_MusicSandbox.PrimalItemStructure_Prome_MusicSandbox,Prome Music Sandbox,511,TRUE
/Game/Mods/1840936777/Items/Structure/MusicSandbox/01/PrimalItemStructure_MusicSandbox1.PrimalItemStructure_MusicSandbox1,Prome Music Sandbox 01,511,TRUE
/Game/Mods/1840936777/Items/Structure/MusicSandbox/02/PrimalItemStructure_MusicSandbox2.PrimalItemStructure_MusicSandbox2,Prome Music Sandbox 02,511,TRUE
/Game/Mods/1840936777/Items/Structure/MusicSandbox/03/PrimalItemStructure_MusicSandbox3.PrimalItemStructure_MusicSandbox3,Prome Music Sandbox 03,511,TRUE
/Game/Mods/1840936777/Items/Structure/MusicSandbox/04/PrimalItemStructure_MusicSandbox4.PrimalItemStructure_MusicSandbox4,Prome Music Sandbox 04,511,TRUE
/Game/Mods/1840936777/Items/Structure/MusicSandbox/05/PrimalItemStructure_MusicSandbox5.PrimalItemStructure_MusicSandbox5,Prome Music Sandbox 05,511,TRUE
/Game/Mods/1840936777/Items/Structure/MusicSandbox/06/PrimalItemStructure_MusicSandbox6.PrimalItemStructure_MusicSandbox6,Prome Music Sandbox 06,511,TRUE
/Game/Mods/1840936777/Items/Structure/MusicSandbox/07/PrimalItemStructure_MusicSandbox7.PrimalItemStructure_MusicSandbox7,Prome Music Sandbox 07,511,TRUE
/Game/Mods/1840936777/Items/Structure/MusicSandbox/08/PrimalItemStructure_MusicSandbox8.PrimalItemStructure_MusicSandbox8,Prome Music Sandbox 08,511,TRUE
/Game/Mods/1840936777/Items/Structure/MusicSandbox/09/PrimalItemStructure_MusicSandbox9.PrimalItemStructure_MusicSandbox9,Prome Music Sandbox 09,511,TRUE
/Game/Mods/1840936777/Items/Structure/MusicSandbox/10/PrimalItemStructure_MusicSandbox10.PrimalItemStructure_MusicSandbox10,Prome Music Sandbox 10,511,TRUE
/Game/Mods/1840936777/Items/Structure/MusicSandbox/11/PrimalItemStructure_MusicSandbox11.PrimalItemStructure_MusicSandbox11,Prome Music Sandbox 11,511,TRUE
/Game/Mods/1840936777/Items/Structure/MusicSandbox/12/PrimalItemStructure_MusicSandbox12.PrimalItemStructure_MusicSandbox12,Prome Music Sandbox 12,511,TRUE
/Game/Mods/1840936777/Items/Structure/MusicSandbox/13/PrimalItemStructure_MusicSandbox13.PrimalItemStructure_MusicSandbox13,Prome Music Sandbox 13,511,TRUE
/Game/Mods/1840936777/Items/Structure/MusicSandbox/14/PrimalItemStructure_MusicSandbox14.PrimalItemStructure_MusicSandbox14,Prome Music Sandbox 14,511,TRUE
/Game/Mods/1840936777/Items/Structure/MusicSandbox/15/PrimalItemStructure_MusicSandbox15.PrimalItemStructure_MusicSandbox15,Prome Music Sandbox 15,511,TRUE
/Game/Mods/1840936777/Items/Structure/MusicSandbox/16/PrimalItemStructure_MusicSandbox16.PrimalItemStructure_MusicSandbox16,Prome Music Sandbox 16,511,TRUE
/Game/Mods/1840936777/Items/Structure/MusicSandbox/17/PrimalItemStructure_MusicSandbox17.PrimalItemStructure_MusicSandbox17,Prome Music Sandbox 17,511,TRUE
/Game/Mods/1840936777/Items/Structure/MusicSandbox/18/PrimalItemStructure_MusicSandbox18.PrimalItemStructure_MusicSandbox18,Prome Music Sandbox 18,511,TRUE
/Game/Mods/1840936777/Items/Structure/MusicSandbox/19/PrimalItemStructure_MusicSandbox19.PrimalItemStructure_MusicSandbox19,Prome Music Sandbox 19,511,TRUE
/Game/Mods/1840936777/Items/Structure/MusicSandbox/20/PrimalItemStructure_MusicSandbox20.PrimalItemStructure_MusicSandbox20,Prome Music Sandbox 20,511,TRUE
/Game/Mods/1840936777/Items/Structure/MusicSandbox/21/PrimalItemStructure_MusicSandbox21.PrimalItemStructure_MusicSandbox21,Prome Music Sandbox 21,511,TRUE
/Game/Mods/1840936777/Items/Structure/MusicSandbox/22/PrimalItemStructure_MusicSandbox22.PrimalItemStructure_MusicSandbox22,Prome Music Sandbox 22,511,TRUE
/Game/Mods/1840936777/Items/Structure/MusicSandbox/23/PrimalItemStructure_MusicSandbox23.PrimalItemStructure_MusicSandbox23,Prome Music Sandbox 23,511,TRUE
/Game/Mods/1840936777/Items/Structure/MusicSandbox/24/PrimalItemStructure_MusicSandbox24.PrimalItemStructure_MusicSandbox24,Prome Music Sandbox 24,511,TRUE
/Game/Mods/1840936777/Items/Structure/NanoGenerator/PrimalItemStructure_Prome_NanoGenerator.PrimalItemStructure_Prome_NanoGenerator,Prome nano generator,511,TRUE
/Game/Mods/1840936777/Items/Structure/NanoTurret/PrimalItemStructure_Prome_NanoTurret.PrimalItemStructure_Prome_NanoTurret,Prome nano turret,511,TRUE
/Game/Mods/1840936777/Items/Structure/NanoTurret/Admin/PrimalItemStructure_Prome_AdminTurret.PrimalItemStructure_Prome_AdminTurret,Prome NanoTurret admin,511,TRUE
/Game/Mods/1840936777/Items/Structure/PromeDinoRagnarok/PrimalItemStructure_Ragnarok.PrimalItemStructure_Ragnarok,Prome Structure Ragnarok,511,TRUE
/Game/Mods/1840936777/Items/Structure/PromeDinoTheCenter/PrimalItemStructure_TheCenter.PrimalItemStructure_TheCenter,Prome Structure TheCenter,511,TRUE
/Game/Mods/1840936777/Items/Structure/PromeDinoTheIsland/PrimalItemStructure_PromeDinoCube.PrimalItemStructure_PromeDinoCube,Prome Dinocube,511,TRUE
/Game/Mods/1840936777/Items/Structure/ShieldGenerator/PrimalItemStructure_PromeShieldGenerator.PrimalItemStructure_PromeShieldGenerator,Prome ShieldGenerator,511,TRUE
/Game/Mods/1840936777/Items/Structure/ShieldGenerator/2X/PrimalItemStructure_PromeShieldGenerator_2X.PrimalItemStructure_PromeShieldGenerator_2X,Prome Shield generator 2x,511,TRUE
/Game/Mods/1840936777/Items/Structure/ShieldGenerator/SuperShield/PrimalItemConsumable_Admin.PrimalItemConsumable_Admin,Prome Admin,511,TRUE
/Game/Mods/1840936777/Items/Structure/ShieldGenerator/SuperShield/PrimalItemStructure_PromeSuperShield.PrimalItemStructure_PromeSuperShield,Prome supershield,511,TRUE
/Game/Mods/1840936777/Items/Structure/Shop/PrimalItemStructure_Prome_Shop.PrimalItemStructure_Prome_Shop,Prome Prome Shop,511,TRUE
/Game/Mods/1840936777/Items/Structure/Shop/BlackPearl/PrimalItemResource_BlackPearl_Shop.PrimalItemResource_BlackPearl_Shop,Prome Shop blackpearl,511,TRUE
/Game/Mods/1840936777/Items/Structure/Shop/ExpPotion/PrimalItemConsumable_Prome_XPHuge.PrimalItemConsumable_Prome_XPHuge,Prome XPHuge,511,TRUE
/Game/Mods/1840936777/Items/Structure/Shop/ExpPotion/PrimalItemConsumable_Prome_XPLarge.PrimalItemConsumable_Prome_XPLarge,Prome XPLarge,511,TRUE
/Game/Mods/1840936777/Items/Structure/Shop/ExpPotion/PrimalItemConsumable_Prome_XPMedium.PrimalItemConsumable_Prome_XPMedium,Prome XPMedium,511,TRUE
/Game/Mods/1840936777/Items/Structure/Shop/ExpPotion/PrimalItemConsumable_Prome_XPSmall.PrimalItemConsumable_Prome_XPSmall,Prome XPSmall,511,TRUE
/Game/Mods/1840936777/Items/Structure/Shop/ExpPotion/PrimalItemConsumable_Prome_XPsuper.PrimalItemConsumable_Prome_XPsuper,Prome XPSuper,511,TRUE
/Game/Mods/1840936777/Items/Structure/Shop/ExpPotion/PrimalItemConsumable_Prome_XPTiny.PrimalItemConsumable_Prome_XPTiny,Prome XPTiny,511,TRUE
/Game/Mods/1840936777/Items/Structure/Shop/HealthPotion/PrimalItemConsumable_HealthPotion_Shop.PrimalItemConsumable_HealthPotion_Shop,Prome Shop healthpotion,511,TRUE
/Game/Mods/1840936777/Items/Structure/Shop/MagicPotion/PrimalItemConsumable_FlameMagicPotion_Shop.PrimalItemConsumable_FlameMagicPotion_Shop,Prome Shop magic flamepotion,511,TRUE
/Game/Mods/1840936777/Items/Structure/Shop/MagicPotion/PrimalItemConsumable_FlightMagicPotion_Shop.PrimalItemConsumable_FlightMagicPotion_Shop,Prome Shop magic flightpoition,511,TRUE
/Game/Mods/1840936777/Items/Structure/Shop/MagicPotion/PrimalItemConsumable_GuardMagicPotion_Shop.PrimalItemConsumable_GuardMagicPotion_Shop,Prome Shop magic guardpotion,511,TRUE
/Game/Mods/1840936777/Items/Structure/Shop/MagicPotion/PrimalItemConsumable_LightningMagicPotion_Shop.PrimalItemConsumable_LightningMagicPotion_Shop,Prome Shop magic lightningpotion,511,TRUE
/Game/Mods/1840936777/Items/Structure/Shop/MagicPotion/PrimalItemConsumable_PoisonMagicPotion_Shop.PrimalItemConsumable_PoisonMagicPotion_Shop,Prome Shop magic poisonpotion,511,TRUE
/Game/Mods/1840936777/Items/Structure/Shop/MagicPotion/PrimalItemConsumable_PowerMagicPotion_Shop.PrimalItemConsumable_PowerMagicPotion_Shop,Prome Shop magic powerpotion,511,TRUE
/Game/Mods/1840936777/Items/Structure/Shop/MagicPotion/PrimalItemConsumable_SpeedMagicPotion_Shop.PrimalItemConsumable_SpeedMagicPotion_Shop,Prome Shop magic magicpotion,511,TRUE
/Game/Mods/1840936777/Items/Structure/Shop/PoisonElement/PrimalItemResource_PoisonElement_Shop.PrimalItemResource_PoisonElement_Shop,Prome Shop poison element,511,TRUE
/Game/Mods/1840936777/Items/Structure/Shop/PoisonPotion/PrimalItemConsumable_PoisonPotion_Shop.PrimalItemConsumable_PoisonPotion_Shop,Prome Shop poiso npotion,511,TRUE
/Game/Mods/1840936777/Items/Structure/Shop/SoberPotion/PrimalItemConsumable_SoberPotion_Shop.PrimalItemConsumable_SoberPotion_Shop,Prome Shop sober potion,511,TRUE
/Game/Mods/1840936777/Items/Structure/SUV/PrimalItemSUV.PrimalItemSUV,Prome SUV,511,TRUE
/Game/Mods/1840936777/Items/Structure/TEK/PrimalItemStructure_Prome_TekArchitecture.PrimalItemStructure_Prome_TekArchitecture,Prome TekArchitecture,511,TRUE
/Game/Mods/1840936777/Items/Structure/TEK/Tek_Beam/PrimalItemStructure_Prome_TekCatwalk.PrimalItemStructure_Prome_TekCatwalk,Prome TEK catwalk,511,TRUE
/Game/Mods/1840936777/Items/Structure/TEK/Tek_Behemoth_Gate/PrimalItemStructure_Prome_TekGateframe_Large.PrimalItemStructure_Prome_TekGateframe_Large,Prome TekGateframe Large,511,TRUE
/Game/Mods/1840936777/Items/Structure/TEK/Tek_Behemoth_Gate_Hex/PrimalItemStructure_Prome_TekGate_Large.PrimalItemStructure_Prome_TekGate_Large,Prome TekGate Large,511,TRUE
/Game/Mods/1840936777/Items/Structure/TEK/Tek_Ceiling/PrimalItemStructure_Prome_TekCeiling.PrimalItemStructure_Prome_TekCeiling,Prome TEK ceiling,511,TRUE
/Game/Mods/1840936777/Items/Structure/TEK/Tek_Doorframe/PrimalItemStructure_Prome_TekWallWithDoor.PrimalItemStructure_Prome_TekWallWithDoor,Prome Tek doorframe,511,TRUE
/Game/Mods/1840936777/Items/Structure/TEK/Tek_Door_Hex/PrimalItemStructure_Prome_TekDoor.PrimalItemStructure_Prome_TekDoor,Prome tek door,511,TRUE
/Game/Mods/1840936777/Items/Structure/TEK/Tek_Fence_Foundation/PrimalItemStructure_Prome_TekFenceFoundation.PrimalItemStructure_Prome_TekFenceFoundation,Prome Tek fence_foundation,511,TRUE
/Game/Mods/1840936777/Items/Structure/TEK/Tek_Floor/PrimalItemStructure_Prome_TekFloor.PrimalItemStructure_Prome_TekFloor,Prome TEK floor,511,TRUE
/Game/Mods/1840936777/Items/Structure/TEK/Tek_HatchFrame/PrimalItemStructure_Prome_TekCeilingWithTrapdoor.PrimalItemStructure_Prome_TekCeilingWithTrapdoor,Prome Tek hatchframe,511,TRUE
/Game/Mods/1840936777/Items/Structure/TEK/Tek_Hatch_Hex/PrimalItemStructure_Prome_TekTrapdoor.PrimalItemStructure_Prome_TekTrapdoor,Prome tek hatch,511,TRUE
/Game/Mods/1840936777/Items/Structure/TEK/Tek_Ladder/PrimalItemStructure_Prome_TekLadder.PrimalItemStructure_Prome_TekLadder,Prome TEK ladder,511,TRUE
/Game/Mods/1840936777/Items/Structure/TEK/Tek_Pillar/PrimalItemStructure_Prome_TekPillar.PrimalItemStructure_Prome_TekPillar,Prome TEK pillar,511,TRUE
/Game/Mods/1840936777/Items/Structure/TEK/Tek_Railing/PrimalItemStructure_Prome_TekRailing.PrimalItemStructure_Prome_TekRailing,Prome TEK railing,511,TRUE
/Game/Mods/1840936777/Items/Structure/TEK/Tek_Ramp/PrimalItemStructure_Prome_TekRamp.PrimalItemStructure_Prome_TekRamp,Prome TEK ramp,511,TRUE
/Game/Mods/1840936777/Items/Structure/TEK/Tek_Roof/PrimalItemStructure_Prome_TekRoof.PrimalItemStructure_Prome_TekRoof,Prome TEK roof,511,TRUE
/Game/Mods/1840936777/Items/Structure/TEK/Tek_SlopedWallLeft/PrimalItemStructure_Prome_TekWall_Sloped_Left.PrimalItemStructure_Prome_TekWall_Sloped_Left,Prome tek slopedwallleft,511,TRUE
/Game/Mods/1840936777/Items/Structure/TEK/Tek_SlopedWallRight/PrimalItemStructure_Prome_TekWall_Sloped_Right.PrimalItemStructure_Prome_TekWall_Sloped_Right,Prome tek slopedwallright,511,TRUE
/Game/Mods/1840936777/Items/Structure/TEK/Tek_Spiral_Stairs/PrimalItemStructure_Prome_TekStairs.PrimalItemStructure_Prome_TekStairs,Prome tek stairs,511,TRUE
/Game/Mods/1840936777/Items/Structure/TEK/Tek_Wall/PrimalItemStructure_Prome_TekWall.PrimalItemStructure_Prome_TekWall,Prome tek wall,511,TRUE
/Game/Mods/1840936777/Items/Structure/TEK/Tek_Window_Hex/PrimalItemStructure_Prome_TekWindow.PrimalItemStructure_Prome_TekWindow,Prome tek window,511,TRUE
/Game/Mods/1840936777/Items/Structure/TEK/Tek_Window_Wall/PrimalItemStructure_Prome_TekWallWithWindow.PrimalItemStructure_Prome_TekWallWithWindow,Prome tek window,511,TRUE
/Game/Mods/1840936777/Items/Structure/Workbench/PrimalItemStructure_PandoraBox.PrimalItemStructure_PandoraBox,Prome PandoraBox,511,TRUE
/Game/Mods/1840936777/Items/SuicidePotion/PrimalItemConsumable_PoisonSuicide.PrimalItemConsumable_PoisonSuicide,Prome Poison Suicide,511,TRUE
/Game/Mods/1840936777/Items/WisdomRunes/PrimalItemResource_Prome_WisdomRunes.PrimalItemResource_Prome_WisdomRunes,Prome wisdomrunes,511,TRUE
/Game/Mods/1840936777/OldAssets/PrimalEarth/CoreBlueprints/Items/Artifacts/PrimalItemArtifact_10.PrimalItemArtifact_10,Prome Multycraftitem Artifacts,511,TRUE
/Game/Mods/1840936777/PrimalEarth/CoreBlueprints/Items/Artifacts/PrimalItemArtifact_10.PrimalItemArtifact_10,Prome artifacts,511,TRUE
