Path,Label,Availability Mask,Can Blueprint
/Game/Mods/AE/Items/Armor/Eternal/PrimalItemArmor_EternalBoots.PrimalItemArmor_EternalBoots,Eternal Boots,31,TRUE
/Game/Mods/AE/Items/Armor/Eternal/PrimalItemArmor_EternalGloves.PrimalItemArmor_EternalGloves,Eternal Gloves,31,TRUE
/Game/Mods/AE/Items/Armor/Eternal/PrimalItemArmor_EternalHelmet.PrimalItemArmor_EternalHelmet,Eternal Helmet,31,TRUE
/Game/Mods/AE/Items/Armor/Eternal/PrimalItemArmor_EternalPants.PrimalItemArmor_EternalPants,Eternal Pants,31,TRUE
/Game/Mods/AE/Items/Armor/Eternal/PrimalItemArmor_EternalShirt.PrimalItemArmor_EternalShirt,Eternal Shirt,31,TRUE
/Game/Mods/AE/Items/Armor/Ghillie/PrimalItemArmor_EternalGhillieBoots.PrimalItemArmor_EternalGhillieBoots,Eternal Ghillie Boots,31,TRUE
/Game/Mods/AE/Items/Armor/Ghillie/PrimalItemArmor_EternalGhillieGloves.PrimalItemArmor_EternalGhillieGloves,Eternal Ghillie Gloves,31,TRUE
/Game/Mods/AE/Items/Armor/Ghillie/PrimalItemArmor_EternalGhillieHelmet.PrimalItemArmor_EternalGhillieHelmet,Eternal Ghillie Helmet,31,TRUE
/Game/Mods/AE/Items/Armor/Ghillie/PrimalItemArmor_EternalGhilliePants.PrimalItemArmor_EternalGhilliePants,Eternal Ghillie Pants,31,TRUE
/Game/Mods/AE/Items/Armor/Ghillie/PrimalItemArmor_EternalGhillieShirt.PrimalItemArmor_EternalGhillieShirt,Eternal Ghillie Shirt,31,TRUE
/Game/Mods/AE/Items/Armor/AETek/PrimalItemArmor_EternalTekBoots.PrimalItemArmor_EternalTekBoots,Eternal Tek Boots,31,TRUE
/Game/Mods/AE/Items/Armor/AETek/PrimalItemArmor_EternalTekGloves.PrimalItemArmor_EternalTekGloves,Eternal Tek Gloves,31,TRUE
/Game/Mods/AE/Items/Armor/AETek/PrimalItemArmor_EternalTekHelmet.PrimalItemArmor_EternalTekHelmet,Eternal Tek Helmet,31,TRUE
/Game/Mods/AE/Items/Armor/AETek/PrimalItemArmor_EternalTekPants.PrimalItemArmor_EternalTekPants,Eternal Tek Pants,31,TRUE
/Game/Mods/AE/Items/Armor/AETek/PrimalItemArmor_EternalTekShirt.PrimalItemArmor_EternalTekShirt,Eternal Tek Shirt,31,TRUE
/Game/Mods/AE/Core/Evolutions/Evolution/Age/PrimalItemConsumable_Evolve_Age.PrimalItemConsumable_Evolve_Age,Evolve Age,31,TRUE
/Game/Mods/AE/Core/Evolutions/Evolution/Age/PrimalItemConsumable_Evolve_Age_Child.PrimalItemConsumable_Evolve_Age_Child,Evolve Age Child,31,TRUE
/Game/Mods/AE/Core/Evolutions/Evolution/Treat/PrimalItem_Evolution_Allo.PrimalItem_Evolution_Allo,Evolution Allo,31,TRUE
/Game/Mods/AE/Core/Evolutions/Evolution/Treat/PrimalItem_Evolution_Carno.PrimalItem_Evolution_Carno,Evolution Carno,31,TRUE
/Game/Mods/AE/Core/Evolutions/Evolution/Treat/PrimalItem_Evolution_Compy.PrimalItem_Evolution_Compy,Evolution Compy,31,TRUE
/Game/Mods/AE/Core/Evolutions/Evolution/Treat/PrimalItem_Evolution_DodoRex.PrimalItem_Evolution_DodoRex,Evolution Dodo Rex,31,TRUE
/Game/Mods/AE/Core/Evolutions/Evolution/Treat/PrimalItem_Evolution_Gigant.PrimalItem_Evolution_Gigant,Evolution Gigant,31,TRUE
/Game/Mods/AE/Core/Evolutions/Evolution/Treat/PrimalItem_Evolution_Raptor.PrimalItem_Evolution_Raptor,Evolution Raptor,31,TRUE
/Game/Mods/AE/Core/Evolutions/Evolution/Treat/PrimalItem_Evolution_Rex.PrimalItem_Evolution_Rex,Evolution Rex,31,TRUE
/Game/Mods/AE/Core/Evolutions/Evolve/Recipe/PrimalItem_Evolve_FrostWyvern.PrimalItem_Evolve_FrostWyvern,Evolve Frost Wyvern,31,TRUE
/Game/Mods/AE/Core/Evolutions/Evolve/Recipe/PrimalItem_Evolve_IceWyvern.PrimalItem_Evolve_IceWyvern,Evolve Ice Wyvern,31,TRUE
/Game/Mods/AE/Core/Evolutions/Evolve/Recipe/PrimalItem_Evolve_PoisonZombieWyvern.PrimalItem_Evolve_PoisonZombieWyvern,Evolve Poison Zombie Wyvern,31,TRUE
/Game/Mods/AE/Core/Evolutions/Evolve/Recipe/PrimalItem_Evolve_PowerZombieWyvern.PrimalItem_Evolve_PowerZombieWyvern,Evolve Power Zombie Wyvern,31,TRUE
/Game/Mods/AE/Core/Evolutions/Evolve/Recipe/PrimalItem_Evolve_SpeedZombieWyvern.PrimalItem_Evolve_SpeedZombieWyvern,Evolve Speed Zombie Wyvern,31,TRUE
/Game/Mods/AE/Core/Evolutions/Evolve/Recipe/PrimalItem_Evolve_ZombieWyvern.PrimalItem_Evolve_ZombieWyvern,Evolve Zombie Wyvern,31,TRUE
/Game/Mods/AE/Core/Evolutions/Evolve/Recipe/Elemental/PrimalItem_Evolve_Elite_Oviraptor.PrimalItem_Evolve_Elite_Oviraptor,Evolve Elite Oviraptor,31,TRUE
/Game/Mods/AE/Core/Evolutions/Evolve/Recipe/RaphusDodo/PrimalItem_Evolve_RaphusDodo.PrimalItem_Evolve_RaphusDodo,Evolve Raphus Dodo,31,TRUE
/Game/Mods/AE/Core/Evolutions/Evolve/Recipe/TheUnknown/PrimalItem_Evolve_TheUnknown_Gorilla_Poison.PrimalItem_Evolve_TheUnknown_Gorilla_Poison,Evolve The Unknown Gorilla Poison,31,TRUE
/Game/Mods/AE/Core/Evolutions/Evolve/Recipe/TheUnknown/PrimalItem_Evolve_TheUnknown_Gorilla_Power.PrimalItem_Evolve_TheUnknown_Gorilla_Power,Evolve The Unknown Gorilla Power,31,TRUE
/Game/Mods/AE/Core/Evolutions/Evolve/Recipe/TheUnknown/PrimalItem_Evolve_TheUnknown_Gorilla_Speed.PrimalItem_Evolve_TheUnknown_Gorilla_Speed,Evolve The Unknown Gorilla Speed,31,TRUE
/Game/Mods/AE/Core/Evolutions/Evolve/Recipe/TheUnknown/PrimalItem_Evolve_TheUnknown_Wyvern_Poison.PrimalItem_Evolve_TheUnknown_Wyvern_Poison,Evolve The Unknown Wyvern Poison,31,TRUE
/Game/Mods/AE/Core/Evolutions/Evolve/Recipe/TheUnknown/PrimalItem_Evolve_TheUnknown_Wyvern_Power.PrimalItem_Evolve_TheUnknown_Wyvern_Power,Evolve The Unknown Wyvern Power,31,TRUE
/Game/Mods/AE/Core/Evolutions/Evolve/Recipe/TheUnknown/PrimalItem_Evolve_TheUnknown_Wyvern_Speed.PrimalItem_Evolve_TheUnknown_Wyvern_Speed,Evolve The Unknown Wyvern Speed,31,TRUE
/Game/Mods/AE/Dinos/Alpha/Moth/PrimalItemConsumable_MulticraftItem_AlphaMoth.PrimalItemConsumable_MulticraftItem_AlphaMoth,Multicraft Item Alpha Moth,31,TRUE
/Game/Mods/AE/Dinos/Darkstar/PrimalItem_Note_DarkstarAttacks.PrimalItem_Note_DarkstarAttacks,Note Darkstar Attacks,31,TRUE
/Game/Mods/AE/Dinos/Elemental/Dragon/PrimalItemArmor_AEDragonArmor.PrimalItemArmor_AEDragonArmor,A E Dragon Armor,31,TRUE
/Game/Mods/AE/Dinos/Eternal/Harvest/Ankylo/PrimalItemResource_GasolineEternalAnky.PrimalItemResource_GasolineEternalAnky,Gasoline Eternal Anky,31,TRUE
/Game/Mods/AE/Dinos/Eternal/Harvest/Ankylo/PrimalItemResource_GasolineEternalAnkyNOAC.PrimalItemResource_GasolineEternalAnkyNOAC,Gasoline Eternal Anky N O A C,31,TRUE
/Game/Mods/AE/Dinos/Eternal/Harvest/Ankylo/PrimalItemResource_MetalIngotAE.PrimalItemResource_MetalIngotAE,Metal Ingot A E,31,TRUE
/Game/Mods/AE/Dinos/Eternal/Harvest/Ankylo/PrimalItemResource_MetalIngotEternalAnky.PrimalItemResource_MetalIngotEternalAnky,Metal Ingot Eternal Anky,31,TRUE
/Game/Mods/AE/Dinos/Eternal/Harvest/Ankylo/PrimalItemResource_MetalIngotEternalAnkyNOAC.PrimalItemResource_MetalIngotEternalAnkyNOAC,Metal Ingot Eternal Anky N O A C,31,TRUE
/Game/Mods/AE/Dinos/Eternal/Harvest/Doed/Craftables/PrimalItemResource_BugRepellantEternalDoed.PrimalItemResource_BugRepellantEternalDoed,Bug Repellant Eternal Doed,31,TRUE
/Game/Mods/AE/Dinos/Eternal/Harvest/Doed/Craftables/PrimalItemResource_BugRepellantEternalDoedNOAC.PrimalItemResource_BugRepellantEternalDoedNOAC,Bug Repellant Eternal Doed N O A C,31,TRUE
/Game/Mods/AE/Dinos/Eternal/Harvest/Doed/Craftables/PrimalItemResource_CementingPasteEternalDoed.PrimalItemResource_CementingPasteEternalDoed,Cementing Paste Eternal Doed,31,TRUE
/Game/Mods/AE/Dinos/Eternal/Harvest/Doed/Craftables/PrimalItemResource_CementingPasteEternalDoedNOAC.PrimalItemResource_CementingPasteEternalDoedNOAC,Cementing Paste Eternal Doed N O A C,31,TRUE
/Game/Mods/AE/Dinos/Eternal/Harvest/Doed/Craftables/PrimalItemResource_ClayEternalDoed.PrimalItemResource_ClayEternalDoed,Clay Eternal Doed,31,TRUE
/Game/Mods/AE/Dinos/Eternal/Harvest/Doed/Craftables/PrimalItemResource_ClayEternalDoedNOAC.PrimalItemResource_ClayEternalDoedNOAC,Clay Eternal Doed N O A C,31,TRUE
/Game/Mods/AE/Dinos/Eternal/Harvest/Doed/Craftables/PrimalItemResource_GunPowderEternalDoed.PrimalItemResource_GunPowderEternalDoed,Gun Powder Eternal Doed,31,TRUE
/Game/Mods/AE/Dinos/Eternal/Harvest/Doed/Craftables/PrimalItemResource_GunPowderEternalDoedNOAC.PrimalItemResource_GunPowderEternalDoedNOAC,Gun Powder Eternal Doed N O A C,31,TRUE
/Game/Mods/AE/Dinos/Eternal/Harvest/Doed/Craftables/PrimalItemResource_LesserAntidoteEternalDoed.PrimalItemResource_LesserAntidoteEternalDoed,Lesser Antidote Eternal Doed,31,TRUE
/Game/Mods/AE/Dinos/Eternal/Harvest/Doed/Craftables/PrimalItemResource_LesserAntidoteEternalDoedNOAC.PrimalItemResource_LesserAntidoteEternalDoedNOAC,Lesser Antidote Eternal Doed N O A C,31,TRUE
/Game/Mods/AE/Dinos/Eternal/Harvest/Doed/Craftables/PrimalItemResource_NarcoticEternalDoed.PrimalItemResource_NarcoticEternalDoed,Narcotic Eternal Doed,31,TRUE
/Game/Mods/AE/Dinos/Eternal/Harvest/Doed/Craftables/PrimalItemResource_NarcoticEternalDoedNOAC.PrimalItemResource_NarcoticEternalDoedNOAC,Narcotic Eternal Doed N O A C,31,TRUE
/Game/Mods/AE/Dinos/Eternal/Harvest/Doed/Craftables/PrimalItemResource_PreservingSaltEternalDoed.PrimalItemResource_PreservingSaltEternalDoed,Preserving Salt Eternal Doed,31,TRUE
/Game/Mods/AE/Dinos/Eternal/Harvest/Doed/Craftables/PrimalItemResource_PreservingSaltEternalDoedNOAC.PrimalItemResource_PreservingSaltEternalDoedNOAC,Preserving Salt Eternal Doed N O A C,31,TRUE
/Game/Mods/AE/Dinos/Eternal/Harvest/Doed/Craftables/PrimalItemResource_PropellantEternalDoed.PrimalItemResource_PropellantEternalDoed,Propellant Eternal Doed,31,TRUE
/Game/Mods/AE/Dinos/Eternal/Harvest/Doed/Craftables/PrimalItemResource_PropellantEternalDoedNOAC.PrimalItemResource_PropellantEternalDoedNOAC,Propellant Eternal Doed N O A C,31,TRUE
/Game/Mods/AE/Dinos/Eternal/Harvest/Doed/Craftables/PrimalItemResource_SparkPowderEternalDoed.PrimalItemResource_SparkPowderEternalDoed,Spark Powder Eternal Doed,31,TRUE
/Game/Mods/AE/Dinos/Eternal/Harvest/Doed/Craftables/PrimalItemResource_SparkPowderEternalDoedNOAC.PrimalItemResource_SparkPowderEternalDoedNOAC,Spark Powder Eternal Doed N O A C,31,TRUE
/Game/Mods/AE/Dinos/Eternal/Harvest/Doed/Craftables/PrimalItemResource_StimulantEternalDoed.PrimalItemResource_StimulantEternalDoed,Stimulant Eternal Doed,31,TRUE
/Game/Mods/AE/Dinos/Eternal/Harvest/Doed/Craftables/PrimalItemResource_StimulantEternalDoedNOAC.PrimalItemResource_StimulantEternalDoedNOAC,Stimulant Eternal Doed N O A C,31,TRUE
/Game/Mods/AE/Dinos/Harbinger/_Beetles/Item/PrimalItemConsumable_MulticraftItem_Beetle_Blue.PrimalItemConsumable_MulticraftItem_Beetle_Blue,Multicraft Item Beetle Blue,31,TRUE
/Game/Mods/AE/Dinos/Harbinger/_Beetles/Item/PrimalItemConsumable_MulticraftItem_Beetle_Green.PrimalItemConsumable_MulticraftItem_Beetle_Green,Multicraft Item Beetle Green,31,TRUE
/Game/Mods/AE/Dinos/Harbinger/_Beetles/Item/PrimalItemConsumable_MulticraftItem_Beetle_Orange.PrimalItemConsumable_MulticraftItem_Beetle_Orange,Multicraft Item Beetle Orange,31,TRUE
/Game/Mods/AE/Dinos/Harbinger/_Beetles/Item/PrimalItemConsumable_MulticraftItem_Beetle_Purple.PrimalItemConsumable_MulticraftItem_Beetle_Purple,Multicraft Item Beetle Purple,31,TRUE
/Game/Mods/AE/Dinos/Harbinger/_Beetles/Item/PrimalItemConsumable_MulticraftItem_Beetle_Yellow.PrimalItemConsumable_MulticraftItem_Beetle_Yellow,Multicraft Item Beetle Yellow,31,TRUE
/Game/Mods/AE/Dinos/Special/BionicGiga/CraftingItems/PrimalItemArtifact_01AE.PrimalItemArtifact_01AE,Artifact of the Hunter,31,TRUE
/Game/Mods/AE/Dinos/Special/BionicGiga/CraftingItems/PrimalItemArtifact_02AE.PrimalItemArtifact_02AE,Artifact of the Pack,31,TRUE
/Game/Mods/AE/Dinos/Special/BionicGiga/CraftingItems/PrimalItemArtifact_03AE.PrimalItemArtifact_03AE,Artifact of the Massive,31,TRUE
/Game/Mods/AE/Dinos/Special/BionicGiga/CraftingItems/PrimalItemArtifact_04AE.PrimalItemArtifact_04AE,Artifact of the Devious,31,TRUE
/Game/Mods/AE/Dinos/Special/BionicGiga/CraftingItems/PrimalItemArtifact_05AE.PrimalItemArtifact_05AE,Artifact of the Clever,31,TRUE
/Game/Mods/AE/Dinos/Special/BionicGiga/CraftingItems/PrimalItemArtifact_06AE.PrimalItemArtifact_06AE,Artifact of the Skylord,31,TRUE
/Game/Mods/AE/Dinos/Special/BionicGiga/CraftingItems/PrimalItemArtifact_07AE.PrimalItemArtifact_07AE,Artifact of the Devourer,31,TRUE
/Game/Mods/AE/Dinos/Special/BionicGiga/CraftingItems/PrimalItemArtifact_08AE.PrimalItemArtifact_08AE,Artifact of the Immune,31,TRUE
/Game/Mods/AE/Dinos/Special/BionicGiga/CraftingItems/PrimalItemArtifact_09AE.PrimalItemArtifact_09AE,Artifact of the Strong,31,TRUE
/Game/Mods/AE/Dinos/Special/BionicGiga/CraftingItems/PrimalItemArtifact_10AE.PrimalItemArtifact_10AE,Artifact of the Flamekeeper,31,TRUE
/Game/Mods/AE/Dinos/Special/BionicGiga/CraftingItems/PrimalItemArtifact_11AE.PrimalItemArtifact_11AE,Artifact of the Cunning,31,TRUE
/Game/Mods/AE/Dinos/Special/BionicGiga/CraftingItems/PrimalItemArtifact_12AE.PrimalItemArtifact_12AE,Artifact of the Brute,31,TRUE
/Game/Mods/AE/Dinos/Special/BionicGiga/CraftingItems/PrimalItemArtifactALL_AE.PrimalItemArtifactALL_AE,All Artifacts,31,TRUE
/Game/Mods/AE/Dinos/Special/BionicGiga/CraftingItems/PrimalItemArtifactSE_01AE.PrimalItemArtifactSE_01AE,Artifact of the Gatekeeper,31,TRUE
/Game/Mods/AE/Dinos/Special/BionicGiga/CraftingItems/PrimalItemArtifactSE_02AE.PrimalItemArtifactSE_02AE,Artifact of the Crag,31,TRUE
/Game/Mods/AE/Dinos/Special/BionicGiga/CraftingItems/PrimalItemArtifactSE_03AE.PrimalItemArtifactSE_03AE,Artifact of the Destroyer,31,TRUE
/Game/Mods/AE/Dinos/Special/BionicGiga/CraftingItems/PrimalItemResource_ElementAE.PrimalItemResource_ElementAE,Element A E,31,TRUE
/Game/Mods/AE/Dinos/Special/BionicGiga/CraftingItems/PrimalItemResource_ElementShardAE.PrimalItemResource_ElementShardAE,Element Shard A E,31,TRUE
/Game/Mods/AE/Dinos/Special/EternalDodo/RaphusDodo/RaphusDodoEgg/PrimalItemConsumable_Egg_RaphusEgg_Fertilized.PrimalItemConsumable_Egg_RaphusEgg_Fertilized,Egg Raphus Egg Fertilized,31,TRUE
/Game/Mods/AE/Dinos/Special/Rabbit/PrimalItemConsumable_DinoPoopRabbitSmall.PrimalItemConsumable_DinoPoopRabbitSmall,Dino Poop Rabbit Small,31,TRUE
/Game/Mods/AE/Dinos/Vanilla/FlyerEggs/PrimalItemConsumable_Egg_Argent_FertilizedAE.PrimalItemConsumable_Egg_Argent_FertilizedAE,Egg Argent Fertilized A E,31,TRUE
/Game/Mods/AE/Dinos/Vanilla/FlyerEggs/PrimalItemConsumable_Egg_Ptero_FertilizedAE.PrimalItemConsumable_Egg_Ptero_FertilizedAE,Egg Ptero Fertilized A E,31,TRUE
/Game/Mods/AE/Dinos/Vanilla/FlyerEggs/PrimalItemConsumable_Egg_Quetz_FertilizedAE.PrimalItemConsumable_Egg_Quetz_FertilizedAE,Egg Quetz Fertilized A E,31,TRUE
/Game/Mods/AE/Dinos/Vanilla/FlyerEggs/PrimalItemConsumable_Egg_Tapejara_FertilizedAE.PrimalItemConsumable_Egg_Tapejara_FertilizedAE,Egg Tapejara Fertilized A E,31,TRUE
/Game/Mods/AE/Dinos/Wyverns/Eggs/PrimalItemConsumable_Egg_Power_Wyvern_Fertilized.PrimalItemConsumable_Egg_Power_Wyvern_Fertilized,Egg Power Wyvern Fertilized,31,TRUE
/Game/Mods/AE/Items/Admin/Rifle/PrimalItem_AdminRifle.PrimalItem_AdminRifle,Admin Rifle,31,TRUE
/Game/Mods/AE/Items/AncientOrb/PrimalItemConsumable_AncientOrb.PrimalItemConsumable_AncientOrb,Ancient Orb,31,TRUE
/Game/Mods/AE/Items/Carrots/PrimalItem_GoldenCarrot.PrimalItem_GoldenCarrot,Golden Carrot,31,TRUE
/Game/Mods/AE/Items/Carrots/PrimalItem_SilverCarrot.PrimalItem_SilverCarrot,Silver Carrot,31,TRUE
/Game/Mods/AE/Items/Costumes/Bone/PrimalItemCostume_Bone_Bronto.PrimalItemCostume_Bone_Bronto,Bone Bronto Costume,31,TRUE
/Game/Mods/AE/Items/Costumes/Bone/PrimalItemCostume_Bone_Carno.PrimalItemCostume_Bone_Carno,Bone Carno Costume,31,TRUE
/Game/Mods/AE/Items/Costumes/Bone/PrimalItemCostume_Bone_Giga.PrimalItemCostume_Bone_Giga,Bone Giga Costume,31,TRUE
/Game/Mods/AE/Items/Costumes/Bone/PrimalItemCostume_Bone_Quetz.PrimalItemCostume_Bone_Quetz,Bone Quetz Costume,31,TRUE
/Game/Mods/AE/Items/Costumes/Bone/PrimalItemCostume_Bone_Raptor.PrimalItemCostume_Bone_Raptor,Bone Raptor Costume,31,TRUE
/Game/Mods/AE/Items/Costumes/Bone/PrimalItemCostume_Bone_Rex.PrimalItemCostume_Bone_Rex,Bone Rex Costume,31,TRUE
/Game/Mods/AE/Items/Costumes/Bone/PrimalItemCostume_Bone_Stego.PrimalItemCostume_Bone_Stego,Bone Stego Costume,31,TRUE
/Game/Mods/AE/Items/Costumes/Bone/PrimalItemCostume_Bone_Trike.PrimalItemCostume_Bone_Trike,Bone Trike Costume,31,TRUE
/Game/Mods/AE/Items/Costumes/Bone/PrimalItemCostume_Bone_Wyvern.PrimalItemCostume_Bone_Wyvern,Bone Wyvern Costume,31,TRUE
/Game/Mods/AE/Items/Costumes/Special/PrimalItemCostume_ZombDodo.PrimalItemCostume_ZombDodo,Zomb Dodo Costume,31,TRUE
/Game/Mods/AE/Items/Costumes/Spectral/AzSpectral/PrimalItemCostume_SpectralWyvernAzrael.PrimalItemCostume_SpectralWyvernAzrael,Spectral Wyvern Azrael Costume,31,TRUE
/Game/Mods/AE/Items/Costumes/Spectral/LKSpectral/PrimalItemCostume_SpectralWyvernLK.PrimalItemCostume_SpectralWyvernLK,Spectral Wyvern L K Costume,31,TRUE
/Game/Mods/AE/Items/Costumes/Spectral/MythSpectral/PrimalItemCostume_SpectralWyvernMyth.PrimalItemCostume_SpectralWyvernMyth,Spectral Wyvern Myth Costume,31,TRUE
/Game/Mods/AE/Items/Costumes/TheUnknown/Gorilla/Poison/PrimalItemCostume_Unknown_Gorilla_Poison.PrimalItemCostume_Unknown_Gorilla_Poison,Unknown Gorilla Poison Costume,31,TRUE
/Game/Mods/AE/Items/Costumes/TheUnknown/Gorilla/Power/PrimalItemCostume_Unknown_Gorilla_Power.PrimalItemCostume_Unknown_Gorilla_Power,Unknown Gorilla Power Costume,31,TRUE
/Game/Mods/AE/Items/Costumes/TheUnknown/Gorilla/Speed/PrimalItemCostume_Unknown_Gorilla_Speed.PrimalItemCostume_Unknown_Gorilla_Speed,Unknown Gorilla Speed Costume,31,TRUE
/Game/Mods/AE/Items/Costumes/TheUnknown/Wyvern/Poison/PrimalItemCostume_Unknown_Wyvern_Poison.PrimalItemCostume_Unknown_Wyvern_Poison,Unknown Wyvern Poison Costume,31,TRUE
/Game/Mods/AE/Items/Costumes/TheUnknown/Wyvern/Power/PrimalItemCostume_Unknown_Wyvern_Power.PrimalItemCostume_Unknown_Wyvern_Power,Unknown Wyvern Power Costume,31,TRUE
/Game/Mods/AE/Items/Costumes/TheUnknown/Wyvern/Speed/PrimalItemCostume_Unknown_Wyvern_Speed.PrimalItemCostume_Unknown_Wyvern_Speed,Unknown Wyvern Speed Costume,31,TRUE
/Game/Mods/AE/Items/Crystals/PrimalItemConsumable_Crystal_Blue.PrimalItemConsumable_Crystal_Blue,Crystal Blue,31,TRUE
/Game/Mods/AE/Items/Crystals/PrimalItemConsumable_Crystal_Green.PrimalItemConsumable_Crystal_Green,Crystal Green,31,TRUE
/Game/Mods/AE/Items/Crystals/PrimalItemConsumable_Crystal_Orange.PrimalItemConsumable_Crystal_Orange,Crystal Orange,31,TRUE
/Game/Mods/AE/Items/Crystals/PrimalItemConsumable_Crystal_Red.PrimalItemConsumable_Crystal_Red,Crystal Red,31,TRUE
/Game/Mods/AE/Items/DinoBlood/PrimalItemConsumable_DinoBlood.PrimalItemConsumable_DinoBlood,Dino Blood,31,TRUE
/Game/Mods/AE/Items/DinoDNA/PrimalItem_DinoDNA.PrimalItem_DinoDNA,Dino D N A,31,TRUE
/Game/Mods/AE/Items/DinoEggs/PrimalItemConsumable_Egg_Allo_AE.PrimalItemConsumable_Egg_Allo_AE,Egg Allo A E,31,TRUE
/Game/Mods/AE/Items/DinoEggs/PrimalItemConsumable_Egg_Allo_Alpha_Fertilized.PrimalItemConsumable_Egg_Allo_Alpha_Fertilized,Egg Allo Alpha Fertilized,31,TRUE
/Game/Mods/AE/Items/DinoEggs/PrimalItemConsumable_Egg_Allo_Elemental_Cursed_Fertilized.PrimalItemConsumable_Egg_Allo_Elemental_Cursed_Fertilized,Egg Allo Elemental Cursed Fertilized,31,TRUE
/Game/Mods/AE/Items/DinoEggs/PrimalItemConsumable_Egg_Allo_Elemental_Fire_Fertilized.PrimalItemConsumable_Egg_Allo_Elemental_Fire_Fertilized,Egg Allo Elemental Fire Fertilized,31,TRUE
/Game/Mods/AE/Items/DinoEggs/PrimalItemConsumable_Egg_Allo_Elemental_Ice_Fertilized.PrimalItemConsumable_Egg_Allo_Elemental_Ice_Fertilized,Egg Allo Elemental Ice Fertilized,31,TRUE
/Game/Mods/AE/Items/DinoEggs/PrimalItemConsumable_Egg_Allo_Elemental_Lightning_Fertilized.PrimalItemConsumable_Egg_Allo_Elemental_Lightning_Fertilized,Egg Allo Elemental Lightning Fertilized,31,TRUE
/Game/Mods/AE/Items/DinoEggs/PrimalItemConsumable_Egg_Allo_Elemental_Poison_Fertilized.PrimalItemConsumable_Egg_Allo_Elemental_Poison_Fertilized,Egg Allo Elemental Poison Fertilized,31,TRUE
/Game/Mods/AE/Items/DinoEggs/PrimalItemConsumable_Egg_Allo_Eternal_Fertilized.PrimalItemConsumable_Egg_Allo_Eternal_Fertilized,Egg Allo Eternal Fertilized,31,TRUE
/Game/Mods/AE/Items/DinoEggs/PrimalItemConsumable_Egg_Allo_Evo_Fertilized.PrimalItemConsumable_Egg_Allo_Evo_Fertilized,Egg Allo Evo Fertilized,31,TRUE
/Game/Mods/AE/Items/DinoEggs/PrimalItemConsumable_Egg_Ankylo_AE.PrimalItemConsumable_Egg_Ankylo_AE,Egg Ankylo A E,31,TRUE
/Game/Mods/AE/Items/DinoEggs/PrimalItemConsumable_Egg_Ankylo_Eternal_Fertilized.PrimalItemConsumable_Egg_Ankylo_Eternal_Fertilized,Egg Ankylo Eternal Fertilized,31,TRUE
/Game/Mods/AE/Items/DinoEggs/PrimalItemConsumable_Egg_Ankylo_Eternal_NOAC_Fertilized.PrimalItemConsumable_Egg_Ankylo_Eternal_NOAC_Fertilized,Egg Ankylo Eternal N O A C Fertilized,31,TRUE
/Game/Mods/AE/Items/DinoEggs/PrimalItemConsumable_Egg_Archa_AE.PrimalItemConsumable_Egg_Archa_AE,Egg Archa A E,31,TRUE
/Game/Mods/AE/Items/DinoEggs/PrimalItemConsumable_Egg_Argent_AE.PrimalItemConsumable_Egg_Argent_AE,Egg Argent A E,31,TRUE
/Game/Mods/AE/Items/DinoEggs/PrimalItemConsumable_Egg_Argent_Alpha_Fertilized.PrimalItemConsumable_Egg_Argent_Alpha_Fertilized,Egg Argent Alpha Fertilized,31,TRUE
/Game/Mods/AE/Items/DinoEggs/PrimalItemConsumable_Egg_Argent_Cursed_Fertilized.PrimalItemConsumable_Egg_Argent_Cursed_Fertilized,Egg Argent Cursed Fertilized,31,TRUE
/Game/Mods/AE/Items/DinoEggs/PrimalItemConsumable_Egg_Argent_Fire_Fertilized.PrimalItemConsumable_Egg_Argent_Fire_Fertilized,Egg Argent Fire Fertilized,31,TRUE
/Game/Mods/AE/Items/DinoEggs/PrimalItemConsumable_Egg_Argent_Ice_Fertilized.PrimalItemConsumable_Egg_Argent_Ice_Fertilized,Egg Argent Ice Fertilized,31,TRUE
/Game/Mods/AE/Items/DinoEggs/PrimalItemConsumable_Egg_Argent_Infernal_Fertilized.PrimalItemConsumable_Egg_Argent_Infernal_Fertilized,Egg Argent Infernal Fertilized,31,TRUE
/Game/Mods/AE/Items/DinoEggs/PrimalItemConsumable_Egg_Argent_Lightning_Fertilized.PrimalItemConsumable_Egg_Argent_Lightning_Fertilized,Egg Argent Lightning Fertilized,31,TRUE
/Game/Mods/AE/Items/DinoEggs/PrimalItemConsumable_Egg_Argent_Poison_Fertilized.PrimalItemConsumable_Egg_Argent_Poison_Fertilized,Egg Argent Poison Fertilized,31,TRUE
/Game/Mods/AE/Items/DinoEggs/PrimalItemConsumable_Egg_Argent_Prime_Fertilized.PrimalItemConsumable_Egg_Argent_Prime_Fertilized,Egg Argent Prime Fertilized,31,TRUE
/Game/Mods/AE/Items/DinoEggs/PrimalItemConsumable_Egg_Baryonyx_AE.PrimalItemConsumable_Egg_Baryonyx_AE,Egg Baryonyx A E,31,TRUE
/Game/Mods/AE/Items/DinoEggs/PrimalItemConsumable_Egg_Boa_AE.PrimalItemConsumable_Egg_Boa_AE,Egg Boa A E,31,TRUE
/Game/Mods/AE/Items/DinoEggs/PrimalItemConsumable_Egg_Boa_Eternal_Fertilized.PrimalItemConsumable_Egg_Boa_Eternal_Fertilized,Egg Boa Eternal Fertilized,31,TRUE
/Game/Mods/AE/Items/DinoEggs/PrimalItemConsumable_Egg_Bronto_AE.PrimalItemConsumable_Egg_Bronto_AE,Egg Bronto A E,31,TRUE
/Game/Mods/AE/Items/DinoEggs/PrimalItemConsumable_Egg_Bronto_Behemoth_Fertilized.PrimalItemConsumable_Egg_Bronto_Behemoth_Fertilized,Egg Bronto Behemoth Fertilized,31,TRUE
/Game/Mods/AE/Items/DinoEggs/PrimalItemConsumable_Egg_Bronto_Eternal_Fertilized.PrimalItemConsumable_Egg_Bronto_Eternal_Fertilized,Egg Bronto Eternal Fertilized,31,TRUE
/Game/Mods/AE/Items/DinoEggs/PrimalItemConsumable_Egg_Broodmother_Dominous_Fertilized.PrimalItemConsumable_Egg_Broodmother_Dominous_Fertilized,Egg Broodmother Dominous Fertilized,31,TRUE
/Game/Mods/AE/Items/DinoEggs/PrimalItemConsumable_Egg_Carno_AE.PrimalItemConsumable_Egg_Carno_AE,Egg Carno A E,31,TRUE
/Game/Mods/AE/Items/DinoEggs/PrimalItemConsumable_Egg_Carno_Alpha_Fertilized.PrimalItemConsumable_Egg_Carno_Alpha_Fertilized,Egg Carno Alpha Fertilized,31,TRUE
/Game/Mods/AE/Items/DinoEggs/PrimalItemConsumable_Egg_Carno_Evo_Fertilized.PrimalItemConsumable_Egg_Carno_Evo_Fertilized,Egg Carno Evo Fertilized,31,TRUE
/Game/Mods/AE/Items/DinoEggs/PrimalItemConsumable_Egg_Carno_Infernal_Fertilized.PrimalItemConsumable_Egg_Carno_Infernal_Fertilized,Egg Carno Infernal Fertilized,31,TRUE
/Game/Mods/AE/Items/DinoEggs/PrimalItemConsumable_Egg_Carno_Prime_Fertilized.PrimalItemConsumable_Egg_Carno_Prime_Fertilized,Egg Carno Prime Fertilized,31,TRUE
/Game/Mods/AE/Items/DinoEggs/PrimalItemConsumable_Egg_Compy_AE.PrimalItemConsumable_Egg_Compy_AE,Egg Compy A E,31,TRUE
/Game/Mods/AE/Items/DinoEggs/PrimalItemConsumable_Egg_Compy_Evo_Fertilized.PrimalItemConsumable_Egg_Compy_Evo_Fertilized,Egg Compy Evo Fertilized,31,TRUE
/Game/Mods/AE/Items/DinoEggs/PrimalItemConsumable_Egg_Darkstar_Evo_Fertilized.PrimalItemConsumable_Egg_Darkstar_Evo_Fertilized,Egg Darkstar Evo Fertilized,31,TRUE
/Game/Mods/AE/Items/DinoEggs/PrimalItemConsumable_Egg_Dilo_AE.PrimalItemConsumable_Egg_Dilo_AE,Egg Dilo A E,31,TRUE
/Game/Mods/AE/Items/DinoEggs/PrimalItemConsumable_Egg_Dilo_Elite_Fertilized.PrimalItemConsumable_Egg_Dilo_Elite_Fertilized,Egg Dilo Elite Fertilized,31,TRUE
/Game/Mods/AE/Items/DinoEggs/PrimalItemConsumable_Egg_Dimetrodon_AE.PrimalItemConsumable_Egg_Dimetrodon_AE,Egg Dimetrodon A E,31,TRUE
/Game/Mods/AE/Items/DinoEggs/PrimalItemConsumable_Egg_Dimorph_AE.PrimalItemConsumable_Egg_Dimorph_AE,Egg Dimorph A E,31,TRUE
/Game/Mods/AE/Items/DinoEggs/PrimalItemConsumable_Egg_Dimorph_Elite_Fertilized.PrimalItemConsumable_Egg_Dimorph_Elite_Fertilized,Egg Dimorph Elite Fertilized,31,TRUE
/Game/Mods/AE/Items/DinoEggs/PrimalItemConsumable_Egg_Diplo_AE.PrimalItemConsumable_Egg_Diplo_AE,Egg Diplo A E,31,TRUE
/Game/Mods/AE/Items/DinoEggs/PrimalItemConsumable_Egg_Diplocaulus_AE.PrimalItemConsumable_Egg_Diplocaulus_AE,Egg Diplocaulus A E,31,TRUE
/Game/Mods/AE/Items/DinoEggs/PrimalItemConsumable_Egg_Dodo_AE.PrimalItemConsumable_Egg_Dodo_AE,Egg Dodo A E,31,TRUE
/Game/Mods/AE/Items/DinoEggs/PrimalItemConsumable_Egg_Dodo_Eternal_Fertilized.PrimalItemConsumable_Egg_Dodo_Eternal_Fertilized,Egg Dodo Eternal Fertilized,31,TRUE
/Game/Mods/AE/Items/DinoEggs/PrimalItemConsumable_Egg_Dodo_Raphus_Fertilized.PrimalItemConsumable_Egg_Dodo_Raphus_Fertilized,Egg Dodo Raphus Fertilized,31,TRUE
/Game/Mods/AE/Items/DinoEggs/PrimalItemConsumable_Egg_Dodorex_Ancient_Fertilized.PrimalItemConsumable_Egg_Dodorex_Ancient_Fertilized,Egg Dodorex Ancient Fertilized,31,TRUE
/Game/Mods/AE/Items/DinoEggs/PrimalItemConsumable_Egg_Dodorex_Dominous_Fertilized.PrimalItemConsumable_Egg_Dodorex_Dominous_Fertilized,Egg Dodorex Dominous Fertilized,31,TRUE
/Game/Mods/AE/Items/DinoEggs/PrimalItemConsumable_Egg_Dodorex_Evo_Fertilized.PrimalItemConsumable_Egg_Dodorex_Evo_Fertilized,Egg Dodorex Evo Fertilized,31,TRUE
/Game/Mods/AE/Items/DinoEggs/PrimalItemConsumable_Egg_Dodorex_Infernal_Fertilized.PrimalItemConsumable_Egg_Dodorex_Infernal_Fertilized,Egg Dodorex Infernal Fertilized,31,TRUE
/Game/Mods/AE/Items/DinoEggs/PrimalItemConsumable_Egg_DodoWyvern_Fertilized.PrimalItemConsumable_Egg_DodoWyvern_Fertilized,Egg Dodo Wyvern Fertilized,31,TRUE
/Game/Mods/AE/Items/DinoEggs/PrimalItemConsumable_Egg_Dragon_Dominous_Fertilized.PrimalItemConsumable_Egg_Dragon_Dominous_Fertilized,Egg Dragon Dominous Fertilized,31,TRUE
/Game/Mods/AE/Items/DinoEggs/PrimalItemConsumable_Egg_Dragon_Fire_Fertilized.PrimalItemConsumable_Egg_Dragon_Fire_Fertilized,Egg Dragon Fire Fertilized,31,TRUE
/Game/Mods/AE/Items/DinoEggs/PrimalItemConsumable_Egg_Dragon_Lightning_Fertilized.PrimalItemConsumable_Egg_Dragon_Lightning_Fertilized,Egg Dragon Lightning Fertilized,31,TRUE
/Game/Mods/AE/Items/DinoEggs/PrimalItemConsumable_Egg_Dragon_Poison_Fertilized.PrimalItemConsumable_Egg_Dragon_Poison_Fertilized,Egg Dragon Poison Fertilized,31,TRUE
/Game/Mods/AE/Items/DinoEggs/PrimalItemConsumable_Egg_DragonIce__Fertilized.PrimalItemConsumable_Egg_DragonIce__Fertilized,Egg Dragon Ice Fertilized,31,TRUE
/Game/Mods/AE/Items/DinoEggs/PrimalItemConsumable_Egg_Galli_AE.PrimalItemConsumable_Egg_Galli_AE,Egg Galli A E,31,TRUE
/Game/Mods/AE/Items/DinoEggs/PrimalItemConsumable_Egg_Gigant_AE.PrimalItemConsumable_Egg_Gigant_AE,Egg Gigant A E,31,TRUE
/Game/Mods/AE/Items/DinoEggs/PrimalItemConsumable_Egg_Gigant_AEINF.PrimalItemConsumable_Egg_Gigant_AEINF,Egg Gigant A E I N F,31,TRUE
/Game/Mods/AE/Items/DinoEggs/PrimalItemConsumable_Egg_Gigant_Alpha_Fertilized.PrimalItemConsumable_Egg_Gigant_Alpha_Fertilized,Egg Gigant Alpha Fertilized,31,TRUE
/Game/Mods/AE/Items/DinoEggs/PrimalItemConsumable_Egg_Gigant_Bionic_Fertilized.PrimalItemConsumable_Egg_Gigant_Bionic_Fertilized,Egg Gigant Bionic Fertilized,31,TRUE
/Game/Mods/AE/Items/DinoEggs/PrimalItemConsumable_Egg_Gigant_Eternal_Fertilized.PrimalItemConsumable_Egg_Gigant_Eternal_Fertilized,Egg Gigant Eternal Fertilized,31,TRUE
/Game/Mods/AE/Items/DinoEggs/PrimalItemConsumable_Egg_Gigant_Evo_Fertilized.PrimalItemConsumable_Egg_Gigant_Evo_Fertilized,Egg Gigant Evo Fertilized,31,TRUE
/Game/Mods/AE/Items/DinoEggs/PrimalItemConsumable_Egg_Gigant_Infernal_Fertilized.PrimalItemConsumable_Egg_Gigant_Infernal_Fertilized,Egg Gigant Infernal Fertilized,31,TRUE
/Game/Mods/AE/Items/DinoEggs/PrimalItemConsumable_Egg_Gigant_Prime_Fertilized.PrimalItemConsumable_Egg_Gigant_Prime_Fertilized,Egg Gigant Prime Fertilized,31,TRUE
/Game/Mods/AE/Items/DinoEggs/PrimalItemConsumable_Egg_Hesperonis_AE.PrimalItemConsumable_Egg_Hesperonis_AE,Egg Hesperonis A E,31,TRUE
/Game/Mods/AE/Items/DinoEggs/PrimalItemConsumable_Egg_Ichthyornis_AE.PrimalItemConsumable_Egg_Ichthyornis_AE,Egg Ichthyornis A E,31,TRUE
/Game/Mods/AE/Items/DinoEggs/PrimalItemConsumable_Egg_Iguanodon_AE.PrimalItemConsumable_Egg_Iguanodon_AE,Egg Iguanodon A E,31,TRUE
/Game/Mods/AE/Items/DinoEggs/PrimalItemConsumable_Egg_Indom_AE.PrimalItemConsumable_Egg_Indom_AE,Egg Indom A E,31,TRUE
/Game/Mods/AE/Items/DinoEggs/PrimalItemConsumable_Egg_Kairuku_AE.PrimalItemConsumable_Egg_Kairuku_AE,Egg Kairuku A E,31,TRUE
/Game/Mods/AE/Items/DinoEggs/PrimalItemConsumable_Egg_Kaprosuchus_AE.PrimalItemConsumable_Egg_Kaprosuchus_AE,Egg Kaprosuchus A E,31,TRUE
/Game/Mods/AE/Items/DinoEggs/PrimalItemConsumable_Egg_Kaprosuchus_Alpha_Fertilized.PrimalItemConsumable_Egg_Kaprosuchus_Alpha_Fertilized,Egg Kaprosuchus Alpha Fertilized,31,TRUE
/Game/Mods/AE/Items/DinoEggs/PrimalItemConsumable_Egg_Kaprosuchus_Eternal_Fertilized.PrimalItemConsumable_Egg_Kaprosuchus_Eternal_Fertilized,Egg Kaprosuchus Eternal Fertilized,31,TRUE
/Game/Mods/AE/Items/DinoEggs/PrimalItemConsumable_Egg_Kentro_AE.PrimalItemConsumable_Egg_Kentro_AE,Egg Kentro A E,31,TRUE
/Game/Mods/AE/Items/DinoEggs/PrimalItemConsumable_Egg_Kentro_Alpha_Fertilized.PrimalItemConsumable_Egg_Kentro_Alpha_Fertilized,Egg Kentro Alpha Fertilized,31,TRUE
/Game/Mods/AE/Items/DinoEggs/PrimalItemConsumable_Egg_Kentro_Prime_Fertilized.PrimalItemConsumable_Egg_Kentro_Prime_Fertilized,Egg Kentro Prime Fertilized,31,TRUE
/Game/Mods/AE/Items/DinoEggs/PrimalItemConsumable_Egg_Lystro_AE.PrimalItemConsumable_Egg_Lystro_AE,Egg Lystro A E,31,TRUE
/Game/Mods/AE/Items/DinoEggs/PrimalItemConsumable_Egg_Manticore_Ancient_Fertilized.PrimalItemConsumable_Egg_Manticore_Ancient_Fertilized,Egg Manticore Ancient Fertilized,31,TRUE
/Game/Mods/AE/Items/DinoEggs/PrimalItemConsumable_Egg_Manticore_Dominous_Fertilized.PrimalItemConsumable_Egg_Manticore_Dominous_Fertilized,Egg Manticore Dominous Fertilized,31,TRUE
/Game/Mods/AE/Items/DinoEggs/PrimalItemConsumable_Egg_Megalania_AE.PrimalItemConsumable_Egg_Megalania_AE,Egg Megalania A E,31,TRUE
/Game/Mods/AE/Items/DinoEggs/PrimalItemConsumable_Egg_Megalosaurus_AE.PrimalItemConsumable_Egg_Megalosaurus_AE,Egg Megalosaurus A E,31,TRUE
/Game/Mods/AE/Items/DinoEggs/PrimalItemConsumable_Egg_Megalosaurus_Eternal_Fertilized.PrimalItemConsumable_Egg_Megalosaurus_Eternal_Fertilized,Egg Megalosaurus Eternal Fertilized,31,TRUE
/Game/Mods/AE/Items/DinoEggs/PrimalItemConsumable_Egg_MicroRaptor_AE.PrimalItemConsumable_Egg_MicroRaptor_AE,Egg Micro Raptor A E,31,TRUE
/Game/Mods/AE/Items/DinoEggs/PrimalItemConsumable_Egg_Moschops_AE.PrimalItemConsumable_Egg_Moschops_AE,Egg Moschops A E,31,TRUE
/Game/Mods/AE/Items/DinoEggs/PrimalItemConsumable_Egg_Oviraptor_AE.PrimalItemConsumable_Egg_Oviraptor_AE,Egg Oviraptor A E,31,TRUE
/Game/Mods/AE/Items/DinoEggs/PrimalItemConsumable_Egg_Pachy_AE.PrimalItemConsumable_Egg_Pachy_AE,Egg Pachy A E,31,TRUE
/Game/Mods/AE/Items/DinoEggs/PrimalItemConsumable_Egg_Pachyrhino_AE.PrimalItemConsumable_Egg_Pachyrhino_AE,Egg Pachyrhino A E,31,TRUE
/Game/Mods/AE/Items/DinoEggs/PrimalItemConsumable_Egg_Para_AE.PrimalItemConsumable_Egg_Para_AE,Egg Para A E,31,TRUE
/Game/Mods/AE/Items/DinoEggs/PrimalItemConsumable_Egg_Para_Robot_Fertilized.PrimalItemConsumable_Egg_Para_Robot_Fertilized,Egg Para Robot Fertilized,31,TRUE
/Game/Mods/AE/Items/DinoEggs/PrimalItemConsumable_Egg_Pegomastax_AE.PrimalItemConsumable_Egg_Pegomastax_AE,Egg Pegomastax A E,31,TRUE
/Game/Mods/AE/Items/DinoEggs/PrimalItemConsumable_Egg_Pela_AE.PrimalItemConsumable_Egg_Pela_AE,Egg Pela A E,31,TRUE
/Game/Mods/AE/Items/DinoEggs/PrimalItemConsumable_Egg_Ptero_AE.PrimalItemConsumable_Egg_Ptero_AE,Egg Ptero A E,31,TRUE
/Game/Mods/AE/Items/DinoEggs/PrimalItemConsumable_Egg_Ptero_Alpha_Fertilized.PrimalItemConsumable_Egg_Ptero_Alpha_Fertilized,Egg Ptero Alpha Fertilized,31,TRUE
/Game/Mods/AE/Items/DinoEggs/PrimalItemConsumable_Egg_Ptero_Elemental_Cursed_Fertilized.PrimalItemConsumable_Egg_Ptero_Elemental_Cursed_Fertilized,Egg Ptero Elemental Cursed Fertilized,31,TRUE
/Game/Mods/AE/Items/DinoEggs/PrimalItemConsumable_Egg_Ptero_Elemental_Fire_Fertilized.PrimalItemConsumable_Egg_Ptero_Elemental_Fire_Fertilized,Egg Ptero Elemental Fire Fertilized,31,TRUE
/Game/Mods/AE/Items/DinoEggs/PrimalItemConsumable_Egg_Ptero_Elemental_Ice_Fertilized.PrimalItemConsumable_Egg_Ptero_Elemental_Ice_Fertilized,Egg Ptero Elemental Ice Fertilized,31,TRUE
/Game/Mods/AE/Items/DinoEggs/PrimalItemConsumable_Egg_Ptero_Elemental_Lightning_Fertilized.PrimalItemConsumable_Egg_Ptero_Elemental_Lightning_Fertilized,Egg Ptero Elemental Lightning Fertilized,31,TRUE
/Game/Mods/AE/Items/DinoEggs/PrimalItemConsumable_Egg_Ptero_Elemental_Poison_Fertilized.PrimalItemConsumable_Egg_Ptero_Elemental_Poison_Fertilized,Egg Ptero Elemental Poison Fertilized,31,TRUE
/Game/Mods/AE/Items/DinoEggs/PrimalItemConsumable_Egg_Ptero_Prime_Fertilized.PrimalItemConsumable_Egg_Ptero_Prime_Fertilized,Egg Ptero Prime Fertilized,31,TRUE
/Game/Mods/AE/Items/DinoEggs/PrimalItemConsumable_Egg_Quetz_AE.PrimalItemConsumable_Egg_Quetz_AE,Egg Quetz A E,31,TRUE
/Game/Mods/AE/Items/DinoEggs/PrimalItemConsumable_Egg_Quetz_Ancient_Fertilized.PrimalItemConsumable_Egg_Quetz_Ancient_Fertilized,Egg Quetz Ancient Fertilized,31,TRUE
/Game/Mods/AE/Items/DinoEggs/PrimalItemConsumable_Egg_Quetz_Behemoth_Fertilized.PrimalItemConsumable_Egg_Quetz_Behemoth_Fertilized,Egg Quetz Behemoth Fertilized,31,TRUE
/Game/Mods/AE/Items/DinoEggs/PrimalItemConsumable_Egg_Quetz_Eternal_Fertilized.PrimalItemConsumable_Egg_Quetz_Eternal_Fertilized,Egg Quetz Eternal Fertilized,31,TRUE
/Game/Mods/AE/Items/DinoEggs/PrimalItemConsumable_Egg_Quetz_Robot_Fertilized.PrimalItemConsumable_Egg_Quetz_Robot_Fertilized,Egg Quetz Robot Fertilized,31,TRUE
/Game/Mods/AE/Items/DinoEggs/PrimalItemConsumable_Egg_Raptor_AE.PrimalItemConsumable_Egg_Raptor_AE,Egg Raptor A E,31,TRUE
/Game/Mods/AE/Items/DinoEggs/PrimalItemConsumable_Egg_Raptor_Alpha_Fertilized.PrimalItemConsumable_Egg_Raptor_Alpha_Fertilized,Egg Raptor Alpha Fertilized,31,TRUE
/Game/Mods/AE/Items/DinoEggs/PrimalItemConsumable_Egg_Raptor_Elemental_Cursed_Fertilized.PrimalItemConsumable_Egg_Raptor_Elemental_Cursed_Fertilized,Egg Raptor Elemental Cursed Fertilized,31,TRUE
/Game/Mods/AE/Items/DinoEggs/PrimalItemConsumable_Egg_Raptor_Elemental_Fire_Fertilized.PrimalItemConsumable_Egg_Raptor_Elemental_Fire_Fertilized,Egg Raptor Elemental Fire Fertilized,31,TRUE
/Game/Mods/AE/Items/DinoEggs/PrimalItemConsumable_Egg_Raptor_Elemental_Ice_Fertilized.PrimalItemConsumable_Egg_Raptor_Elemental_Ice_Fertilized,Egg Raptor Elemental Ice Fertilized,31,TRUE
/Game/Mods/AE/Items/DinoEggs/PrimalItemConsumable_Egg_Raptor_Elemental_Lightning_Fertilized.PrimalItemConsumable_Egg_Raptor_Elemental_Lightning_Fertilized,Egg Raptor Elemental Lightning Fertilized,31,TRUE
/Game/Mods/AE/Items/DinoEggs/PrimalItemConsumable_Egg_Raptor_Elemental_Poison_Fertilized.PrimalItemConsumable_Egg_Raptor_Elemental_Poison_Fertilized,Egg Raptor Elemental Poison Fertilized,31,TRUE
/Game/Mods/AE/Items/DinoEggs/PrimalItemConsumable_Egg_Raptor_Eternal_Fertilized.PrimalItemConsumable_Egg_Raptor_Eternal_Fertilized,Egg Raptor Eternal Fertilized,31,TRUE
/Game/Mods/AE/Items/DinoEggs/PrimalItemConsumable_Egg_Raptor_Evo_Fertilized.PrimalItemConsumable_Egg_Raptor_Evo_Fertilized,Egg Raptor Evo Fertilized,31,TRUE
/Game/Mods/AE/Items/DinoEggs/PrimalItemConsumable_Egg_Raptor_Prime_Fertilized.PrimalItemConsumable_Egg_Raptor_Prime_Fertilized,Egg Raptor Prime Fertilized,31,TRUE
/Game/Mods/AE/Items/DinoEggs/PrimalItemConsumable_Egg_Raptor_Robot_Fertilized.PrimalItemConsumable_Egg_Raptor_Robot_Fertilized,Egg Raptor Robot Fertilized,31,TRUE
/Game/Mods/AE/Items/DinoEggs/PrimalItemConsumable_Egg_Rex_AE.PrimalItemConsumable_Egg_Rex_AE,Egg Rex A E,31,TRUE
/Game/Mods/AE/Items/DinoEggs/PrimalItemConsumable_Egg_Rex_Alpha_Fertilized.PrimalItemConsumable_Egg_Rex_Alpha_Fertilized,Egg Rex Alpha Fertilized,31,TRUE
/Game/Mods/AE/Items/DinoEggs/PrimalItemConsumable_Egg_Rex_Elemental_Cursed_Fertilized.PrimalItemConsumable_Egg_Rex_Elemental_Cursed_Fertilized,Egg Rex Elemental Cursed Fertilized,31,TRUE
/Game/Mods/AE/Items/DinoEggs/PrimalItemConsumable_Egg_Rex_Elemental_Fire_Fertilized.PrimalItemConsumable_Egg_Rex_Elemental_Fire_Fertilized,Egg Rex Elemental Fire Fertilized,31,TRUE
/Game/Mods/AE/Items/DinoEggs/PrimalItemConsumable_Egg_Rex_Elemental_Ice_Fertilized.PrimalItemConsumable_Egg_Rex_Elemental_Ice_Fertilized,Egg Rex Elemental Ice Fertilized,31,TRUE
/Game/Mods/AE/Items/DinoEggs/PrimalItemConsumable_Egg_Rex_Elemental_Lightning_Fertilized.PrimalItemConsumable_Egg_Rex_Elemental_Lightning_Fertilized,Egg Rex Elemental Lightning Fertilized,31,TRUE
/Game/Mods/AE/Items/DinoEggs/PrimalItemConsumable_Egg_Rex_Elemental_Poison_Fertilized.PrimalItemConsumable_Egg_Rex_Elemental_Poison_Fertilized,Egg Rex Elemental Poison Fertilized,31,TRUE
/Game/Mods/AE/Items/DinoEggs/PrimalItemConsumable_Egg_Rex_Eternal_Fertilized.PrimalItemConsumable_Egg_Rex_Eternal_Fertilized,Egg Rex Eternal Fertilized,31,TRUE
/Game/Mods/AE/Items/DinoEggs/PrimalItemConsumable_Egg_Rex_Evo_Fertilized.PrimalItemConsumable_Egg_Rex_Evo_Fertilized,Egg Rex Evo Fertilized,31,TRUE
/Game/Mods/AE/Items/DinoEggs/PrimalItemConsumable_Egg_Rex_Indom_Alpha_Fertilized.PrimalItemConsumable_Egg_Rex_Indom_Alpha_Fertilized,Egg Rex Indom Alpha Fertilized,31,TRUE
/Game/Mods/AE/Items/DinoEggs/PrimalItemConsumable_Egg_Rex_Indom_Infernal_Fertilized.PrimalItemConsumable_Egg_Rex_Indom_Infernal_Fertilized,Egg Rex Indom Infernal Fertilized,31,TRUE
/Game/Mods/AE/Items/DinoEggs/PrimalItemConsumable_Egg_Rex_Indom_Prime_Fertilized.PrimalItemConsumable_Egg_Rex_Indom_Prime_Fertilized,Egg Rex Indom Prime Fertilized,31,TRUE
/Game/Mods/AE/Items/DinoEggs/PrimalItemConsumable_Egg_Rex_Infernal_Fertilized.PrimalItemConsumable_Egg_Rex_Infernal_Fertilized,Egg Rex Infernal Fertilized,31,TRUE
/Game/Mods/AE/Items/DinoEggs/PrimalItemConsumable_Egg_Rex_Prime_Fertilized.PrimalItemConsumable_Egg_Rex_Prime_Fertilized,Egg Rex Prime Fertilized,31,TRUE
/Game/Mods/AE/Items/DinoEggs/PrimalItemConsumable_Egg_Rex_Robot_Fertilized.PrimalItemConsumable_Egg_Rex_Robot_Fertilized,Egg Rex Robot Fertilized,31,TRUE
/Game/Mods/AE/Items/DinoEggs/PrimalItemConsumable_Egg_Rex_Spectral_Fertilized.PrimalItemConsumable_Egg_Rex_Spectral_Fertilized,Egg Rex Spectral Fertilized,31,TRUE
/Game/Mods/AE/Items/DinoEggs/PrimalItemConsumable_Egg_Sarco_AE.PrimalItemConsumable_Egg_Sarco_AE,Egg Sarco A E,31,TRUE
/Game/Mods/AE/Items/DinoEggs/PrimalItemConsumable_Egg_Sarco_Alpha_Fertilized.PrimalItemConsumable_Egg_Sarco_Alpha_Fertilized,Egg Sarco Alpha Fertilized,31,TRUE
/Game/Mods/AE/Items/DinoEggs/PrimalItemConsumable_Egg_Scorpion_AE.PrimalItemConsumable_Egg_Scorpion_AE,Egg Scorpion A E,31,TRUE
/Game/Mods/AE/Items/DinoEggs/PrimalItemConsumable_Egg_Spider_AE.PrimalItemConsumable_Egg_Spider_AE,Egg Spider A E,31,TRUE
/Game/Mods/AE/Items/DinoEggs/PrimalItemConsumable_Egg_Spider_Eternal_Fertilized.PrimalItemConsumable_Egg_Spider_Eternal_Fertilized,Egg Spider Eternal Fertilized,31,TRUE
/Game/Mods/AE/Items/DinoEggs/PrimalItemConsumable_Egg_Spino_AE.PrimalItemConsumable_Egg_Spino_AE,Egg Spino A E,31,TRUE
/Game/Mods/AE/Items/DinoEggs/PrimalItemConsumable_Egg_Spino_Alpha_Fertilized.PrimalItemConsumable_Egg_Spino_Alpha_Fertilized,Egg Spino Alpha Fertilized,31,TRUE
/Game/Mods/AE/Items/DinoEggs/PrimalItemConsumable_Egg_Spino_Eternal_Fertilized.PrimalItemConsumable_Egg_Spino_Eternal_Fertilized,Egg Spino Eternal Fertilized,31,TRUE
/Game/Mods/AE/Items/DinoEggs/PrimalItemConsumable_Egg_Spino_Infernal_Fertilized.PrimalItemConsumable_Egg_Spino_Infernal_Fertilized,Egg Spino Infernal Fertilized,31,TRUE
/Game/Mods/AE/Items/DinoEggs/PrimalItemConsumable_Egg_Spino_Prime_Fertilized.PrimalItemConsumable_Egg_Spino_Prime_Fertilized,Egg Spino Prime Fertilized,31,TRUE
/Game/Mods/AE/Items/DinoEggs/PrimalItemConsumable_Egg_Stego_AE.PrimalItemConsumable_Egg_Stego_AE,Egg Stego A E,31,TRUE
/Game/Mods/AE/Items/DinoEggs/PrimalItemConsumable_Egg_Stego_Robot_Fertilized.PrimalItemConsumable_Egg_Stego_Robot_Fertilized,Egg Stego Robot Fertilized,31,TRUE
/Game/Mods/AE/Items/DinoEggs/PrimalItemConsumable_Egg_Tapejara_AE.PrimalItemConsumable_Egg_Tapejara_AE,Egg Tapejara A E,31,TRUE
/Game/Mods/AE/Items/DinoEggs/PrimalItemConsumable_Egg_Tapejara_Elemental_Cursed_Fertilized.PrimalItemConsumable_Egg_Tapejara_Elemental_Cursed_Fertilized,Egg Tapejara Elemental Cursed Fertilized,31,TRUE
/Game/Mods/AE/Items/DinoEggs/PrimalItemConsumable_Egg_Tapejara_Elemental_Fire_Fertilized.PrimalItemConsumable_Egg_Tapejara_Elemental_Fire_Fertilized,Egg Tapejara Elemental Fire Fertilized,31,TRUE
/Game/Mods/AE/Items/DinoEggs/PrimalItemConsumable_Egg_Tapejara_Elemental_Ice_Fertilized.PrimalItemConsumable_Egg_Tapejara_Elemental_Ice_Fertilized,Egg Tapejara Elemental Ice Fertilized,31,TRUE
/Game/Mods/AE/Items/DinoEggs/PrimalItemConsumable_Egg_Tapejara_Elemental_Lightning_Fertilized.PrimalItemConsumable_Egg_Tapejara_Elemental_Lightning_Fertilized,Egg Tapejara Elemental Lightning Fertilized,31,TRUE
/Game/Mods/AE/Items/DinoEggs/PrimalItemConsumable_Egg_Tapejara_Elemental_Poison_Fertilized.PrimalItemConsumable_Egg_Tapejara_Elemental_Poison_Fertilized,Egg Tapejara Elemental Poison Fertilized,31,TRUE
/Game/Mods/AE/Items/DinoEggs/PrimalItemConsumable_Egg_Terrorbird_AE.PrimalItemConsumable_Egg_Terrorbird_AE,Egg Terrorbird A E,31,TRUE
/Game/Mods/AE/Items/DinoEggs/PrimalItemConsumable_Egg_TerrorBird_Alpha_Fertilized.PrimalItemConsumable_Egg_TerrorBird_Alpha_Fertilized,Egg Terror Bird Alpha Fertilized,31,TRUE
/Game/Mods/AE/Items/DinoEggs/PrimalItemConsumable_Egg_Therizino_AE.PrimalItemConsumable_Egg_Therizino_AE,Egg Therizino A E,31,TRUE
/Game/Mods/AE/Items/DinoEggs/PrimalItemConsumable_Egg_Therizino_Alpha_Fertilized.PrimalItemConsumable_Egg_Therizino_Alpha_Fertilized,Egg Therizino Alpha Fertilized,31,TRUE
/Game/Mods/AE/Items/DinoEggs/PrimalItemConsumable_Egg_Therizino_Eternal_Fertilized.PrimalItemConsumable_Egg_Therizino_Eternal_Fertilized,Egg Therizino Eternal Fertilized,31,TRUE
/Game/Mods/AE/Items/DinoEggs/PrimalItemConsumable_Egg_Trike_AE.PrimalItemConsumable_Egg_Trike_AE,Egg Trike A E,31,TRUE
/Game/Mods/AE/Items/DinoEggs/PrimalItemConsumable_Egg_Trike_Elemental_Cursed_Fertilized.PrimalItemConsumable_Egg_Trike_Elemental_Cursed_Fertilized,Egg Trike Elemental Cursed Fertilized,31,TRUE
/Game/Mods/AE/Items/DinoEggs/PrimalItemConsumable_Egg_Trike_Elemental_Fire_Fertilized.PrimalItemConsumable_Egg_Trike_Elemental_Fire_Fertilized,Egg Trike Elemental Fire Fertilized,31,TRUE
/Game/Mods/AE/Items/DinoEggs/PrimalItemConsumable_Egg_Trike_Elemental_Ice_Fertilized.PrimalItemConsumable_Egg_Trike_Elemental_Ice_Fertilized,Egg Trike Elemental Ice Fertilized,31,TRUE
/Game/Mods/AE/Items/DinoEggs/PrimalItemConsumable_Egg_Trike_Elemental_Lightning_Fertilized.PrimalItemConsumable_Egg_Trike_Elemental_Lightning_Fertilized,Egg Trike Elemental Lightning Fertilized,31,TRUE
/Game/Mods/AE/Items/DinoEggs/PrimalItemConsumable_Egg_Trike_Elemental_Poison_Fertilized.PrimalItemConsumable_Egg_Trike_Elemental_Poison_Fertilized,Egg Trike Elemental Poison Fertilized,31,TRUE
/Game/Mods/AE/Items/DinoEggs/PrimalItemConsumable_Egg_Trike_Robot_Fertilized.PrimalItemConsumable_Egg_Trike_Robot_Fertilized,Egg Trike Robot Fertilized,31,TRUE
/Game/Mods/AE/Items/DinoEggs/PrimalItemConsumable_Egg_Troodon_AE.PrimalItemConsumable_Egg_Troodon_AE,Egg Troodon A E,31,TRUE
/Game/Mods/AE/Items/DinoEggs/PrimalItemConsumable_Egg_Turtle_AE.PrimalItemConsumable_Egg_Turtle_AE,Egg Turtle A E,31,TRUE
/Game/Mods/AE/Items/DinoEggs/PrimalItemConsumable_Egg_Wyvern_Alpha_Fertilized.PrimalItemConsumable_Egg_Wyvern_Alpha_Fertilized,Egg Wyvern Alpha Fertilized,31,TRUE
/Game/Mods/AE/Items/DinoEggs/PrimalItemConsumable_Egg_Wyvern_Frost_Fertilized.PrimalItemConsumable_Egg_Wyvern_Frost_Fertilized,Egg Wyvern Frost Fertilized,31,TRUE
/Game/Mods/AE/Items/DinoEggs/PrimalItemConsumable_Egg_Wyvern_Ice_Fertilized.PrimalItemConsumable_Egg_Wyvern_Ice_Fertilized,Egg Wyvern Ice Fertilized,31,TRUE
/Game/Mods/AE/Items/DinoEggs/PrimalItemConsumable_Egg_Wyvern_Infernal_Fertilized.PrimalItemConsumable_Egg_Wyvern_Infernal_Fertilized,Egg Wyvern Infernal Fertilized,31,TRUE
/Game/Mods/AE/Items/DinoEggs/PrimalItemConsumable_Egg_Wyvern_Prime_Fertilized.PrimalItemConsumable_Egg_Wyvern_Prime_Fertilized,Egg Wyvern Prime Fertilized,31,TRUE
/Game/Mods/AE/Items/DinoEggs/PrimalItemConsumable_Egg_Wyvern_Spectral_Fertilized.PrimalItemConsumable_Egg_Wyvern_Spectral_Fertilized,Egg Wyvern Spectral Fertilized,31,TRUE
/Game/Mods/AE/Items/DinoEggs/PrimalItemConsumable_Egg_Wyvern_Unknown_Poison_Fertilized.PrimalItemConsumable_Egg_Wyvern_Unknown_Poison_Fertilized,Egg Wyvern Unknown Poison Fertilized,31,TRUE
/Game/Mods/AE/Items/DinoEggs/PrimalItemConsumable_Egg_Wyvern_Unknown_Power_Fertilized.PrimalItemConsumable_Egg_Wyvern_Unknown_Power_Fertilized,Egg Wyvern Unknown Power Fertilized,31,TRUE
/Game/Mods/AE/Items/DinoEggs/PrimalItemConsumable_Egg_Wyvern_Unknown_Speed_Fertilized.PrimalItemConsumable_Egg_Wyvern_Unknown_Speed_Fertilized,Egg Wyvern Unknown Speed Fertilized,31,TRUE
/Game/Mods/AE/Items/DinoEggs/PrimalItemConsumable_Egg_Wyvern_Zombie_Fertilized.PrimalItemConsumable_Egg_Wyvern_Zombie_Fertilized,Egg Wyvern Zombie Fertilized,31,TRUE
/Game/Mods/AE/Items/DinoEggs/PrimalItemConsumable_Egg_Wyvern_Zombie_Poison_Fertilized.PrimalItemConsumable_Egg_Wyvern_Zombie_Poison_Fertilized,Egg Wyvern Zombie Poison Fertilized,31,TRUE
/Game/Mods/AE/Items/DinoEggs/PrimalItemConsumable_Egg_Wyvern_Zombie_Power_Fertilized.PrimalItemConsumable_Egg_Wyvern_Zombie_Power_Fertilized,Egg Wyvern Zombie Power Fertilized,31,TRUE
/Game/Mods/AE/Items/DinoEggs/PrimalItemConsumable_Egg_Wyvern_Zombie_Speed_Fertilized.PrimalItemConsumable_Egg_Wyvern_Zombie_Speed_Fertilized,Egg Wyvern Zombie Speed Fertilized,31,TRUE
/Game/Mods/AE/Items/DinoEggs/PrimalItemConsumable_Egg_Yuty_AE.PrimalItemConsumable_Egg_Yuty_AE,Egg Yuty A E,31,TRUE
/Game/Mods/AE/Items/DinoEggs/PrimalItemConsumable_Egg_Yuty_Alpha_Fertilized.PrimalItemConsumable_Egg_Yuty_Alpha_Fertilized,Egg Yuty Alpha Fertilized,31,TRUE
/Game/Mods/AE/Items/DinoEggs/PrimalItemConsumable_Egg_Yuty_Infernal_Fertilized.PrimalItemConsumable_Egg_Yuty_Infernal_Fertilized,Egg Yuty Infernal Fertilized,31,TRUE
/Game/Mods/AE/Items/DinoEggs/PrimalItemConsumable_Egg_Yuty_Prime_Fertilized.PrimalItemConsumable_Egg_Yuty_Prime_Fertilized,Egg Yuty Prime Fertilized,31,TRUE
/Game/Mods/AE/Items/DinoHeart/PrimalItem_DinoHeart.PrimalItem_DinoHeart,Dino Heart,31,TRUE
/Game/Mods/AE/Items/EternalDinoFood/AlphaKibble/PrimalItemConsumable_AlphaKibble.PrimalItemConsumable_AlphaKibble,Alpha Kibble,31,TRUE
/Game/Mods/AE/Items/EternalDinoFood/AlphaMeat/PrimalItemConsumable_Alpha-Meat.PrimalItemConsumable_Alpha-Meat,Alpha Meat,31,TRUE
/Game/Mods/AE/Items/EternalDinoFood/EternalKibble/PrimalItemConsumable_EternalKibble.PrimalItemConsumable_EternalKibble,Eternal Kibble,31,TRUE
/Game/Mods/AE/Items/EternalDinoFood/EternalPrimeMeat/PrimalItemConsumable_EternalPrime-Meat.PrimalItemConsumable_EternalPrime-Meat,Eternam Prime Meat,31,TRUE
/Game/Mods/AE/Items/EternalDinoFood/InstaTameFood/PrimalItemConsumable_InstaTameFood.PrimalItemConsumable_InstaTameFood,Instant Tame Food,31,TRUE
/Game/Mods/AE/Items/EternalDodoEgg/PrimalItemConsumable_EternalDodoEgg.PrimalItemConsumable_EternalDodoEgg,Eternal Dodo Egg,31,TRUE
/Game/Mods/AE/Items/FuturisticOrb/PrimalItemConsumable_FuturisticOrb.PrimalItemConsumable_FuturisticOrb,Futuristic Orb,31,TRUE
/Game/Mods/AE/Items/GraboidParasite/PrimalItem_GraboidParasite.PrimalItem_GraboidParasite,Graboid Parasite,31,TRUE
/Game/Mods/AE/Items/Kibbles/PrimalItemConsumable_Kibble_Allo_AE.PrimalItemConsumable_Kibble_Allo_AE,Kibble Allo A E,31,TRUE
/Game/Mods/AE/Items/Kibbles/PrimalItemConsumable_Kibble_ArchaEgg_AE.PrimalItemConsumable_Kibble_ArchaEgg_AE,Kibble Archa Egg A E,31,TRUE
/Game/Mods/AE/Items/Kibbles/PrimalItemConsumable_Kibble_ArgentEgg_AE.PrimalItemConsumable_Kibble_ArgentEgg_AE,Kibble Argent Egg A E,31,TRUE
/Game/Mods/AE/Items/Kibbles/PrimalItemConsumable_Kibble_BaryonyxEgg_AE.PrimalItemConsumable_Kibble_BaryonyxEgg_AE,Kibble Baryonyx Egg A E,31,TRUE
/Game/Mods/AE/Items/Kibbles/PrimalItemConsumable_Kibble_BoaEgg_AE.PrimalItemConsumable_Kibble_BoaEgg_AE,Kibble Boa Egg A E,31,TRUE
/Game/Mods/AE/Items/Kibbles/PrimalItemConsumable_Kibble_Camelsaurus_AE.PrimalItemConsumable_Kibble_Camelsaurus_AE,Kibble Camelsaurus A E,31,TRUE
/Game/Mods/AE/Items/Kibbles/PrimalItemConsumable_Kibble_CarnoEgg_AE.PrimalItemConsumable_Kibble_CarnoEgg_AE,Kibble Carno Egg A E,31,TRUE
/Game/Mods/AE/Items/Kibbles/PrimalItemConsumable_Kibble_Compy_AE.PrimalItemConsumable_Kibble_Compy_AE,Kibble Compy A E,31,TRUE
/Game/Mods/AE/Items/Kibbles/PrimalItemConsumable_Kibble_DiloEgg_AE.PrimalItemConsumable_Kibble_DiloEgg_AE,Kibble Dilo Egg A E,31,TRUE
/Game/Mods/AE/Items/Kibbles/PrimalItemConsumable_Kibble_DimetroEgg_AE.PrimalItemConsumable_Kibble_DimetroEgg_AE,Kibble Dimetro Egg A E,31,TRUE
/Game/Mods/AE/Items/Kibbles/PrimalItemConsumable_Kibble_DimorphEgg_AE.PrimalItemConsumable_Kibble_DimorphEgg_AE,Kibble Dimorph Egg A E,31,TRUE
/Game/Mods/AE/Items/Kibbles/PrimalItemConsumable_Kibble_DiploEgg_AE.PrimalItemConsumable_Kibble_DiploEgg_AE,Kibble Diplo Egg A E,31,TRUE
/Game/Mods/AE/Items/Kibbles/PrimalItemConsumable_Kibble_DodoEgg_AE.PrimalItemConsumable_Kibble_DodoEgg_AE,Kibble Dodo Egg A E,31,TRUE
/Game/Mods/AE/Items/Kibbles/PrimalItemConsumable_Kibble_GalliEgg_AE.PrimalItemConsumable_Kibble_GalliEgg_AE,Kibble Galli Egg A E,31,TRUE
/Game/Mods/AE/Items/Kibbles/PrimalItemConsumable_Kibble_HesperonisEgg_AE.PrimalItemConsumable_Kibble_HesperonisEgg_AE,Kibble Hesperonis Egg A E,31,TRUE
/Game/Mods/AE/Items/Kibbles/PrimalItemConsumable_Kibble_IchthyornisEgg_AE.PrimalItemConsumable_Kibble_IchthyornisEgg_AE,Kibble Ichthyornis Egg A E,31,TRUE
/Game/Mods/AE/Items/Kibbles/PrimalItemConsumable_Kibble_IguanodonEgg_AE.PrimalItemConsumable_Kibble_IguanodonEgg_AE,Kibble Iguanodon Egg A E,31,TRUE
/Game/Mods/AE/Items/Kibbles/PrimalItemConsumable_Kibble_JugBug_AE.PrimalItemConsumable_Kibble_JugBug_AE,Kibble Jug Bug A E,31,TRUE
/Game/Mods/AE/Items/Kibbles/PrimalItemConsumable_Kibble_KairukuEgg_AE.PrimalItemConsumable_Kibble_KairukuEgg_AE,Kibble Kairuku Egg A E,31,TRUE
/Game/Mods/AE/Items/Kibbles/PrimalItemConsumable_Kibble_KaproEgg_AE.PrimalItemConsumable_Kibble_KaproEgg_AE,Kibble Kapro Egg A E,31,TRUE
/Game/Mods/AE/Items/Kibbles/PrimalItemConsumable_Kibble_KentroEgg_AE.PrimalItemConsumable_Kibble_KentroEgg_AE,Kibble Kentro Egg A E,31,TRUE
/Game/Mods/AE/Items/Kibbles/PrimalItemConsumable_Kibble_LystroEgg_AE.PrimalItemConsumable_Kibble_LystroEgg_AE,Kibble Lystro Egg A E,31,TRUE
/Game/Mods/AE/Items/Kibbles/PrimalItemConsumable_Kibble_Mantis_AE.PrimalItemConsumable_Kibble_Mantis_AE,Kibble Mantis A E,31,TRUE
/Game/Mods/AE/Items/Kibbles/PrimalItemConsumable_Kibble_Megalania_AE.PrimalItemConsumable_Kibble_Megalania_AE,Kibble Megalania A E,31,TRUE
/Game/Mods/AE/Items/Kibbles/PrimalItemConsumable_Kibble_MegalosaurusEgg_AE.PrimalItemConsumable_Kibble_MegalosaurusEgg_AE,Kibble Megalosaurus Egg A E,31,TRUE
/Game/Mods/AE/Items/Kibbles/PrimalItemConsumable_Kibble_MicroraptorEgg_AE.PrimalItemConsumable_Kibble_MicroraptorEgg_AE,Kibble Microraptor Egg A E,31,TRUE
/Game/Mods/AE/Items/Kibbles/PrimalItemConsumable_Kibble_MoschopsEgg_AE.PrimalItemConsumable_Kibble_MoschopsEgg_AE,Kibble Moschops Egg A E,31,TRUE
/Game/Mods/AE/Items/Kibbles/PrimalItemConsumable_Kibble_Moth_AE.PrimalItemConsumable_Kibble_Moth_AE,Kibble Moth A E,31,TRUE
/Game/Mods/AE/Items/Kibbles/PrimalItemConsumable_Kibble_OviraptorEgg_AE.PrimalItemConsumable_Kibble_OviraptorEgg_AE,Kibble Oviraptor Egg A E,31,TRUE
/Game/Mods/AE/Items/Kibbles/PrimalItemConsumable_Kibble_PachyEgg_AE.PrimalItemConsumable_Kibble_PachyEgg_AE,Kibble Pachy Egg A E,31,TRUE
/Game/Mods/AE/Items/Kibbles/PrimalItemConsumable_Kibble_PachyRhinoEgg_AE.PrimalItemConsumable_Kibble_PachyRhinoEgg_AE,Kibble Pachy Rhino Egg A E,31,TRUE
/Game/Mods/AE/Items/Kibbles/PrimalItemConsumable_Kibble_ParaEgg_AE.PrimalItemConsumable_Kibble_ParaEgg_AE,Kibble Para Egg A E,31,TRUE
/Game/Mods/AE/Items/Kibbles/PrimalItemConsumable_Kibble_PegomastaxEgg_AE.PrimalItemConsumable_Kibble_PegomastaxEgg_AE,Kibble Pegomastax Egg A E,31,TRUE
/Game/Mods/AE/Items/Kibbles/PrimalItemConsumable_Kibble_Pela_AE.PrimalItemConsumable_Kibble_Pela_AE,Kibble Pela A E,31,TRUE
/Game/Mods/AE/Items/Kibbles/PrimalItemConsumable_Kibble_PteroEgg_AE.PrimalItemConsumable_Kibble_PteroEgg_AE,Kibble Ptero Egg A E,31,TRUE
/Game/Mods/AE/Items/Kibbles/PrimalItemConsumable_Kibble_QuetzEgg_AE.PrimalItemConsumable_Kibble_QuetzEgg_AE,Kibble Quetz Egg A E,31,TRUE
/Game/Mods/AE/Items/Kibbles/PrimalItemConsumable_Kibble_RaptorEgg_AE.PrimalItemConsumable_Kibble_RaptorEgg_AE,Kibble Raptor Egg A E,31,TRUE
/Game/Mods/AE/Items/Kibbles/PrimalItemConsumable_Kibble_RexEgg_AE.PrimalItemConsumable_Kibble_RexEgg_AE,Kibble Rex Egg A E,31,TRUE
/Game/Mods/AE/Items/Kibbles/PrimalItemConsumable_Kibble_SarcoEgg_AE.PrimalItemConsumable_Kibble_SarcoEgg_AE,Kibble Sarco Egg A E,31,TRUE
/Game/Mods/AE/Items/Kibbles/PrimalItemConsumable_Kibble_SauroEgg_AE.PrimalItemConsumable_Kibble_SauroEgg_AE,Kibble Sauro Egg A E,31,TRUE
/Game/Mods/AE/Items/Kibbles/PrimalItemConsumable_Kibble_ScorpionEgg_AE.PrimalItemConsumable_Kibble_ScorpionEgg_AE,Kibble Scorpion Egg A E,31,TRUE
/Game/Mods/AE/Items/Kibbles/PrimalItemConsumable_Kibble_SpiderEgg_AE.PrimalItemConsumable_Kibble_SpiderEgg_AE,Kibble Spider Egg A E,31,TRUE
/Game/Mods/AE/Items/Kibbles/PrimalItemConsumable_Kibble_SpineyLizard_AE.PrimalItemConsumable_Kibble_SpineyLizard_AE,Kibble Spiney Lizard A E,31,TRUE
/Game/Mods/AE/Items/Kibbles/PrimalItemConsumable_Kibble_SpinoEgg_AE.PrimalItemConsumable_Kibble_SpinoEgg_AE,Kibble Spino Egg A E,31,TRUE
/Game/Mods/AE/Items/Kibbles/PrimalItemConsumable_Kibble_StegoEgg_AE.PrimalItemConsumable_Kibble_StegoEgg_AE,Kibble Stego Egg A E,31,TRUE
/Game/Mods/AE/Items/Kibbles/PrimalItemConsumable_Kibble_TapejaraEgg_AE.PrimalItemConsumable_Kibble_TapejaraEgg_AE,Kibble Tapejara Egg A E,31,TRUE
/Game/Mods/AE/Items/Kibbles/PrimalItemConsumable_Kibble_TerrorbirdEgg_AE.PrimalItemConsumable_Kibble_TerrorbirdEgg_AE,Kibble Terrorbird Egg A E,31,TRUE
/Game/Mods/AE/Items/Kibbles/PrimalItemConsumable_Kibble_TherizinoEgg_AE.PrimalItemConsumable_Kibble_TherizinoEgg_AE,Kibble Therizino Egg A E,31,TRUE
/Game/Mods/AE/Items/Kibbles/PrimalItemConsumable_Kibble_TrikeEgg_AE.PrimalItemConsumable_Kibble_TrikeEgg_AE,Kibble Trike Egg A E,31,TRUE
/Game/Mods/AE/Items/Kibbles/PrimalItemConsumable_Kibble_TroodonEgg_AE.PrimalItemConsumable_Kibble_TroodonEgg_AE,Kibble Troodon Egg A E,31,TRUE
/Game/Mods/AE/Items/Kibbles/PrimalItemConsumable_Kibble_TurtleEgg_AE.PrimalItemConsumable_Kibble_TurtleEgg_AE,Kibble Turtle Egg A E,31,TRUE
/Game/Mods/AE/Items/Kibbles/PrimalItemConsumable_Kibble_Vulture_AE.PrimalItemConsumable_Kibble_Vulture_AE,Kibble Vulture A E,31,TRUE
/Game/Mods/AE/Items/Kibbles/PrimalItemConsumable_Kibble_VultureEgg_AE.PrimalItemConsumable_Kibble_VultureEgg_AE,Kibble Vulture Egg A E,31,TRUE
/Game/Mods/AE/Items/LavaRock/PrimalItem_LavaRock.PrimalItem_LavaRock,Lava Rock,31,TRUE
/Game/Mods/AE/Items/Matrixes/Ancient/PrimalItemConsumable_Matrix_Ancient_BigFoot.PrimalItemConsumable_Matrix_Ancient_BigFoot,Matrix Ancient Big Foot,31,TRUE
/Game/Mods/AE/Items/Matrixes/Ancient/PrimalItemConsumable_Matrix_Ancient_Direbear.PrimalItemConsumable_Matrix_Ancient_Direbear,Matrix Ancient Direbear,31,TRUE
/Game/Mods/AE/Items/Matrixes/Ancient/PrimalItemConsumable_Matrix_Ancient_DodoRex.PrimalItemConsumable_Matrix_Ancient_DodoRex,Matrix Ancient Dodo Rex,31,TRUE
/Game/Mods/AE/Items/Matrixes/Ancient/PrimalItemConsumable_Matrix_Ancient_Gorilla.PrimalItemConsumable_Matrix_Ancient_Gorilla,Matrix Ancient Gorilla,31,TRUE
/Game/Mods/AE/Items/Matrixes/Ancient/PrimalItemConsumable_Matrix_Ancient_Mammoth.PrimalItemConsumable_Matrix_Ancient_Mammoth,Matrix Ancient Mammoth,31,TRUE
/Game/Mods/AE/Items/Matrixes/Ancient/PrimalItemConsumable_Matrix_Ancient_Manticore.PrimalItemConsumable_Matrix_Ancient_Manticore,Matrix Ancient Manticore,31,TRUE
/Game/Mods/AE/Items/Matrixes/Ancient/PrimalItemConsumable_Matrix_Ancient_Quetz.PrimalItemConsumable_Matrix_Ancient_Quetz,Matrix Ancient Quetz,31,TRUE
/Game/Mods/AE/Items/Matrixes/Ancient/PrimalItemConsumable_Matrix_Ancient_Rhino.PrimalItemConsumable_Matrix_Ancient_Rhino,Matrix Ancient Rhino,31,TRUE
/Game/Mods/AE/Items/Matrixes/Darkstar/PrimalItemConsumable_Matrix_Darkstar.PrimalItemConsumable_Matrix_Darkstar,Matrix Darkstar,31,TRUE
/Game/Mods/AE/Items/Matrixes/Eternity/PrimalItemConsumable_Matrix_Broodmother.PrimalItemConsumable_Matrix_Broodmother,Matrix Broodmother,31,TRUE
/Game/Mods/AE/Items/Matrixes/Eternity/PrimalItemConsumable_Matrix_Manticore.PrimalItemConsumable_Matrix_Manticore,Matrix Manticore,31,TRUE
/Game/Mods/AE/Items/Matrixes/EvolCompy/PrimalItemConsumable_Matrix_EvolCompy.PrimalItemConsumable_Matrix_EvolCompy,Matrix Evol Compy,31,TRUE
/Game/Mods/AE/Items/Matrixes/Harbinger/PrimalItemConsumable_Matrix_Harbinger_Ankylo.PrimalItemConsumable_Matrix_Harbinger_Ankylo,Matrix Harbinger Ankylo,31,TRUE
/Game/Mods/AE/Items/Matrixes/Harbinger/PrimalItemConsumable_Matrix_Harbinger_Beaver.PrimalItemConsumable_Matrix_Harbinger_Beaver,Matrix Harbinger Beaver,31,TRUE
/Game/Mods/AE/Items/Matrixes/Harbinger/PrimalItemConsumable_Matrix_Harbinger_Doed.PrimalItemConsumable_Matrix_Harbinger_Doed,Matrix Harbinger Doed,31,TRUE
/Game/Mods/AE/Items/Matrixes/Harbinger/PrimalItemConsumable_Matrix_Harbinger_Frog.PrimalItemConsumable_Matrix_Harbinger_Frog,Matrix Harbinger Frog,31,TRUE
/Game/Mods/AE/Items/Matrixes/Harbinger/PrimalItemConsumable_Matrix_Harbinger_Pengiun.PrimalItemConsumable_Matrix_Harbinger_Pengiun,Matrix Harbinger Pengiun,31,TRUE
/Game/Mods/AE/Items/Matrixes/Immortal/PrimalItemConsumable_Matrix_Bigfoot.PrimalItemConsumable_Matrix_Bigfoot,Matrix Bigfoot,31,TRUE
/Game/Mods/AE/Items/Matrixes/Immortal/PrimalItemConsumable_Matrix_Giga.PrimalItemConsumable_Matrix_Giga,Matrix Giga,31,TRUE
/Game/Mods/AE/Items/Matrixes/Immortal/PrimalItemConsumable_Matrix_Mammoth.PrimalItemConsumable_Matrix_Mammoth,Matrix Mammoth,31,TRUE
/Game/Mods/AE/Items/Matrixes/Immortal/PrimalItemConsumable_Matrix_Rhino.PrimalItemConsumable_Matrix_Rhino,Matrix Rhino,31,TRUE
/Game/Mods/AE/Items/Matrixes/Immortal/PrimalItemConsumable_Matrix_Wyvern.PrimalItemConsumable_Matrix_Wyvern,Matrix Wyvern,31,TRUE
/Game/Mods/AE/Items/Matrixes/MatrixCore/PrimalItem_MatrixCore.PrimalItem_MatrixCore,Matrix Core,31,TRUE
/Game/Mods/AE/Items/Matrixes/Other/PrimalItemConsumable_Matrix_Bacon_Overlord.PrimalItemConsumable_Matrix_Bacon_Overlord,Matrix Bacon Overlord,31,TRUE
/Game/Mods/AE/Items/Matrixes/Other/PrimalItemConsumable_Matrix_Bionic_Giga.PrimalItemConsumable_Matrix_Bionic_Giga,Matrix Bionic Giga,31,TRUE
/Game/Mods/AE/Items/Matrixes/Other/PrimalItemConsumable_Matrix_UndeadWyvern.PrimalItemConsumable_Matrix_UndeadWyvern,Matrix Undead Wyvern,31,TRUE
/Game/Mods/AE/Items/Matrixes/VanillaBoss/BroodMother/PrimalItemConsumable_Matrix_BroodMotherEasy.PrimalItemConsumable_Matrix_BroodMotherEasy,Matrix Brood Mother Easy,31,TRUE
/Game/Mods/AE/Items/Matrixes/VanillaBoss/BroodMother/PrimalItemConsumable_Matrix_BroodMotherHard.PrimalItemConsumable_Matrix_BroodMotherHard,Matrix Brood Mother Hard,31,TRUE
/Game/Mods/AE/Items/Matrixes/VanillaBoss/BroodMother/PrimalItemConsumable_Matrix_BroodMotherMedium.PrimalItemConsumable_Matrix_BroodMotherMedium,Matrix Brood Mother Medium,31,TRUE
/Game/Mods/AE/Items/Matrixes/VanillaBoss/Dragon/PrimalItemConsumable_Matrix_DragonBossEasy.PrimalItemConsumable_Matrix_DragonBossEasy,Matrix Dragon Boss Easy,31,TRUE
/Game/Mods/AE/Items/Matrixes/VanillaBoss/Dragon/PrimalItemConsumable_Matrix_DragonBossHard.PrimalItemConsumable_Matrix_DragonBossHard,Matrix Dragon Boss Hard,31,TRUE
/Game/Mods/AE/Items/Matrixes/VanillaBoss/Dragon/PrimalItemConsumable_Matrix_DragonBossMedium.PrimalItemConsumable_Matrix_DragonBossMedium,Matrix Dragon Boss Medium,31,TRUE
/Game/Mods/AE/Items/Matrixes/VanillaBoss/Gorilla/PrimalItemConsumable_Matrix_GorillaEasy.PrimalItemConsumable_Matrix_GorillaEasy,Matrix Gorilla Easy,31,TRUE
/Game/Mods/AE/Items/Matrixes/VanillaBoss/Gorilla/PrimalItemConsumable_Matrix_GorillaHard.PrimalItemConsumable_Matrix_GorillaHard,Matrix Gorilla Hard,31,TRUE
/Game/Mods/AE/Items/Matrixes/VanillaBoss/Gorilla/PrimalItemConsumable_Matrix_GorillaMedium.PrimalItemConsumable_Matrix_GorillaMedium,Matrix Gorilla Medium,31,TRUE
/Game/Mods/AE/Items/Matrixes/VanillaBoss/Manticore/PrimalItemConsumable_Matrix_ManticoreEasy.PrimalItemConsumable_Matrix_ManticoreEasy,Matrix Manticore Easy,31,TRUE
/Game/Mods/AE/Items/Matrixes/VanillaBoss/Manticore/PrimalItemConsumable_Matrix_ManticoreHard.PrimalItemConsumable_Matrix_ManticoreHard,Matrix Manticore Hard,31,TRUE
/Game/Mods/AE/Items/Matrixes/VanillaBoss/Manticore/PrimalItemConsumable_Matrix_ManticoreMedium.PrimalItemConsumable_Matrix_ManticoreMedium,Matrix Manticore Medium,31,TRUE
/Game/Mods/AE/Items/Matrixes/VanillaBoss/Rockwell/PrimalItemConsumable_Matrix_RockwellEasy.PrimalItemConsumable_Matrix_RockwellEasy,Matrix Rockwell Easy,31,TRUE
/Game/Mods/AE/Items/Matrixes/VanillaBoss/Rockwell/PrimalItemConsumable_Matrix_RockwellHard.PrimalItemConsumable_Matrix_RockwellHard,Matrix Rockwell Hard,31,TRUE
/Game/Mods/AE/Items/Matrixes/VanillaBoss/Rockwell/PrimalItemConsumable_Matrix_RockwellMedium.PrimalItemConsumable_Matrix_RockwellMedium,Matrix Rockwell Medium,31,TRUE
/Game/Mods/AE/Items/MysteriousElement/PrimalItem_MysteriousElement.PrimalItem_MysteriousElement,Mysterious Element,31,TRUE
/Game/Mods/AE/Items/Potions/AgilityPotion/PrimalItemConsumable_AgilityPotion.PrimalItemConsumable_AgilityPotion,Agility Potion,31,TRUE
/Game/Mods/AE/Items/Potions/CursedPotion/PrimalItemConsumable_CursedPotion.PrimalItemConsumable_CursedPotion,Cursed Potion,31,TRUE
/Game/Mods/AE/Items/Potions/EvolutionPotion/PrimalItemConsumable_ElemEvoPotion.PrimalItemConsumable_ElemEvoPotion,Elem Evo Potion,31,TRUE
/Game/Mods/AE/Items/Potions/ExperiencePotion/PrimalItemConsumable_ExperiencePotionHuge.PrimalItemConsumable_ExperiencePotionHuge,Experience Potion Huge,31,TRUE
/Game/Mods/AE/Items/Potions/ExperiencePotion/PrimalItemConsumable_ExperiencePotionLarge.PrimalItemConsumable_ExperiencePotionLarge,Experience Potion Large,31,TRUE
/Game/Mods/AE/Items/Potions/ExperiencePotion/PrimalItemConsumable_ExperiencePotionMedium.PrimalItemConsumable_ExperiencePotionMedium,Experience Potion Medium,31,TRUE
/Game/Mods/AE/Items/Potions/ExperiencePotion/PrimalItemConsumable_ExperiencePotionSmall.PrimalItemConsumable_ExperiencePotionSmall,Experience Potion Small,31,TRUE
/Game/Mods/AE/Items/Potions/ExperiencePotion/PrimalItemConsumable_ExperiencePotionTiny.PrimalItemConsumable_ExperiencePotionTiny,Experience Potion Tiny,31,TRUE
/Game/Mods/AE/Items/Potions/FoodPotion/PrimalItemConsumable_FoodPotion.PrimalItemConsumable_FoodPotion,Food Potion,31,TRUE
/Game/Mods/AE/Items/Potions/GrowupPotion/PrimalItemConsumable_GrowupPotion.PrimalItemConsumable_GrowupPotion,Growup Potion,31,TRUE
/Game/Mods/AE/Items/Potions/InfernalPotion/PrimalItemConsumable_InfernalPotion.PrimalItemConsumable_InfernalPotion,Infernal Potion,31,TRUE
/Game/Mods/AE/Items/Potions/PoisonEraser/PrimalItemConsumable_PoisonEraser.PrimalItemConsumable_PoisonEraser,Poison Eraser,31,TRUE
/Game/Mods/AE/Items/Potions/RegPotion/PrimalItemConsumable_RegPotion.PrimalItemConsumable_RegPotion,Reg Potion,31,TRUE
/Game/Mods/AE/Items/Potions/SedativePotion/PrimalItemConsumable_SedativePotion.PrimalItemConsumable_SedativePotion,Sedative Potion,31,TRUE
/Game/Mods/AE/Items/Potions/SuicidePotion/PrimalItemConsumable_SuicidePotion.PrimalItemConsumable_SuicidePotion,Suicide Potion,31,TRUE
/Game/Mods/AE/Items/Saddles/PrimalItemArmor_AEGriffinArmor.PrimalItemArmor_AEGriffinArmor,A E Griffin Armor,31,TRUE
/Game/Mods/AE/Items/Saddles/PrimalItemArmor_AEMegalosaurusSaddle.PrimalItemArmor_AEMegalosaurusSaddle,A E Megalosaurus Saddle,31,TRUE
/Game/Mods/AE/Items/Saddles/PrimalItemArmor_AESnakeArmor.PrimalItemArmor_AESnakeArmor,A E Snake Armor,31,TRUE
/Game/Mods/AE/Items/Saddles/Alphas/PrimalItemArmor_Alpha_AlloSaddle.PrimalItemArmor_Alpha_AlloSaddle,Alpha Allo Saddle,31,TRUE
/Game/Mods/AE/Items/Saddles/Alphas/PrimalItemArmor_Alpha_ArgentavisSaddle.PrimalItemArmor_Alpha_ArgentavisSaddle,Alpha Argentavis Saddle,31,TRUE
/Game/Mods/AE/Items/Saddles/Alphas/PrimalItemArmor_Alpha_CarnoSaddle.PrimalItemArmor_Alpha_CarnoSaddle,Alpha Carno Saddle,31,TRUE
/Game/Mods/AE/Items/Saddles/Alphas/PrimalItemArmor_Alpha_ChalicoSaddle.PrimalItemArmor_Alpha_ChalicoSaddle,Alpha Chalico Saddle,31,TRUE
/Game/Mods/AE/Items/Saddles/Alphas/PrimalItemArmor_Alpha_DireBearSaddle.PrimalItemArmor_Alpha_DireBearSaddle,Alpha Dire Bear Saddle,31,TRUE
/Game/Mods/AE/Items/Saddles/Alphas/PrimalItemArmor_Alpha_GigantSaddle.PrimalItemArmor_Alpha_GigantSaddle,Alpha Gigant Saddle,31,TRUE
/Game/Mods/AE/Items/Saddles/Alphas/PrimalItemArmor_Alpha_IndomSaddle.PrimalItemArmor_Alpha_IndomSaddle,Alpha Indom Saddle,31,TRUE
/Game/Mods/AE/Items/Saddles/Alphas/PrimalItemArmor_Alpha_KaproSaddle.PrimalItemArmor_Alpha_KaproSaddle,Alpha Kapro Saddle,31,TRUE
/Game/Mods/AE/Items/Saddles/Alphas/PrimalItemArmor_Alpha_KentroSaddle.PrimalItemArmor_Alpha_KentroSaddle,Alpha Kentro Saddle,31,TRUE
/Game/Mods/AE/Items/Saddles/Alphas/PrimalItemArmor_Alpha_MammothSaddle.PrimalItemArmor_Alpha_MammothSaddle,Alpha Mammoth Saddle,31,TRUE
/Game/Mods/AE/Items/Saddles/Alphas/PrimalItemArmor_Alpha_MothSaddle.PrimalItemArmor_Alpha_MothSaddle,Alpha Moth Saddle,31,TRUE
/Game/Mods/AE/Items/Saddles/Alphas/PrimalItemArmor_Alpha_PteroSaddle.PrimalItemArmor_Alpha_PteroSaddle,Alpha Ptero Saddle,31,TRUE
/Game/Mods/AE/Items/Saddles/Alphas/PrimalItemArmor_Alpha_RaptorSaddle.PrimalItemArmor_Alpha_RaptorSaddle,Alpha Raptor Saddle,31,TRUE
/Game/Mods/AE/Items/Saddles/Alphas/PrimalItemArmor_Alpha_RexSaddle.PrimalItemArmor_Alpha_RexSaddle,Alpha Rex Saddle,31,TRUE
/Game/Mods/AE/Items/Saddles/Alphas/PrimalItemArmor_Alpha_RhinoSaddle.PrimalItemArmor_Alpha_RhinoSaddle,Alpha Rhino Saddle,31,TRUE
/Game/Mods/AE/Items/Saddles/Alphas/PrimalItemArmor_Alpha_SaberSaddle.PrimalItemArmor_Alpha_SaberSaddle,Alpha Saber Saddle,31,TRUE
/Game/Mods/AE/Items/Saddles/Alphas/PrimalItemArmor_Alpha_SarcoSaddle.PrimalItemArmor_Alpha_SarcoSaddle,Alpha Sarco Saddle,31,TRUE
/Game/Mods/AE/Items/Saddles/Alphas/PrimalItemArmor_Alpha_SpinoSaddle.PrimalItemArmor_Alpha_SpinoSaddle,Alpha Spino Saddle,31,TRUE
/Game/Mods/AE/Items/Saddles/Alphas/PrimalItemArmor_Alpha_TerrorBirdSaddle.PrimalItemArmor_Alpha_TerrorBirdSaddle,Alpha Terror Bird Saddle,31,TRUE
/Game/Mods/AE/Items/Saddles/Alphas/PrimalItemArmor_Alpha_TherizinosaurusSaddle.PrimalItemArmor_Alpha_TherizinosaurusSaddle,Alpha Therizinosaurus Saddle,31,TRUE
/Game/Mods/AE/Items/Saddles/Alphas/PrimalItemArmor_Alpha_ThylacoleoSaddle.PrimalItemArmor_Alpha_ThylacoleoSaddle,Alpha Thylacoleo Saddle,31,TRUE
/Game/Mods/AE/Items/Saddles/Alphas/PrimalItemArmor_Alpha_ToadSaddle.PrimalItemArmor_Alpha_ToadSaddle,Alpha Toad Saddle,31,TRUE
/Game/Mods/AE/Items/Saddles/Alphas/PrimalItemArmor_Alpha_WolfSaddle.PrimalItemArmor_Alpha_WolfSaddle,Alpha Wolf Saddle,31,TRUE
/Game/Mods/AE/Items/Saddles/Alphas/PrimalItemArmor_Alpha_WyvernSaddle.PrimalItemArmor_Alpha_WyvernSaddle,Alpha Wyvern Saddle,31,TRUE
/Game/Mods/AE/Items/Saddles/Alphas/PrimalItemArmor_AlphaMantisSaddle.PrimalItemArmor_AlphaMantisSaddle,Alpha Mantis Saddle,31,TRUE
/Game/Mods/AE/Items/Scorched/Adobe/PrimalItemStructure_AdobeCeilingAE.PrimalItemStructure_AdobeCeilingAE,Adobe Ceiling A E,31,TRUE
/Game/Mods/AE/Items/Scorched/Adobe/PrimalItemStructure_AdobeCeilingDoorGiantAE.PrimalItemStructure_AdobeCeilingDoorGiantAE,Adobe Ceiling Door Giant A E,31,TRUE
/Game/Mods/AE/Items/Scorched/Adobe/PrimalItemStructure_AdobeCeilingWithDoorWay_GiantAE.PrimalItemStructure_AdobeCeilingWithDoorWay_GiantAE,Adobe Ceiling With Door Way Giant A E,31,TRUE
/Game/Mods/AE/Items/Scorched/Adobe/PrimalItemStructure_AdobeCeilingWithTrapdoorAE.PrimalItemStructure_AdobeCeilingWithTrapdoorAE,Adobe Ceiling With Trapdoor A E,31,TRUE
/Game/Mods/AE/Items/Scorched/Adobe/PrimalItemStructure_AdobeDoorAE.PrimalItemStructure_AdobeDoorAE,Adobe Door A E,31,TRUE
/Game/Mods/AE/Items/Scorched/Adobe/PrimalItemStructure_AdobeFenceFoundationAE.PrimalItemStructure_AdobeFenceFoundationAE,Adobe Fence Foundation A E,31,TRUE
/Game/Mods/AE/Items/Scorched/Adobe/PrimalItemStructure_AdobeFloorAE.PrimalItemStructure_AdobeFloorAE,Adobe Floor A E,31,TRUE
/Game/Mods/AE/Items/Scorched/Adobe/PrimalItemStructure_AdobeFrameGateAE.PrimalItemStructure_AdobeFrameGateAE,Adobe Frame Gate A E,31,TRUE
/Game/Mods/AE/Items/Scorched/Adobe/PrimalItemStructure_AdobeGateDoor_LargeAE.PrimalItemStructure_AdobeGateDoor_LargeAE,Adobe Gate Door Large A E,31,TRUE
/Game/Mods/AE/Items/Scorched/Adobe/PrimalItemStructure_AdobeGateDoorAE.PrimalItemStructure_AdobeGateDoorAE,Adobe Gate Door A E,31,TRUE
/Game/Mods/AE/Items/Scorched/Adobe/PrimalItemStructure_AdobeGateframe_LargeAE.PrimalItemStructure_AdobeGateframe_LargeAE,Adobe Gateframe Large A E,31,TRUE
/Game/Mods/AE/Items/Scorched/Adobe/PrimalItemStructure_AdobeLadderAE.PrimalItemStructure_AdobeLadderAE,Adobe Ladder A E,31,TRUE
/Game/Mods/AE/Items/Scorched/Adobe/PrimalItemStructure_AdobePillarAE.PrimalItemStructure_AdobePillarAE,Adobe Pillar A E,31,TRUE
/Game/Mods/AE/Items/Scorched/Adobe/PrimalItemStructure_AdobeRailingAE.PrimalItemStructure_AdobeRailingAE,Adobe Railing A E,31,TRUE
/Game/Mods/AE/Items/Scorched/Adobe/PrimalItemStructure_AdobeRampAE.PrimalItemStructure_AdobeRampAE,Adobe Ramp A E,31,TRUE
/Game/Mods/AE/Items/Scorched/Adobe/PrimalItemStructure_AdobeRoofAE.PrimalItemStructure_AdobeRoofAE,Adobe Roof A E,31,TRUE
/Game/Mods/AE/Items/Scorched/Adobe/PrimalItemStructure_AdobeStaircaseAE.PrimalItemStructure_AdobeStaircaseAE,Adobe Staircase A E,31,TRUE
/Game/Mods/AE/Items/Scorched/Adobe/PrimalItemStructure_AdobeTrapdoorAE.PrimalItemStructure_AdobeTrapdoorAE,Adobe Trapdoor A E,31,TRUE
/Game/Mods/AE/Items/Scorched/Adobe/PrimalItemStructure_AdobeWall_Sloped_LeftAE.PrimalItemStructure_AdobeWall_Sloped_LeftAE,Adobe Wall Sloped Left A E,31,TRUE
/Game/Mods/AE/Items/Scorched/Adobe/PrimalItemStructure_AdobeWall_Sloped_RightAE.PrimalItemStructure_AdobeWall_Sloped_RightAE,Adobe Wall Sloped Right A E,31,TRUE
/Game/Mods/AE/Items/Scorched/Adobe/PrimalItemStructure_AdobeWallAE.PrimalItemStructure_AdobeWallAE,Adobe Wall A E,31,TRUE
/Game/Mods/AE/Items/Scorched/Adobe/PrimalItemStructure_AdobeWallWithDoorAE.PrimalItemStructure_AdobeWallWithDoorAE,Adobe Wall With Door A E,31,TRUE
/Game/Mods/AE/Items/Scorched/Adobe/PrimalItemStructure_AdobeWallWithWindowAE.PrimalItemStructure_AdobeWallWithWindowAE,Adobe Wall With Window A E,31,TRUE
/Game/Mods/AE/Items/Scorched/Adobe/PrimalItemStructure_AdobeWindowAE.PrimalItemStructure_AdobeWindowAE,Adobe Window A E,31,TRUE
/Game/Mods/AE/Items/Scorched/Items/PrimalItem_ChainSaw_AE.PrimalItem_ChainSaw_AE,Chain Saw A E,31,TRUE
/Game/Mods/AE/Items/Scorched/Items/PrimalItem_WeapFlamethrower_AE.PrimalItem_WeapFlamethrower_AE,Weap Flamethrower A E,31,TRUE
/Game/Mods/AE/Items/Scorched/Items/PrimalItem_WeaponBoomerang_AE.PrimalItem_WeaponBoomerang_AE,Weapon Boomerang A E,31,TRUE
/Game/Mods/AE/Items/Scorched/Items/PrimalItem_WeaponClusterGrenade_AE.PrimalItem_WeaponClusterGrenade_AE,Weapon Cluster Grenade A E,31,TRUE
/Game/Mods/AE/Items/Scorched/Items/PrimalItem_WeaponElectronicBinoculars_AE.PrimalItem_WeaponElectronicBinoculars_AE,Weapon Electronic Binoculars A E,31,TRUE
/Game/Mods/AE/Items/Scorched/Items/PrimalItem_WeaponNetGun_AE.PrimalItem_WeaponNetGun_AE,Weapon Net Gun A E,31,TRUE
/Game/Mods/AE/Items/Scorched/Items/PrimalItem_WeaponOilJar_AE.PrimalItem_WeaponOilJar_AE,Weapon Oil Jar A E,31,TRUE
/Game/Mods/AE/Items/Scorched/Items/PrimalItem_WeaponWhip_AE.PrimalItem_WeaponWhip_AE,Weapon Whip A E,31,TRUE
/Game/Mods/AE/Items/Scorched/Items/PrimalItemAmmo_ArrowFlame_AE.PrimalItemAmmo_ArrowFlame_AE,Arrow Flame A E,31,TRUE
/Game/Mods/AE/Items/Scorched/Items/PrimalItemAmmo_Flamethrower_AE.PrimalItemAmmo_Flamethrower_AE,Flamethrower A E,31,TRUE
/Game/Mods/AE/Items/Scorched/Items/PrimalItemAmmo_NetGun_AE.PrimalItemAmmo_NetGun_AE,Net Gun A E,31,TRUE
/Game/Mods/AE/Items/Scorched/Items/PrimalItemAmmo_RocketHomingMissile_AE.PrimalItemAmmo_RocketHomingMissile_AE,Rocket Homing Missile A E,31,TRUE
/Game/Mods/AE/Items/Scorched/Items/PrimalItemArmor_DesertClothBoots_AE.PrimalItemArmor_DesertClothBoots_AE,Desert Cloth Boots A E,31,TRUE
/Game/Mods/AE/Items/Scorched/Items/PrimalItemArmor_DesertClothGloves_AE.PrimalItemArmor_DesertClothGloves_AE,Desert Cloth Gloves A E,31,TRUE
/Game/Mods/AE/Items/Scorched/Items/PrimalItemArmor_DesertClothGogglesHelmet_AE.PrimalItemArmor_DesertClothGogglesHelmet_AE,Desert Cloth Goggles Helmet A E,31,TRUE
/Game/Mods/AE/Items/Scorched/Items/PrimalItemArmor_DesertClothPants_AE.PrimalItemArmor_DesertClothPants_AE,Desert Cloth Pants A E,31,TRUE
/Game/Mods/AE/Items/Scorched/Items/PrimalItemArmor_DesertClothShirt_AE.PrimalItemArmor_DesertClothShirt_AE,Desert Cloth Shirt A E,31,TRUE
/Game/Mods/AE/Items/Scorched/Resources/PrimalItemConsumable_Seed_PlantSpeciesY_AE.PrimalItemConsumable_Seed_PlantSpeciesY_AE,Seed Plant Species Y A E,31,TRUE
/Game/Mods/AE/Items/Scorched/Resources/PrimalItemResource_CactusSapAE.PrimalItemResource_CactusSapAE,Cactus Sap A E,31,TRUE
/Game/Mods/AE/Items/Scorched/Resources/PrimalItemResource_RareFlowerAE.PrimalItemResource_RareFlowerAE,Rare Flower A E,31,TRUE
/Game/Mods/AE/Items/Scorched/Resources/PrimalItemResource_RareMushroomAE.PrimalItemResource_RareMushroomAE,Rare Mushroom A E,31,TRUE
/Game/Mods/AE/Items/Scorched/Resources/PrimalItemResource_RawSaltAE.PrimalItemResource_RawSaltAE,Raw Salt A E,31,TRUE
/Game/Mods/AE/Items/Scorched/Resources/PrimalItemResource_SandAE.PrimalItemResource_SandAE,Sand A E,31,TRUE
/Game/Mods/AE/Items/Scorched/Resources/PrimalItemResource_SilkAE.PrimalItemResource_SilkAE,Silk A E,31,TRUE
/Game/Mods/AE/Items/Scorched/Resources/PrimalItemResource_SulfurAE.PrimalItemResource_SulfurAE,Sulfur A E,31,TRUE
/Game/Mods/AE/Items/Scorched/Saddles/PrimalItemArmor_CamelsaurusSaddle_AESE.PrimalItemArmor_CamelsaurusSaddle_AESE,Camelsaurus Saddle A E S E,31,TRUE
/Game/Mods/AE/Items/Scorched/Saddles/PrimalItemArmor_MantisSaddle_AESE.PrimalItemArmor_MantisSaddle_AESE,Mantis Saddle A E S E,31,TRUE
/Game/Mods/AE/Items/Scorched/Saddles/PrimalItemArmor_MothSaddle_AESE.PrimalItemArmor_MothSaddle_AESE,Moth Saddle A E S E,31,TRUE
/Game/Mods/AE/Items/Scorched/Saddles/PrimalItemArmor_RockGolemSaddle_AESE.PrimalItemArmor_RockGolemSaddle_AESE,Rock Golem Saddle A E S E,31,TRUE
/Game/Mods/AE/Items/Scorched/Saddles/PrimalItemArmor_SpineyLizardSaddle_AESE.PrimalItemArmor_SpineyLizardSaddle_AESE,Spiney Lizard Saddle A E S E,31,TRUE
/Game/Mods/AE/Items/Scorched/Structures/PrimalItemStructure_Mirror_AE.PrimalItemStructure_Mirror_AE,Mirror A E,31,TRUE
/Game/Mods/AE/Items/Scorched/Structures/PrimalItemStructure_oilPump_AE.PrimalItemStructure_oilPump_AE,oil Pump A E,31,TRUE
/Game/Mods/AE/Items/Scorched/Structures/PrimalItemStructure_PlantSpeciesYTrap_AE.PrimalItemStructure_PlantSpeciesYTrap_AE,Plant Species Y Trap A E,31,TRUE
/Game/Mods/AE/Items/Scorched/Structures/PrimalItemStructure_Tent_AE.PrimalItemStructure_Tent_AE,Tent A E,31,TRUE
/Game/Mods/AE/Items/Scorched/Structures/PrimalItemStructure_Vessel_AE.PrimalItemStructure_Vessel_AE,Vessel A E,31,TRUE
/Game/Mods/AE/Items/Scorched/Structures/PrimalItemStructure_WaterWell_AE.PrimalItemStructure_WaterWell_AE,Water Well A E,31,TRUE
/Game/Mods/AE/Items/Scorched/Structures/PrimalItemStructure_WindTurbine_AE.PrimalItemStructure_WindTurbine_AE,Wind Turbine A E,31,TRUE
/Game/Mods/AE/Items/Souls/PrimalItem_AscendedOneSoul.PrimalItem_AscendedOneSoul,Ascended One Soul,31,TRUE
/Game/Mods/AE/Items/Souls/PrimalItem_AscendedOneSoul_BigFoot.PrimalItem_AscendedOneSoul_BigFoot,Ascended One Soul Big Foot,31,TRUE
/Game/Mods/AE/Items/Souls/PrimalItem_AscendedOneSoul_Gigant.PrimalItem_AscendedOneSoul_Gigant,Ascended One Soul Gigant,31,TRUE
/Game/Mods/AE/Items/Souls/PrimalItem_AscendedOneSoul_Mammoth.PrimalItem_AscendedOneSoul_Mammoth,Ascended One Soul Mammoth,31,TRUE
/Game/Mods/AE/Items/Souls/PrimalItem_AscendedOneSoul_Rhino.PrimalItem_AscendedOneSoul_Rhino,Ascended One Soul Rhino,31,TRUE
/Game/Mods/AE/Items/Souls/PrimalItem_AscendedOneSoul_Wyvern.PrimalItem_AscendedOneSoul_Wyvern,Ascended One Soul Wyvern,31,TRUE
/Game/Mods/AE/Items/Tokens/PrimalItem_Token.PrimalItem_Token,Token,31,TRUE
/Game/Mods/AE/Items/Tools/AETekRifle/PrimalItem_AETekRifle.PrimalItem_AETekRifle,A E Tek Rifle,31,TRUE
/Game/Mods/AE/Items/Tools/Arrows/CarbonElecArrow/PrimalItemAmmo_CarbonElecArrow.PrimalItemAmmo_CarbonElecArrow,Carbon Elec Arrow,31,TRUE
/Game/Mods/AE/Items/Tools/Arrows/CarbonPoisonArrow/PrimalItemAmmo_CarbonPoisonArrow.PrimalItemAmmo_CarbonPoisonArrow,Carbon Poison Arrow,31,TRUE
/Game/Mods/AE/Items/Tools/Arrows/CrystalArrow/PrimalItemAmmo_CrystalPoisonArrow.PrimalItemAmmo_CrystalPoisonArrow,Crystal Poison Arrow,31,TRUE
/Game/Mods/AE/Items/Tools/Arrows/PoisonArrow/PrimalItemAmmo_PoisonArrow.PrimalItemAmmo_PoisonArrow,Poison Arrow,31,TRUE
/Game/Mods/AE/Items/Tools/Arrows/PoisonDart/PrimalItemAmmo_PoisonDart.PrimalItemAmmo_PoisonDart,Poison Dart,31,TRUE
/Game/Mods/AE/Items/Tools/EternalHatchet/PrimalItem_WeaponEternalHatchet.PrimalItem_WeaponEternalHatchet,Weapon Eternal Hatchet,31,TRUE
/Game/Mods/AE/Items/Tools/EternalPick/PrimalItem_WeaponEternalPick.PrimalItem_WeaponEternalPick,Weapon Eternal Pick,31,TRUE
/Game/Mods/AE/Items/Tools/EternalPike/PrimalItem_WeaponEternalPike.PrimalItem_WeaponEternalPike,Weapon Eternal Pike,31,TRUE
/Game/Mods/AE/Items/Tools/EternalSickle/PrimalItem_WeaponEternalSickle.PrimalItem_WeaponEternalSickle,Weapon Eternal Sickle,31,TRUE
/Game/Mods/AE/Items/Tools/EternalSword/PrimalItem_WeaponEternalSword.PrimalItem_WeaponEternalSword,Weapon Eternal Sword,31,TRUE
/Game/Mods/AE/Items/Tools/Grapple/PrimalItemAmmo_Grapple.PrimalItemAmmo_Grapple,Grapple,31,TRUE
/Game/Mods/AE/Items/Tools/PoisonPike/PrimalItem_WeaponPoisonPike.PrimalItem_WeaponPoisonPike,Weapon Poison Pike,31,TRUE
/Game/Mods/AE/Items/Tools/TekRifle/PrimalItem_TekRifle_AE.PrimalItem_TekRifle_AE,Tek Rifle A E,31,TRUE
/Game/Mods/AE/Items/Tools/TekRifle/AE_Damage/PrimalItemAmmo_TekRifle_Eternal.PrimalItemAmmo_TekRifle_Eternal,Tek Rifle Eternal,31,TRUE
/Game/Mods/AE/Items/Tools/TekRifle/AE_Stun/PrimalItemAmmo_TekRifle_Stun.PrimalItemAmmo_TekRifle_Stun,Tek Rifle Stun,31,TRUE
/Game/Mods/AE/Items/Tools/TekRifle/AE_Tranq/PrimalItemAmmo_TekRifle_Tranq.PrimalItemAmmo_TekRifle_Tranq,Tek Rifle Tranq,31,TRUE
/Game/Mods/AE/Items/Unlock/PrimalItemConsumable_Eternal_Unlock_Aberration.PrimalItemConsumable_Eternal_Unlock_Aberration,Eternal Unlock Aberration,31,TRUE
/Game/Mods/AE/Items/Unlock/PrimalItemConsumable_Eternal_Unlock_Achievments.PrimalItemConsumable_Eternal_Unlock_Achievments,Eternal Unlock Achievments,31,TRUE
/Game/Mods/AE/Items/Unlock/PrimalItemConsumable_Eternal_Unlock_notes.PrimalItemConsumable_Eternal_Unlock_notes,Eternal Unlock notes,31,TRUE
/Game/Mods/AE/Items/Unlock/PrimalItemConsumable_Eternal_Unlock_Scorched.PrimalItemConsumable_Eternal_Unlock_Scorched,Eternal Unlock Scorched,31,TRUE
/Game/Mods/AE/Items/Unlock/PrimalItemConsumable_Eternal_Unlock_Tek.PrimalItemConsumable_Eternal_Unlock_Tek,Eternal Unlock Tek,31,TRUE
/Game/Mods/AE/Items/Unlock/PrimalItemConsumable_Eternal_Unlock_Vanilla.PrimalItemConsumable_Eternal_Unlock_Vanilla,Eternal Unlock Vanilla,31,TRUE
/Game/Mods/AE/Items/ZomWyvernBrain/PrimalItem_ZomWyvernBrain.PrimalItem_ZomWyvernBrain,Zom Wyvern Brain,31,TRUE
/Game/Mods/AE/PrimalEarth/CoreBlueprints/Items/Consumables/PrimalItemConsumable_Kibble_HesperonisEgg.PrimalItemConsumable_Kibble_HesperonisEgg,Kibble Hesperonis Egg,31,TRUE
/Game/Mods/AE/PrimalEarth/Test/PrimalItemConsumable_Egg_Arthro.PrimalItemConsumable_Egg_Arthro,Egg Arthro,31,TRUE
/Game/Mods/AE/PrimalEarth/Test/PrimalItemConsumable_Egg_Diplocaulus.PrimalItemConsumable_Egg_Diplocaulus,Egg Diplocaulus,31,TRUE
/Game/Mods/AE/ScorchedEarth/Dinos/JugBug/PrimalItemConsumable_Kibble_JugBug.PrimalItemConsumable_Kibble_JugBug,Kibble Jug Bug,31,TRUE
/Game/Mods/AE/ScorchedEarth/Dinos/Vulture/PrimalItemConsumable_Kibble_VultureEgg.PrimalItemConsumable_Kibble_VultureEgg,Kibble Vulture Egg,31,TRUE
/Game/Mods/AE/ScorchedEarth/WeaponElectronicBinoculars/PrimalItem_WeaponElectronicBinoculars.PrimalItem_WeaponElectronicBinoculars,Weapon Electronic Binoculars,31,TRUE
/Game/Mods/AE/ScorchedEarth/WeaponNetGun/PrimalItem_WeaponNetGun.PrimalItem_WeaponNetGun,Weapon Net Gun,31,TRUE
/Game/Mods/AE/ScorchedEarth/WeaponNetGun/PrimalItemAmmo_NetGun.PrimalItemAmmo_NetGun,Net Gun,31,TRUE
/Game/Mods/AE/Structures/Craftstation/PrimalItemStructure_AEBench.PrimalItemStructure_AEBench,A E Bench,31,TRUE
/Game/Mods/AE/Structures/EBSummoner/PrimalItem_Note_BossSummoner.PrimalItem_Note_BossSummoner,Note Boss Summoner,31,TRUE
/Game/Mods/AE/Structures/EBSummoner/PrimalItemStructure_EBSummoner.PrimalItemStructure_EBSummoner,E B Summoner,31,TRUE
/Game/Mods/AE/Structures/EternalForge/PrimalItemStructure_EternalIndustrialForge.PrimalItemStructure_EternalIndustrialForge,Eternal Industrial Forge,31,TRUE
/Game/Mods/AE/Structures/EternalGodShrine/PrimalItemConsumable_MulticraftItem_EternalGodShrine.PrimalItemConsumable_MulticraftItem_EternalGodShrine,Multicraft Item Eternal God Shrine,31,TRUE
/Game/Mods/AE/Structures/EternalGodShrine/PrimalItemStructure_EternalGodShrine.PrimalItemStructure_EternalGodShrine,Eternal God Shrine,31,TRUE
/Game/Mods/AE/Structures/EternalGodShrine/LesserShrines/AnglerGel/PrimalItemConsumable_MulticraftItem_LGS_Gel.PrimalItemConsumable_MulticraftItem_LGS_Gel,Multicraft Item L G S Gel,31,TRUE
/Game/Mods/AE/Structures/EternalGodShrine/LesserShrines/AnglerGel/PrimalItemStructure_LGS_Gel.PrimalItemStructure_LGS_Gel,L G S Gel,31,TRUE
/Game/Mods/AE/Structures/EternalGodShrine/LesserShrines/Beer/PrimalItemConsumable_MulticraftItem_LGS_Beer.PrimalItemConsumable_MulticraftItem_LGS_Beer,Multicraft Item L G S Beer,31,TRUE
/Game/Mods/AE/Structures/EternalGodShrine/LesserShrines/Beer/PrimalItemStructure_LGS_Beer.PrimalItemStructure_LGS_Beer,L G S Beer,31,TRUE
/Game/Mods/AE/Structures/EternalGodShrine/LesserShrines/BioToxin/PrimalItemConsumable_MulticraftItem_LGS_BioToxin.PrimalItemConsumable_MulticraftItem_LGS_BioToxin,Multicraft Item L G S Bio Toxin,31,TRUE
/Game/Mods/AE/Structures/EternalGodShrine/LesserShrines/BioToxin/PrimalItemStructure_LGS_BioToxin.PrimalItemStructure_LGS_BioToxin,L G S Bio Toxin,31,TRUE
/Game/Mods/AE/Structures/EternalGodShrine/LesserShrines/BlackPearl/PrimalItemConsumable_MulticraftItem_LGS_BlackPearl.PrimalItemConsumable_MulticraftItem_LGS_BlackPearl,Multicraft Item L G S Black Pearl,31,TRUE
/Game/Mods/AE/Structures/EternalGodShrine/LesserShrines/BlackPearl/PrimalItemStructure_LGS_BlackPearl.PrimalItemStructure_LGS_BlackPearl,L G S Black Pearl,31,TRUE
/Game/Mods/AE/Structures/EternalGodShrine/LesserShrines/CementingPaste/PrimalItemConsumable_MulticraftItem_LGS_CementingPaste.PrimalItemConsumable_MulticraftItem_LGS_CementingPaste,Multicraft Item L G S Cementing Paste,31,TRUE
/Game/Mods/AE/Structures/EternalGodShrine/LesserShrines/CementingPaste/PrimalItemStructure_LGS_CementingPaste.PrimalItemStructure_LGS_CementingPaste,L G S Cementing Paste,31,TRUE
/Game/Mods/AE/Structures/EternalGodShrine/LesserShrines/Charcoal/PrimalItemConsumable_MulticraftItem_LGS_Charcoal.PrimalItemConsumable_MulticraftItem_LGS_Charcoal,Multicraft Item L G S Charcoal,31,TRUE
/Game/Mods/AE/Structures/EternalGodShrine/LesserShrines/Charcoal/PrimalItemStructure_LGS_Charcoal.PrimalItemStructure_LGS_Charcoal,L G S Charcoal,31,TRUE
/Game/Mods/AE/Structures/EternalGodShrine/LesserShrines/Chitin/PrimalItemConsumable_MulticraftItem_LGS_Chitin.PrimalItemConsumable_MulticraftItem_LGS_Chitin,Multicraft Item L G S Chitin,31,TRUE
/Game/Mods/AE/Structures/EternalGodShrine/LesserShrines/Chitin/PrimalItemStructure_LGS_Chitin.PrimalItemStructure_LGS_Chitin,L G S Chitin,31,TRUE
/Game/Mods/AE/Structures/EternalGodShrine/LesserShrines/Crystal/PrimalItemConsumable_MulticraftItem_LGS_Crystal.PrimalItemConsumable_MulticraftItem_LGS_Crystal,Multicraft Item L G S Crystal,31,TRUE
/Game/Mods/AE/Structures/EternalGodShrine/LesserShrines/Crystal/PrimalItemStructure_LGS_Crystal.PrimalItemStructure_LGS_Crystal,L G S Crystal,31,TRUE
/Game/Mods/AE/Structures/EternalGodShrine/LesserShrines/DinoBlood/PrimalItemConsumable_MulticraftItem_LGS_DinoBlood.PrimalItemConsumable_MulticraftItem_LGS_DinoBlood,Multicraft Item L G S Dino Blood,31,TRUE
/Game/Mods/AE/Structures/EternalGodShrine/LesserShrines/DinoBlood/PrimalItemStructure_LGS_DinoBlood.PrimalItemStructure_LGS_DinoBlood,L G S Dino Blood,31,TRUE
/Game/Mods/AE/Structures/EternalGodShrine/LesserShrines/DinoDNA/PrimalItemConsumable_MulticraftItem_LGS_DinoDNA.PrimalItemConsumable_MulticraftItem_LGS_DinoDNA,Multicraft Item L G S Dino D N A,31,TRUE
/Game/Mods/AE/Structures/EternalGodShrine/LesserShrines/DinoDNA/PrimalItemStructure_LGS_DinoDNA.PrimalItemStructure_LGS_DinoDNA,L G S Dino D N A,31,TRUE
/Game/Mods/AE/Structures/EternalGodShrine/LesserShrines/DinoHeart/PrimalItemConsumable_MulticraftItem_LGS_DinoHeart.PrimalItemConsumable_MulticraftItem_LGS_DinoHeart,Multicraft Item L G S Dino Heart,31,TRUE
/Game/Mods/AE/Structures/EternalGodShrine/LesserShrines/DinoHeart/PrimalItemStructure_LGS_DinoHeart.PrimalItemStructure_LGS_DinoHeart,L G S Dino Heart,31,TRUE
/Game/Mods/AE/Structures/EternalGodShrine/LesserShrines/Electronics/PrimalItemConsumable_MulticraftItem_LGS_Electronics.PrimalItemConsumable_MulticraftItem_LGS_Electronics,Multicraft Item L G S Electronics,31,TRUE
/Game/Mods/AE/Structures/EternalGodShrine/LesserShrines/Electronics/PrimalItemStructure_LGS_Electronics.PrimalItemStructure_LGS_Electronics,L G S Electronics,31,TRUE
/Game/Mods/AE/Structures/EternalGodShrine/LesserShrines/Element/PrimalItemConsumable_MulticraftItem_LGS_Element.PrimalItemConsumable_MulticraftItem_LGS_Element,Multicraft Item L G S Element,31,TRUE
/Game/Mods/AE/Structures/EternalGodShrine/LesserShrines/Element/PrimalItemStructure_LGS_Element.PrimalItemStructure_LGS_Element,L G S Element,31,TRUE
/Game/Mods/AE/Structures/EternalGodShrine/LesserShrines/Fiber/PrimalItemConsumable_MulticraftItem_LGS_Fiber.PrimalItemConsumable_MulticraftItem_LGS_Fiber,Multicraft Item L G S Fiber,31,TRUE
/Game/Mods/AE/Structures/EternalGodShrine/LesserShrines/Fiber/PrimalItemStructure_LGS_Fiber.PrimalItemStructure_LGS_Fiber,L G S Fiber,31,TRUE
/Game/Mods/AE/Structures/EternalGodShrine/LesserShrines/Flint/PrimalItemConsumable_MulticraftItem_LGS_Flint.PrimalItemConsumable_MulticraftItem_LGS_Flint,Multicraft Item L G S Flint,31,TRUE
/Game/Mods/AE/Structures/EternalGodShrine/LesserShrines/Flint/PrimalItemStructure_LGS_Flint.PrimalItemStructure_LGS_Flint,L G S Flint,31,TRUE
/Game/Mods/AE/Structures/EternalGodShrine/LesserShrines/Gasoline/PrimalItemConsumable_MulticraftItem_LGS_Gasoline.PrimalItemConsumable_MulticraftItem_LGS_Gasoline,Multicraft Item L G S Gasoline,31,TRUE
/Game/Mods/AE/Structures/EternalGodShrine/LesserShrines/Gasoline/PrimalItemStructure_LGS_Gasoline.PrimalItemStructure_LGS_Gasoline,L G S Gasoline,31,TRUE
/Game/Mods/AE/Structures/EternalGodShrine/LesserShrines/Gunpowder/PrimalItemConsumable_MulticraftItem_LGS_Gunpowder.PrimalItemConsumable_MulticraftItem_LGS_Gunpowder,Multicraft Item L G S Gunpowder,31,TRUE
/Game/Mods/AE/Structures/EternalGodShrine/LesserShrines/Gunpowder/PrimalItemStructure_LGS_Gunpowder.PrimalItemStructure_LGS_Gunpowder,L G S Gunpowder,31,TRUE
/Game/Mods/AE/Structures/EternalGodShrine/LesserShrines/Hair/PrimalItemConsumable_MulticraftItem_LGS_Hair.PrimalItemConsumable_MulticraftItem_LGS_Hair,Multicraft Item L G S Hair,31,TRUE
/Game/Mods/AE/Structures/EternalGodShrine/LesserShrines/Hair/PrimalItemStructure_LGS_Hair.PrimalItemStructure_LGS_Hair,L G S Hair,31,TRUE
/Game/Mods/AE/Structures/EternalGodShrine/LesserShrines/Hide/PrimalItemConsumable_MulticraftItem_LGS_Hide.PrimalItemConsumable_MulticraftItem_LGS_Hide,Multicraft Item L G S Hide,31,TRUE
/Game/Mods/AE/Structures/EternalGodShrine/LesserShrines/Hide/PrimalItemStructure_LGS_Hide.PrimalItemStructure_LGS_Hide,L G S Hide,31,TRUE
/Game/Mods/AE/Structures/EternalGodShrine/LesserShrines/Honey/PrimalItemConsumable_MulticraftItem_LGS_Honey.PrimalItemConsumable_MulticraftItem_LGS_Honey,Multicraft Item L G S Honey,31,TRUE
/Game/Mods/AE/Structures/EternalGodShrine/LesserShrines/Honey/PrimalItemStructure_LGS_Honey.PrimalItemStructure_LGS_Honey,L G S Honey,31,TRUE
/Game/Mods/AE/Structures/EternalGodShrine/LesserShrines/Keratin/PrimalItemConsumable_MulticraftItem_LGS_Keratin.PrimalItemConsumable_MulticraftItem_LGS_Keratin,Multicraft Item L G S Keratin,31,TRUE
/Game/Mods/AE/Structures/EternalGodShrine/LesserShrines/Keratin/PrimalItemStructure_LGS_Keratin.PrimalItemStructure_LGS_Keratin,L G S Keratin,31,TRUE
/Game/Mods/AE/Structures/EternalGodShrine/LesserShrines/LeechBlood/PrimalItemConsumable_MulticraftItem_LGS_LeechBlood.PrimalItemConsumable_MulticraftItem_LGS_LeechBlood,Multicraft Item L G S Leech Blood,31,TRUE
/Game/Mods/AE/Structures/EternalGodShrine/LesserShrines/LeechBlood/PrimalItemStructure_LGS_LeechBlood.PrimalItemStructure_LGS_LeechBlood,L G S Leech Blood,31,TRUE
/Game/Mods/AE/Structures/EternalGodShrine/LesserShrines/Metal/PrimalItemConsumable_MulticraftItem_LGS_Metal.PrimalItemConsumable_MulticraftItem_LGS_Metal,Multicraft Item L G S Metal,31,TRUE
/Game/Mods/AE/Structures/EternalGodShrine/LesserShrines/Metal/PrimalItemStructure_LGS_Metal.PrimalItemStructure_LGS_Metal,L G S Metal,31,TRUE
/Game/Mods/AE/Structures/EternalGodShrine/LesserShrines/MetalIngot/PrimalItemConsumable_MulticraftItem_LGS_MetalIngot.PrimalItemConsumable_MulticraftItem_LGS_MetalIngot,Multicraft Item L G S Metal Ingot,31,TRUE
/Game/Mods/AE/Structures/EternalGodShrine/LesserShrines/MetalIngot/PrimalItemStructure_LGS_MetalIngot.PrimalItemStructure_LGS_MetalIngot,L G S Metal Ingot,31,TRUE
/Game/Mods/AE/Structures/EternalGodShrine/LesserShrines/Obsidian/PrimalItemConsumable_MulticraftItem_LGS_Obsidian.PrimalItemConsumable_MulticraftItem_LGS_Obsidian,Multicraft Item L G S Obsidian,31,TRUE
/Game/Mods/AE/Structures/EternalGodShrine/LesserShrines/Obsidian/PrimalItemStructure_LGS_Obsidian.PrimalItemStructure_LGS_Obsidian,L G S Obsidian,31,TRUE
/Game/Mods/AE/Structures/EternalGodShrine/LesserShrines/Oil/PrimalItemConsumable_MulticraftItem_LGS_Oil.PrimalItemConsumable_MulticraftItem_LGS_Oil,Multicraft Item L G S Oil,31,TRUE
/Game/Mods/AE/Structures/EternalGodShrine/LesserShrines/Oil/PrimalItemStructure_LGS_Oil.PrimalItemStructure_LGS_Oil,L G S Oil,31,TRUE
/Game/Mods/AE/Structures/EternalGodShrine/LesserShrines/Pelt/PrimalItemConsumable_MulticraftItem_LGS_Pelt.PrimalItemConsumable_MulticraftItem_LGS_Pelt,Multicraft Item L G S Pelt,31,TRUE
/Game/Mods/AE/Structures/EternalGodShrine/LesserShrines/Pelt/PrimalItemStructure_LGS_Pelt.PrimalItemStructure_LGS_Pelt,L G S Pelt,31,TRUE
/Game/Mods/AE/Structures/EternalGodShrine/LesserShrines/Polymer/PrimalItemConsumable_MulticraftItem_LGS_Polymer.PrimalItemConsumable_MulticraftItem_LGS_Polymer,Multicraft Item L G S Polymer,31,TRUE
/Game/Mods/AE/Structures/EternalGodShrine/LesserShrines/Polymer/PrimalItemStructure_LGS_Polymer.PrimalItemStructure_LGS_Polymer,L G S Polymer,31,TRUE
/Game/Mods/AE/Structures/EternalGodShrine/LesserShrines/RareFlower/PrimalItemConsumable_MulticraftItem_LGS_RareFlower.PrimalItemConsumable_MulticraftItem_LGS_RareFlower,Multicraft Item L G S Rare Flower,31,TRUE
/Game/Mods/AE/Structures/EternalGodShrine/LesserShrines/RareFlower/PrimalItemStructure_LGS_RareFlower.PrimalItemStructure_LGS_RareFlower,L G S Rare Flower,31,TRUE
/Game/Mods/AE/Structures/EternalGodShrine/LesserShrines/RareMushroom/PrimalItemConsumable_MulticraftItem_LGS_RareMushroom.PrimalItemConsumable_MulticraftItem_LGS_RareMushroom,Multicraft Item L G S Rare Mushroom,31,TRUE
/Game/Mods/AE/Structures/EternalGodShrine/LesserShrines/RareMushroom/PrimalItemStructure_LGS_RareMushroom.PrimalItemStructure_LGS_RareMushroom,L G S Rare Mushroom,31,TRUE
/Game/Mods/AE/Structures/EternalGodShrine/LesserShrines/Sap/PrimalItemConsumable_MulticraftItem_LGS_Sap.PrimalItemConsumable_MulticraftItem_LGS_Sap,Multicraft Item L G S Sap,31,TRUE
/Game/Mods/AE/Structures/EternalGodShrine/LesserShrines/Sap/PrimalItemStructure_LGS_Sap.PrimalItemStructure_LGS_Sap,L G S Sap,31,TRUE
/Game/Mods/AE/Structures/EternalGodShrine/LesserShrines/SilicaPearls/PrimalItemConsumable_MulticraftItem_LGS_SilicaPearls.PrimalItemConsumable_MulticraftItem_LGS_SilicaPearls,Multicraft Item L G S Silica Pearls,31,TRUE
/Game/Mods/AE/Structures/EternalGodShrine/LesserShrines/SilicaPearls/PrimalItemStructure_LGS_SilicaPearls.PrimalItemStructure_LGS_SilicaPearls,L G S Silica Pearls,31,TRUE
/Game/Mods/AE/Structures/EternalGodShrine/LesserShrines/Sparkpowder/PrimalItemConsumable_MulticraftItem_LGS_Sparkpowder.PrimalItemConsumable_MulticraftItem_LGS_Sparkpowder,Multicraft Item L G S Sparkpowder,31,TRUE
/Game/Mods/AE/Structures/EternalGodShrine/LesserShrines/Sparkpowder/PrimalItemStructure_LGS_Sparkpowder.PrimalItemStructure_LGS_Sparkpowder,L G S Sparkpowder,31,TRUE
/Game/Mods/AE/Structures/EternalGodShrine/LesserShrines/Stone/PrimalItemConsumable_MulticraftItem_LGS_Stone.PrimalItemConsumable_MulticraftItem_LGS_Stone,Multicraft Item L G S Stone,31,TRUE
/Game/Mods/AE/Structures/EternalGodShrine/LesserShrines/Stone/PrimalItemStructure_LGS_Stone.PrimalItemStructure_LGS_Stone,L G S Stone,31,TRUE
/Game/Mods/AE/Structures/EternalGodShrine/LesserShrines/Thatch/PrimalItemConsumable_MulticraftItem_LGS_Thatch.PrimalItemConsumable_MulticraftItem_LGS_Thatch,Multicraft Item L G S Thatch,31,TRUE
/Game/Mods/AE/Structures/EternalGodShrine/LesserShrines/Thatch/PrimalItemStructure_LGS_Thatch.PrimalItemStructure_LGS_Thatch,L G S Thatch,31,TRUE
/Game/Mods/AE/Structures/EternalGodShrine/LesserShrines/Wood/PrimalItemConsumable_MulticraftItem_LGS_Wood.PrimalItemConsumable_MulticraftItem_LGS_Wood,Multicraft Item L G S Wood,31,TRUE
/Game/Mods/AE/Structures/EternalGodShrine/LesserShrines/Wood/PrimalItemStructure_LGS_Wood.PrimalItemStructure_LGS_Wood,L G S Wood,31,TRUE
/Game/Mods/AE/Structures/EternalGrinder/PrimalItemStructure_EternalGrinder.PrimalItemStructure_EternalGrinder,Eternal Grinder,31,TRUE
/Game/Mods/AE/Structures/MiniVault/PrimalItemStructure_MiniVault.PrimalItemStructure_MiniVault,Mini Vault,31,TRUE
/Game/Mods/AE/Structures/MP_Structures/808WarDrum/PrimalItemStructure_808Wardrums.PrimalItemStructure_808Wardrums,808 Wardrums,31,TRUE
/Game/Mods/AE/Structures/MP_Structures/809WarDrum/PrimalItemStructure_809WarDrums.PrimalItemStructure_809WarDrums,809 War Drums,31,TRUE
/Game/Mods/AE/Structures/SEBench/PrimalItemStructure_AE_SEBench.PrimalItemStructure_AE_SEBench,A E S E Bench,31,TRUE
/Game/Mods/AE/Structures/Teleporter/PrimalItemStructure_AETeleporter.PrimalItemStructure_AETeleporter,A E Teleporter,31,TRUE
