/Game/Mods/ARKParados/Dinos/Frozen/Allo/Frozen_Allo_Character_BP.Frozen_Allo_Character_BP,FrozenAllo
/Game/Mods/ARKParados/Dinos/Frozen/Archa/FrozenArcha_Character_BP.FrozenArcha_Character_BP,FrozenArcha
/Game/Mods/ARKParados/Dinos/Frozen/Argent/FrozenArgent_Character_BP.FrozenArgent_Character_BP,FrozenArgent
/Game/Mods/ARKParados/Dinos/Frozen/Bee/FrozenBee_Character_BP.FrozenBee_Character_BP,FrozenBee
/Game/Mods/ARKParados/Dinos/Frozen/Sheep/FrozenSheep_Character_BP.FrozenSheep_Character_BP,Braaaaaaaaaad
/Game/Mods/ARKParados/Dinos/Frozen/Bronto/FrozenBronto_Character_BP.FrozenBronto_Character_BP,FrozenBronto
/Game/Mods/ARKParados/Dinos/Frozen/Pug/FrozenPug_Character_BP.FrozenPug_Character_BP,FrozenPug
/Game/Mods/ARKParados/Dinos/Frozen/Direwolf/FrozenDirewolf_Character_BP.FrozenDirewolf_Character_BP,FrozenDirewolf
/Game/Mods/ARKParados/Dinos/Frozen/Deino/FrozenDeino_Character_BP.FrozenDeino_Character_BP,FrozenDeinonychus
/Game/Mods/ARKParados/Dinos/Frozen/Glowtail/FrozenLizard_Character_BP.FrozenLizard_Character_BP,FrozenLizard
/Game/Mods/ARKParados/Dinos/Frozen/Griffin/Frozen_Griffin_Character_BP.Frozen_Griffin_Character_BP,FrozenGriffin
/Game/Mods/ARKParados/Dinos/Frozen/managarmr/Frozenmanagarmr_Character_BP.Frozenmanagarmr_Character_BP,FrozenManagarmr
/Game/Mods/ARKParados/Dinos/Frozen/Mantis/FrozenMantis_Character_BP.FrozenMantis_Character_BP,FrozenMantis
/Game/Mods/ARKParados/Dinos/Frozen/Owl/FrozenOwl_Character_BP.FrozenOwl_Character_BP,FrozenOwl
/Game/Mods/ARKParados/Dinos/Frozen/Pegasus/FPegasus_Character_BP.FPegasus_Character_BP,FrozenPegasus
/Game/Mods/ARKParados/Dinos/Frozen/Saber/FrozenSaber_Character_BP.FrozenSaber_Character_BP,FrozenSaber
/Game/Mods/ARKParados/Dinos/Frozen/Sarco/FrozenSarco_Character_BP.FrozenSarco_Character_BP,FrozenSarco
/Game/Mods/ARKParados/Dinos/Frozen/Shinehorn/FrozenGoat_Character_BP.FrozenGoat_Character_BP,FrozenGoat
/Game/Mods/ARKParados/Dinos/Frozen/Theri/FrozenTherizino_Character_BP.FrozenTherizino_Character_BP,FrozenTheri
/Game/Mods/ARKParados/Dinos/Frozen/Thorny/FrozenThorny_Character_BP.FrozenThorny_Character_BP,FrozenLizard
/Game/Mods/ARKParados/Dinos/Frozen/TitanB/FrozenBoaFrill_Character_BP.FrozenBoaFrill_Character_BP,FrozenTitanboa
/Game/Mods/ARKParados/Dinos/Frozen/Vulture/FrozenVulture_Character_BP.FrozenVulture_Character_BP,FrozenVulture
/Game/Mods/ARKParados/Dinos/Frozen/Wyvern/FrozenWyvern_Character_BP_Fire.FrozenWyvern_Character_BP_Fire,FrozenWyvern
/Game/Mods/ARKParados/Dinos/Wicked/Ankylo/WickedAnkylo_Character_BP.WickedAnkylo_Character_BP,WickedAnky
/Game/Mods/ARKParados/Dinos/Wicked/Archa/WickedArcha_Character_BP.WickedArcha_Character_BP,WickedArcha
/Game/Mods/ARKParados/Dinos/Wicked/Argen/WickedArgent_Character_BP.WickedArgent_Character_BP,WickedArgent
/Game/Mods/ARKParados/Dinos/Wicked/Bronto/WickedBronto_Character_BP.WickedBronto_Character_BP,WickedBronto
/Game/Mods/ARKParados/Dinos/Wicked/Carno/WickedCarno_Character_BP.WickedCarno_Character_BP,WickedCarno
/Game/Mods/ARKParados/Dinos/Wicked/Giga/WickedGigant_Character_BP.WickedGigant_Character_BP,WickedCnidaria
/Game/Mods/ARKParados/Dinos/Flaming/Horse/WickedEquus_Character_BP.WickedEquus_Character_BP,WickedEquus
/Game/Mods/ARKParados/Dinos/Wicked/Thorny/WickedSpineyLizard_Character_BP.WickedSpineyLizard_Character_BP,WickedSLizard
/Game/Mods/ARKParados/Dinos/Wicked/CNIDARIA/Wicked_Cnidaria_Character_BP.Wicked_Cnidaria_Character_BP,WickedGigant
/Game/Mods/ARKParados/Dinos/Wicked/Glowtail/WickedLizard_Character_BP.WickedLizard_Character_BP,WickedLizard
/Game/Mods/ARKParados/Dinos/Wicked/Griffin/Wicked_Griffin_Character_BP.Wicked_Griffin_Character_BP,WickedGriffin
/Game/Mods/ARKParados/Dinos/Wicked/Mammoth/WickedMammoth_Character_BP.WickedMammoth_Character_BP,WickedMammoth
/Game/Mods/ARKParados/Dinos/Wicked/Megatherium/WickedMegatherium_Character_BP.WickedMegatherium_Character_BP,WickedMegatherium
/Game/Mods/ARKParados/Dinos/Wicked/Sheep/Wickedsheep_Character_BP.Wickedsheep_Character_BP,Wickedovis
/Game/Mods/ARKParados/Dinos/Wicked/Owl/WickedOwl_Character_BP.WickedOwl_Character_BP,WickedOwl
/Game/Mods/ARKParados/Dinos/Wicked/Wyvern/WickedWyvern_Character_BP_Poison.WickedWyvern_Character_BP_Poison,WickedWyvern
/Game/Mods/ARKParados/Dinos/Wicked/Ptero/WickedPtero_Character_BP.WickedPtero_Character_BP,WickedPtera
/Game/Mods/ARKParados/Dinos/Wicked/Pulmonoscorpius/WickedScorpion_Character_BP.WickedScorpion_Character_BP,WickedScorpion
/Game/Mods/ARKParados/Dinos/Wicked/Rockdrake/WickedDrake_Character_BP.WickedDrake_Character_BP,WickedRockDrake
/Game/Mods/ARKParados/Dinos/Wicked/Raptor/WickedRaptor_Character_BP.WickedRaptor_Character_BP,WickedRaptor
/Game/Mods/ARKParados/Dinos/Wicked/Rex/WickedRex_Character_BP.WickedRex_Character_BP,WickedRex
/Game/Mods/ARKParados/Dinos/Wicked/Shinehorn/WickedGoat_Character_BP.WickedGoat_Character_BP,DANIGoat
/Game/Mods/ARKParados/Dinos/Wicked/Spino/WickedSpino_Character_BP.WickedSpino_Character_BP,WickedSpino
/Game/Mods/ARKParados/Dinos/Wicked/Boa/WickedBoa_Character_BP.WickedBoa_Character_BP,WickedTitanoboa
/Game/Mods/ARKParados/Dinos/Wicked/Tapa/WickedTapejara_Character_BP.WickedTapejara_Character_BP,WickedTape
/Game/Mods/ARKParados/Dinos/Wicked/Wyvern/WickedWyvern_Character_BP_Poison.WickedWyvern_Character_BP_Poison,WickedWyvern
/Game/Mods/ARKParados/Dinos/Chronos/Allo/ChronosAllo_Character_BP.ChronosAllo_Character_BP,ChronosAllo
/Game/Mods/ARKParados/Dinos/Chronos/Bary/ChronosBaryonyx_Character_BP.ChronosBaryonyx_Character_BP,ChronosBaryonyx
/Game/Mods/ARKParados/Dinos/Chronos/Carno/ChronosCarno_Character_BP.ChronosCarno_Character_BP,ChronosCarno
/Game/Mods/ARKParados/Dinos/Chronos/Doed/ChronosDoed_Character_BP.ChronosDoed_Character_BP,ChronosDoed
/Game/Mods/ARKParados/Dinos/Chronos/Gacha/ChronosGacha_Character_BP.ChronosGacha_Character_BP,ChronosGacha
/Game/Mods/ARKParados/Dinos/Chronos/Griffin/Chronos_Griffin_Character_BP.Chronos_Griffin_Character_BP,ChronosGriffin
/Game/Mods/ARKParados/Dinos/Chronos/Mammoth/ChronosMammoth_Character_BP.ChronosMammoth_Character_BP,ChronosMammoth
/Game/Mods/ARKParados/Dinos/Chronos/mehatheri/ChronosMega_Character_BP.ChronosMega_Character_BP,ChronosMegatheri
/Game/Mods/ARKParados/Dinos/Chronos/Ptero/ChronosPtero_Character_BP.ChronosPtero_Character_BP,ChronosPtera
/Game/Mods/ARKParados/Dinos/Chronos/Raptor/ChronosRaptor_Character_BP.ChronosRaptor_Character_BP,ChronosRaptor
/Game/Mods/ARKParados/Dinos/Chronos/Rex/ChronosRex_Character_BP.ChronosRex_Character_BP,ChronosRex
/Game/Mods/ARKParados/Dinos/Chronos/Saber/ChronosSaber_Character_BP.ChronosSaber_Character_BP,ChronosSaber
/Game/Mods/ARKParados/Dinos/Chronos/Theri/ChronosTherizino_Character_BP.ChronosTherizino_Character_BP,ChronosTheri
/Game/Mods/ARKParados/Dinos/Chronos/Velo/ChronosVelo_Character_BP.ChronosVelo_Character_BP,ChronosVelo
/Game/Mods/ARKParados/Dinos/Chronos/Wyvern/ChronosWyvern_Character_BP.ChronosWyvern_Character_BP,ChronosWyvern
/Game/Mods/ARKParados/Dinos/Chronos/Yuty/ChronosYuty_Character_BP.ChronosYuty_Character_BP,ChronosYuty
/Game/Mods/ARKParados/Dinos/Dreadnought/Allo/DreadnoughtAllo_Character_BP.DreadnoughtAllo_Character_BP,DreadnoughtAllo
/Game/Mods/ARKParados/Dinos/Dreadnought/Bary/DreadnoughtBaryonyx_Character_BP.DreadnoughtBaryonyx_Character_BP,DreadnoughtBary
/Game/Mods/ARKParados/Dinos/Dreadnought/Carno/DreadnoughtCarno_Character_BP.DreadnoughtCarno_Character_BP,DreadnoughtCarno
/Game/Mods/ARKParados/Dinos/Dreadnought/Doed/DreadnoughtDoed_Character_BP.DreadnoughtDoed_Character_BP,DreadnoughtDoed
/Game/Mods/ARKParados/Dinos/Dreadnought/Gacha/DreadnoughtGacha_Character_BP.DreadnoughtGacha_Character_BP,DreadnoughtGacha
/Game/Mods/ARKParados/Dinos/Dreadnought/Mammoth/DreadnoughtMammoth_Character_BP.DreadnoughtMammoth_Character_BP,DreadnoughtMammoth
/Game/Mods/ARKParados/Dinos/Dreadnought/Megatheri/DreadnoughtMegatherium_Character_BP.DreadnoughtMegatherium_Character_BP,DreadnoughtMegatherium
/Game/Mods/ARKParados/Dinos/Dreadnought/Ptero/DreadnoughtPtero_Character_BP.DreadnoughtPtero_Character_BP,DreadnoughtPtera
/Game/Mods/ARKParados/Dinos/Dreadnought/Raptor/DreadnoughtRaptor_Character_BP.DreadnoughtRaptor_Character_BP,DreadnoughtRaptor
/Game/Mods/ARKParados/Dinos/Dreadnought/Rex/DreadnoughtRex_Character_BP.DreadnoughtRex_Character_BP,DreadnoughtRex
/Game/Mods/ARKParados/Dinos/Dreadnought/Saber/DreadnoughtSaber_Character_BP.DreadnoughtSaber_Character_BP,DreadnoughtSaber
/Game/Mods/ARKParados/Dinos/Dreadnought/Therii/DreadnoughtTheri_Character_BP.DreadnoughtTheri_Character_BP,DreadnoughtTheri
/Game/Mods/ARKParados/Dinos/Dreadnought/Velo/DreadnoughtSpindles_Character_BP.DreadnoughtSpindles_Character_BP,DreadnoughtVelo
/Game/Mods/ARKParados/Dinos/Dreadnought/Wyvern/DreadnoughtWyvern_Character_BP.DreadnoughtWyvern_Character_BP,DreadnoughtWyvern
/Game/Mods/ARKParados/Dinos/Dreadnought/Yuty/DreadnoughtYutyrannus_Character_BP.DreadnoughtYutyrannus_Character_BP,DreadnoughtYuty
/Game/Mods/ARKParados/Dinos/Dreadnought/Griffin/DreadnoughtGriffin_Character_BP.DreadnoughtGriffin_Character_BP,DreadnoughtGriffin
/Game/Mods/ARKParados/Dinos/Abandoned/argen/AbandonedArgent_Character_BP.AbandonedArgent_Character_BP,AbandonedArgent
/Game/Mods/ARKParados/Dinos/Abandoned/Direbear/AbandonedDirebear_Character_BP.AbandonedDirebear_Character_BP,AbandonedDirebear
/Game/Mods/ARKParados/Dinos/Abandoned/argen/AbandonedArgent_Character_BP.AbandonedArgent_Character_BP,AbandonedBird
/Game/Mods/ARKParados/Dinos/Abandoned/Wyvern/Abd_Wyvern_Character_BP.Abd_Wyvern_Character_BP,AbandonedWyvern
/Game/Mods/ARKParados/Dinos/Abandoned/Pachy/AbandonedPachy_Character_BP.AbandonedPachy_Character_BP,AbandonedPachy
/Game/Mods/ARKParados/Dinos/Abandoned/Pegasus/AbandonedPegasus_Character_BP.AbandonedPegasus_Character_BP,AbandonedPegasus
/Game/Mods/ARKParados/Dinos/Abandoned/Sarco/AbandonedSarco_Character_BP.AbandonedSarco_Character_BP,AbandonedSarco
/Game/Mods/ARKParados/Dinos/Abandoned/Ptero/Abandoned_Ptero_Character_BP.Abandoned_Ptero_Character_BP,AbandonedPtera
/Game/Mods/ARKParados/Dinos/Abandoned/Raptor/AbandonedRaptor_Character_BP.AbandonedRaptor_Character_BP,AbandonedRaptor
/Game/Mods/ARKParados/Dinos/Abandoned/Rex/Abd_Rex_Character_BP.Abd_Rex_Character_BP,AbandonedRex
/Game/Mods/ARKParados/Dinos/Abandoned/Terrorbird/Abandoned_TerrorBird_Character_BP.Abandoned_TerrorBird_Character_BP,AbandonedTerrorBird
/Game/Mods/ARKParados/Dinos/Abandoned/Vulture/AbandonedVulture_Character_BP.AbandonedVulture_Character_BP,AbandonedVulture
/Game/Mods/ARKParados/Dinos/Ruthless/Argen/RuthlessArgent_Character_BP.RuthlessArgent_Character_BP,RuthlessArgent
/Game/Mods/ARKParados/Dinos/Ruthless/Direbear/RuthlessDirebear_Character_BP.RuthlessDirebear_Character_BP,RuthlessDirebear
"admincheat SpawnDino ""BBlueprint'/Game/Mods/ARKParados/Dinos/Ruthless/Featherlight/RuthlessLanternBird_Character_BP.RuthlessLanternBird_Character_BP
RuthlessWyvern,/Game/Mods/ARKParados/Dinos/Ruthless/Wyvern/Ruthless_Wyvern_Character_BP.Ruthless_Wyvern_Character_BP
RuthlessPachy,/Game/Mods/ARKParados/Dinos/Ruthless/Pachy/RuthlessPachy_Character_BP.RuthlessPachy_Character_BP
RuthlessPegasus,/Game/Mods/ARKParados/Dinos/Ruthless/Pegasus1/RuthlessPegasus_Character_BP.RuthlessPegasus_Character_BP
RuthlessPtera,/Game/Mods/ARKParados/Dinos/Ruthless/Ptero/RuthlesSPtero_Character_BP.RuthlesSPtero_Character_BP
RuthlessSarco,/Game/Mods/ARKParados/Dinos/Ruthless/Sarco/RuthlessSarco_Character_BP.RuthlessSarco_Character_BP
RuthlessRaptor,/Game/Mods/ARKParados/Dinos/Ruthless/Raptor/RuthlessRaptor_Character_BP.RuthlessRaptor_Character_BP
RuthlessRex,/Game/Mods/ARKParados/Dinos/Ruthless/Rex/Ruthless_Rex_Character_BP.Ruthless_Rex_Character_BP
RuthlessTerrorBird,/Game/Mods/ARKParados/Dinos/Ruthless/Terrorbird/RuthlessBird_Character_BP.RuthlessBird_Character_BP
RuthlessVulture,/Game/Mods/ARKParados/Dinos/Ruthless/Vulture/RuthlessVulture_Character_BP.RuthlessVulture_Character_BP
FlamingArcha,/Game/Mods/ARKParados/Dinos/Flaming/Archa/FlamingArcha_Character_BP.FlamingArcha_Character_BP
FlamingBeaver,/Game/Mods/ARKParados/Dinos/Flaming/Beaver/FlamingBeaver_Character_BP.FlamingBeaver_Character_BP
FlamingToad,/Game/Mods/ARKParados/Dinos/Flaming/Frog/FlamingToad_Character_BP.FlamingToad_Character_BP
FlamingBigfoot,/Game/Mods/ARKParados/Dinos/Flaming/giganto/FlamingBigfoot_Character_BP.FlamingBigfoot_Character_BP
Flamingbear,/Game/Mods/ARKParados/Dinos/Flaming/Direbear/FlamingDirebear_Character_BP.FlamingDirebear_Character_BP
FlamingGasBags,/Game/Mods/ARKParados/Dinos/Flaming/Gasbags/FlamingGasBags_Character_BP.FlamingGasBags_Character_BP
Flaminghya,/Game/Mods/ARKParados/Dinos/Flaming/Hyenodon/FlaminggHyaenodon_Character_BP.FlaminggHyaenodon_Character_BP
FlamingMana,/Game/Mods/ARKParados/Dinos/Christmas/managarmr/FlamingIceJumper_Character_BP.FlamingIceJumper_Character_BP
FlamingCamel,/Game/Mods/ARKParados/Dinos/Flaming/Morella/Flamingcamelsaurus_Character_BP.Flamingcamelsaurus_Character_BP
FlamingOwl,/Game/Mods/ARKParados/Dinos/Flaming/Owl/FlamingOwl_Character_BP.FlamingOwl_Character_BP
FlamingPara,/Game/Mods/ARKParados/Dinos/Flaming/Para/FlamingPara_Character_BP.FlamingPara_Character_BP
FlamingPegasus,/Game/Mods/ARKParados/Dinos/Flaming/Pegasus/FlamingPegasus_Character_BP.FlamingPegasus_Character_BP
FlamingPela,/Game/Mods/ARKParados/Dinos/Flaming/Pelagornis/FlamingPela_Character_BP.FlamingPela_Character_BP
FlamingPtera,/Game/Mods/ARKParados/Dinos/Flaming/Ptero/FlamingPtero_Character_BP.FlamingPtero_Character_BP
FlamingRhino,/Game/Mods/ARKParados/Dinos/Flaming/Rhino/fLAMINGRhino_Character_BP.FlamingRhino_Character_BP
FlamingTropeognathus,/Game/Mods/ARKParados/Dinos/Flaming/Tropeognathus/FlamingTropeognathus_Character_BP.FlamingTropeognathus_Character_BP
FlamingTerrorBird,/Game/Mods/ARKParados/Dinos/Flaming/Terrorbird/FlamingTerrorBird_Character_BP.FlamingTerrorBird_Character_BP
FlamingTheri,/Game/Mods/ARKParados/Dinos/Flaming/Theri/FlamingTherizino_Character_BP.FlamingTherizino_Character_BP
FlamingThylacoleo,/Game/Mods/ARKParados/Dinos/Flaming/Thyla/FlamingThyla_Character_BP.FlamingThyla_Character_BP
ParadosAchatina,/Game/Mods/ARKParados/Dinos/Parados/Achatina/Parados_Achatina_Character_BP.Parados_Achatina_Character_BP
ParadosAllo,/Game/Mods/ARKParados/Dinos/Parados/Allo/Parados_Allo_Character_BP.Parados_Allo_Character_BP
ParadosAngler,/Game/Mods/ARKParados/Dinos/Parados/Angler/Parados_Angler_Character_BP.Parados_Angler_Character_BP
ParadosAnky,/Game/Mods/ARKParados/Dinos/Parados/Anky/ParadosAnkylo_Character_BP.ParadosAnkylo_Character_BP
ParadosBronto,/Game/Mods/ARKParados/Dinos/Parados/Bronti/ParadosSauropod_Character_BP.ParadosSauropod_Character_BP
ParadosDaeodon,/Game/Mods/ARKParados/Dinos/Parados/Daedon/ParadosDaeodon_Character_BP.ParadosDaeodon_Character_BP
ParadosDimorph1,/Game/Mods/ARKParados/Dinos/Parados/Dimorph/ParadosDimorph_Character_BP.ParadosDimorph_Character_BP
ParadosDimorph2,/Game/Mods/ARKParados/Dinos/Parados/Dimorph/2/ParadosDimorph1_Character_BP.ParadosDimorph1_Character_BP
ParadosWyvern,/Game/Mods/ARKParados/Dinos/Parados/Wyvern/ParadosWyvern_Character_BP.ParadosWyvern_Character_BP
ParadosTitan,/Game/Mods/ARKParados/Dinos/Parados/Titan/ParadosTitan_Character_BP.ParadosTitan_Character_BP
ParadosPego,/Game/Mods/ARKParados/Dinos/Parados/Pego/Parados_Pegomastax_Character_BP.Parados_Pegomastax_Character_BP
ParadosPtera,/Game/Mods/ARKParados/Dinos/Parados/Ptera/ParadosPtero_Character_BP.ParadosPtero_Character_BP
ParadosToad,/Game/Mods/ARKParados/Dinos/Parados/Frog/ParadosToad_Character_BP.ParadosToad_Character_BP
ParadosPPtera,/Game/Mods/ARKParados/Dinos/Parados/Ptera1/ParadosEvolvePtero_Character_BP.ParadosEvolvePtero_Character_BP
ParadosQuetz,/Game/Mods/ARKParados/Dinos/Parados/Quetz/ParadosQuetz_Character_BP.ParadosQuetz_Character_BP
ParadosDrake,/Game/Mods/ARKParados/Dinos/Parados/Rockdrake/ParadosDrake_Character_BP.ParadosDrake_Character_BP
LegendaryChalico,/Game/Mods/ARKParados/Dinos/Legendary/Chalico/LegendaryChalico_Character_BP.LegendaryChalico_Character_BP
LegendaryDeinonychus,/Game/Mods/ARKParados/Dinos/Legendary/Deinonychus/legendaryDeinonychus_Character_BP_Child.legendaryDeinonychus_Character_BP_Child
LegendaryDilo,/Game/Mods/ARKParados/Dinos/Legendary/Dilo/LegendaryDilo_Character_BP.LegendaryDilo_Character_BP
LegendaryGigant,/Game/Mods/ARKParados/Dinos/Legendary/giga/Legendary_Gigant_Character_BP.Legendary_Gigant_Character_BP
LegendaryGriffin,/Game/Mods/ARKParados/Dinos/Legendary/Griffin/LedgendaryGriffin_Character_BP.LedgendaryGriffin_Character_BP
LegendaryHesperornis,/Game/Mods/ARKParados/Dinos/Legendary/Hesperonis/LegendaryHesperornis_Character_BP.LegendaryHesperornis_Character_BP
LegendaryKangaroo,/Game/Mods/ARKParados/Dinos/Legendary/Kenguru/LegendaryProcop_Character_BP.LegendaryProcop_Character_BP
LegendaryKapro,/Game/Mods/ARKParados/Dinos/Legendary/Kaprosuchus/LegendaryKaprosuchus_Character_BP.LegendaryKaprosuchus_Character_BP
LegendaryCrab,/Game/Mods/ARKParados/Dinos/Legendary/Crab/LegendaryCrab_Character_BP.LegendaryCrab_Character_BP
LegendaryMoth,/Game/Mods/ARKParados/Dinos/Legendary/Moth/legendary_Moth_Character_BP.legendary_Moth_Character_BP
LegendaryPhiomia,/Game/Mods/ARKParados/Dinos/Legendary/Phiomia/LegendaryPhiomia_Character_BP.LegendaryPhiomia_Character_BP
LegendaryPtero,/Game/Mods/ARKParados/Dinos/Legendary/Ptero/LedgendaryPtero_Character_BP.LedgendaryPtero_Character_BP
LegendaryQuetz,/Game/Mods/ARKParados/Dinos/Legendary/Quetz/LegenQuetz_Character_BP.LegenQuetz_Character_BP
LegendaryRaptor,/Game/Mods/ARKParados/Dinos/Legendary/Raptor/LegendaryRaptor_Character_BP.LegendaryRaptor_Character_BP
LegendaryStego,/Game/Mods/ARKParados/Dinos/Legendary/Stego/LegendaryStego_Character_BP.LegendaryStego_Character_BP
LedgendaryTapejara,/Game/Mods/ARKParados/Dinos/Legendary/Tapejara/LedgendaryTapejara_Character_BP.LedgendaryTapejara_Character_BP
LegendaryThylacoleo,/Game/Mods/ARKParados/Dinos/Legendary/Thyla/LegendaryThylacoleo_Character_BP.LegendaryThylacoleo_Character_BP
LegendaryTrike,/Game/Mods/ARKParados/Dinos/Legendary/Trike/Legendary_Trike_Character_BP.Legendary_Trike_Character_BP
LegendaryVelo,/Game/Mods/ARKParados/Dinos/Legendary/Velo/LegendarySpindles_Character_BP.LegendarySpindles_Character_BP
NeolithicArthro,/Game/Mods/ARKParados/Dinos/Neolithic/arthropluera/NeolithicArthro_Character_BP.NeolithicArthro_Character_BP
NeolithicTurtle,/Game/Mods/ARKParados/Dinos/Neolithic/Turtle/NeolithicTurtle_Character_BP.NeolithicTurtle_Character_BP
NeolithicDilo,/Game/Mods/ARKParados/Dinos/Neolithic/Dilo/NeolithicDilo_Character_BP.NeolithicDilo_Character_BP
NeolithicDirewolf,/Game/Mods/ARKParados/Dinos/Neolithic/Direwolf/NeolithicDirewolf_Character_BP.NeolithicDirewolf_Character_BP
NeolithicDodo,/Game/Mods/ARKParados/Dinos/Neolithic/Dodo/NeolithicDodo_Character_BP.NeolithicDodo_Character_BP
NeolithicDoed,/Game/Mods/ARKParados/Dinos/Neolithic/Doed/NeolithicDoed_Character_BP.NeolithicDoed_Character_BP
NeolithicGalli,/Game/Mods/ARKParados/Dinos/Neolithic/Gallimus/NeolithicGalli_Character_BP.NeolithicGalli_Character_BP
NeolithicLizard,/Game/Mods/ARKParados/Dinos/Neolithic/Glowtail/NeolithicLizard_Character_BP.NeolithicLizard_Character_BP
NeolithicKangaroo,/Game/Mods/ARKParados/Dinos/Neolithic/Procoptodon/NeolithicProcop_Character_BP.NeolithicProcop_Character_BP
NeolithicMoth,/Game/Mods/ARKParados/Dinos/Neolithic/Moth/NeolithicMoth_Character_BP.NeolithicMoth_Character_BP
NeolithicLystro,/Game/Mods/ARKParados/Dinos/Neolithic/Lystro/NeolithicLystro_Character_BP.NeolithicLystro_Character_BP
NeolithicStag,/Game/Mods/ARKParados/Dinos/Neolithic/megaloceros/NeolithicStag_Character_BP.NeolithicStag_Character_BP
NeolithicMorella,/Game/Mods/ARKParados/Dinos/Neolithic/Morella/NeolithicMorella_Character_BP.NeolithicMorella_Character_BP
NeolithicMoschops,/Game/Mods/ARKParados/Dinos/Neolithic/Moschops/NeolithicMoschops_Character_BP.NeolithicMoschops_Character_BP
NeolithicParacer,/Game/Mods/ARKParados/Dinos/Neolithic/Paracer/NeolithicParacer_Character_BP.NeolithicParacer_Character_BP
NeolithicPtera,/Game/Mods/ARKParados/Dinos/Neolithic/Ptera/NeolithicPtero_Character_BP.NeolithicPtero_Character_BP
NeolithicTapejara,/Game/Mods/ARKParados/Dinos/Neolithic/Tapejara/NeolithicTapejara_Character_BP.NeolithicTapejara_Character_BP
Neolithictrike,/Game/Mods/ARKParados/Dinos/Neolithic/Trike/NeolithicTrike_Character_BP.NeolithicTrike_Character_BP
NeolithicWyvern,/Game/Mods/ARKParados/Dinos/Neolithic/Wyvern/NeolithicCrystalWyvern_Character_BP.NeolithicCrystalWyvern_Character_BP
WateryBasilo,/Game/Mods/ARKParados/Dinos/Watery/Basilosaurus/WateryBasilosaurus_Character_BP.WateryBasilosaurus_Character_BP
WateryDunkle,/Game/Mods/ARKParados/Dinos/Watery/Dunkle/WateryDunkle_Character_BP.WateryDunkle_Character_BP
WateryDolphin,/Game/Mods/ARKParados/Dinos/Watery/Dolphin/Watery_Dolphin_Character_BP.Watery_Dolphin_Character_BP
WateryDodo,/Game/Mods/ARKParados/Dinos/Watery/Dodo/WateryDodo_Character_BP.WateryDodo_Character_BP
WateryMega,/Game/Mods/ARKParados/Dinos/Watery/Megalodon/WateryMegalodon_Character_BP.WateryMegalodon_Character_BP
WateryPiranha,/Game/Mods/ARKParados/Dinos/Watery/Piranha/WateryPiranha_Character_BP.WateryPiranha_Character_BP
WateryTrilobite,/Game/Mods/ARKParados/Dinos/Watery/Trilobite/WateryTrilobite_Character.WateryTrilobite_Character
WaterySalmon,/Game/Mods/ARKParados/Dinos/Watery/Salmon/Watery_Salmon_Character_BP.Watery_Salmon_Character_BP
MechaPara,/Game/Mods/ARKParados/Dinos/Mecha/Parasaur/MechaPara_Character_BP.MechaPara_Character_BP
MechaRaptor,/Game/Mods/ARKParados/Dinos/Mecha/Raptor/MechaRaptor_Character_BP.MechaRaptor_Character_BP
MechaRex,/Game/Mods/ARKParados/Dinos/Mecha/Rex/MechaRex_Character_BP.MechaRex_Character_BP
MechaTrike,/Game/Mods/ARKParados/Dinos/Mecha/Trike/MechaTrike_Character_BP.MechaTrike_Character_BP
Charlie,/Game/Mods/ARKParados/Dinos/Special/Bigfoot/Charlie_Character_BP.Charlie_Character_BP
Firequacker,/Game/Mods/ARKParados/Dinos/Special/Dodo/FireQuackerr_Character_BP.FireQuackerr_Character_BP
GeraldTheAchatina,/Game/Mods/ARKParados/Dinos/Special/Achatina/Gerald_Character_BP.Gerald_Character_BP
HarryHopper,/Game/Mods/ARKParados/Dinos/Special/Jerboa/Special_Jerboa_Character_BP.Special_Jerboa_Character_BP
KingDaddyOfDistruction,/Game/Mods/ARKParados/Dinos/Special/MonkeyKing/KingMonkey_Character_BP.KingMonkey_Character_BP
Lambert,/Game/Mods/ARKParados/Dinos/Special/Sheep/Lambert_Character_BP.Lambert_Character_BP
BlueKairu,/Game/Mods/ARKParados/Dinos/Special/BluePenguin/LittleBlueKairuku_Character_BP.LittleBlueKairuku_Character_BP
MrOtterton,/Game/Mods/ARKParados/Dinos/Special/Kirtap/MrOtterton_Character_BP.MrOtterton_Character_BP
MrFluffles,/Game/Mods/ARKParados/Dinos/Special/Direbear/MrFluffles_Character_BP.MrFluffles_Character_BP
OttermusPrime,/Game/Mods/ARKParados/Dinos/Special/Eru/OttermusPrime_Character_BP.OttermusPrime_Character_BP
Pipsqueak,/Game/Mods/ARKParados/Dinos/Special/Penguin/Pipsqueak_Character_BP.Pipsqueak_Character_BP
ShadowWyvern,/Game/Mods/ARKParados/Dinos/Special/Shadow/Shadow_Character_BP.Shadow_Character_BP
Soulbug,/Game/Mods/ARKParados/Dinos/Special/JugBug/SoulJugbug_Water_Character_BP.SoulJugbug_Water_Character_BP
Stufasa,/Game/Mods/ARKParados/Dinos/Special/StuMeister/Stumester_Character_BP.Stumester_Character_BP
SunsetWyvern,/Game/Mods/ARKParados/Dinos/Special/Shadow/Evolved/Kieru_Character_BP_Evolved.Kieru_Character_BP_Evolved
TBFDirewolf,/Game/Mods/ARKParados/Dinos/Special/TBFGAMING/TBFDire_Character_BP.TBFDire_Character_BP
Thundercat,/Game/Mods/ARKParados/Dinos/Special/ThunderCat/Thundercat_Character_BP.Thundercat_Character_BP
Frankysaurus,/Game/Mods/ARKParados/Dinos/Special/Ankylo/Frankysaurus_Character_BP.Frankysaurus_Character_BP
Terrompy,/Game/Mods/ARKParados/Dinos/Special/Compy/Terrompy_Character_BP.Terrompy_Character_BP
TIM,/Game/Mods/ARKParados/Dinos/Special/Tim/TIM_Character_BP.TIM_Character_BP
AranTheJumpingCat,/Game/Mods/ARKParados/Dinos/Special/Aran/Aran_Character_BP.Aran_Character_BP
Allisaurusrex,/Game/Mods/ARKParados/Dinos/Special/Allisaurusrex/allisaurusrex_Character_BP.allisaurusrex_Character_BP
BeardedRaptor,/Game/Mods/ARKParados/Dinos/Special/Bearded/BeardedRaptor_Character_BP.BeardedRaptor_Character_BP
Brownie,/Game/Mods/ARKParados/Dinos/Special/Brownie/BrownieQuetz_Character_BP.BrownieQuetz_Character_BP
FroggyMan,/Game/Mods/ARKParados/Dinos/Special/FroggyMan/FroggyD_Character_BP.FroggyD_Character_BP
IdaBird,/Game/Mods/ARKParados/Dinos/Special/Ida/IdaBird_Character_BP.IdaBird_Character_BP
LordOfBacon,/Game/Mods/ARKParados/Dinos/Special/Bacon/BaconThylacoleo_Character_BP.BaconThylacoleo_Character_BP
Kikachu,/Game/Mods/ARKParados/Dinos/Special/Kikachu/Kikachu_Character_BP.Kikachu_Character_BP
MrQuackers,/Game/Mods/ARKParados/Dinos/Special/Mrquackers/mrquackers_Character_BP.mrquackers_Character_BP
PrinceLuck,/Game/Mods/ARKParados/Dinos/Special/Prince/PrinceToad_Character_BP.PrinceToad_Character_BP
Shales,/Game/Mods/ARKParados/Dinos/Special/Shales/Shales_Character_BP.Shales_Character_BP
Undizz,/Game/Mods/ARKParados/Dinos/Special/Undizz/Undizz_Character_BP.Undizz_Character_BP
InkStorm,/Game/Mods/ARKParados/Dinos/Special/InkStorm/InkStorm_Character_BP.InkStorm_Character_BP
Xodan,/Game/Mods/ARKParados/Dinos/Special/Xodan/XodanCharacter_BP.XodanCharacter_BP
GuardianAllo,/Game/Mods/ARKParados/Dinos/Guardian/Allo/GuardianAllo_Character_BP.GuardianAllo_Character_BP
GuardianSpider,/Game/Mods/ARKParados/Dinos/Guardian/Araneo/GuardianSpider_Character_BP.GuardianSpider_Character_BP
GuardianBaryonyx,/Game/Mods/ARKParados/Dinos/Guardian/bary/GuardianBaryonyx_Character_BP.GuardianBaryonyx_Character_BP
GuardianPug,/Game/Mods/ARKParados/Dinos/Guardian/Pug/GuardianPug_Character_BP.GuardianPug_Character_BP
GuardianTurtle,/Game/Mods/ARKParados/Dinos/Guardian/Turtle/GuardianTurtle_Character_BP.GuardianTurtle_Character_BP
Guardianwolf2,/Game/Mods/ARKParados/Dinos/Guardian/Direwol2/GuardianDirewolf2_Character_BP.GuardianDirewolf2_Character_BP
GuardianWolf1,/Game/Mods/ARKParados/Dinos/Guardian/Direwolf1/GuardianDirewolf1_Character_BP.GuardianDirewolf1_Character_BP
Guardianwolf,/Game/Mods/ARKParados/Dinos/Guardian/Direwolf/GuardianDirewolf_Character_BP.GuardianDirewolf_Character_BP
GuardianEnforcer,/Game/Mods/ARKParados/Dinos/Guardian/Enforcer/GuardianEnforcer_Character_BP.GuardianEnforcer_Character_BP
GuardianGalli,/Game/Mods/ARKParados/Dinos/Guardian/Galli/GuardianGalli_Character_BP.GuardianGalli_Character_BP
GuardianGigant,/Game/Mods/ARKParados/Dinos/Guardian/Giga/GuardianGigant_Character_BP.GuardianGigant_Character_BP
GuardianLizard,/Game/Mods/ARKParados/Dinos/Guardian/Glowtail/GuardianLizard_Character_BP.GuardianLizard_Character_BP
GuardianGriffin,/Game/Mods/ARKParados/Dinos/Guardian/Griffin/GuardianGriffin_Character_BP.GuardianGriffin_Character_BP
GuardianKentro,/Game/Mods/ARKParados/Dinos/Guardian/Kentrosaurus/GuardianKentro_Character_BP.GuardianKentro_Character_BP
GuardianMantis,/Game/Mods/ARKParados/Dinos/Guardian/Mantis/GuardianMantis_Character_BP.GuardianMantis_Character_BP
GuardianPara,/Game/Mods/ARKParados/Dinos/Guardian/Parasaur/GuardianPara_Character_BP.GuardianPara_Character_BP
GuardianPhiomia,/Game/Mods/ARKParados/Dinos/Guardian/Phiomia/GuardianPhiomia_Character_BP.GuardianPhiomia_Character_BP
GuardianMegalo,/Game/Mods/ARKParados/Dinos/Guardian/Megalosaurus/Guardian_Megalo_Character_BP.Guardian_Megalo_Character_BP
GuardianPtera,/Game/Mods/ARKParados/Dinos/Guardian/Ptero/GuardianPtero_Character_BP.GuardianPtero_Character_BP
GuardianRaptor,/Game/Mods/ARKParados/Dinos/Guardian/Raptor/GuardianRaptor_Character_BP.GuardianRaptor_Character_BP
GuardianCWolf,/Game/Mods/ARKParados/Dinos/Guardian/Ravager/Guardian_CaveWolf_Character_BP.Guardian_CaveWolf_Character_BP
GuardianRex,/Game/Mods/ARKParados/Dinos/Guardian/Rex/GuardianRex_Character_BP.GuardianRex_Character_BP
GuardianRockDrake,/Game/Mods/ARKParados/Dinos/Guardian/Rockdrake/GuardiannRockDrake_Character_BP.GuardiannRockDrake_Character_BP
NoctisBee,/Game/Mods/ARKParados/Dinos/Noctis/Bee/NoctisBee_Character_BP.NoctisBee_Character_BP
NoctisBronto,/Game/Mods/ARKParados/Dinos/Noctis/Bronto/NoctisSauropod_Character_BP.NoctisSauropod_Character_BP
NoctisPug,/Game/Mods/ARKParados/Dinos/Noctis/Pug/NoctisPug_Character_BP.NoctisPug_Character_BP
NoctisDeinonychus,/Game/Mods/ARKParados/Dinos/Noctis/Deino/NoctisDeino_Character_BP.NoctisDeino_Character_BP
NoctisDiplo,/Game/Mods/ARKParados/Dinos/Noctis/Diplodocus/NoctisDiplodocus_Character_BP.NoctisDiplodocus_Character_BP
NoctisDirebear,/Game/Mods/ARKParados/Dinos/Noctis/Direbear/NoctisDirebear_Character_BP.NoctisDirebear_Character_BP
NoctisDoed,/Game/Mods/ARKParados/Dinos/Noctis/doed/Noctis_Doed_Character_BP.Noctis_Doed_Character_BP
NoctisEnforcer,/Game/Mods/ARKParados/Dinos/Noctis/Enforcer/NoctisEnforcer_Character_BP.NoctisEnforcer_Character_BP
NoctisEquus,/Game/Mods/ARKParados/Dinos/Noctis/Horse/NoctisEquus_Character_BP.NoctisEquus_Character_BP
NoctisGacha,/Game/Mods/ARKParados/Dinos/Noctis/Gacha/NoctisGacha_Character_BP.NoctisGacha_Character_BP
NoctisIgu,/Game/Mods/ARKParados/Dinos/Noctis/Iguanodon/NoctisIguanodon_Character_BP.NoctisIguanodon_Character_BP
NoctisMantis,/Game/Mods/ARKParados/Dinos/Noctis/Mantis/NoctisMantis_Character_BP.NoctisMantis_Character_BP
NoctisMegalania,/Game/Mods/ARKParados/Dinos/Noctis/Megalania/NoctisMegalania_Character_BP.NoctisMegalania_Character_BP
NoctisKangaroo,/Game/Mods/ARKParados/Dinos/Noctis/procoptodon/NoctisProcoptodon_Character_BP.NoctisProcoptodon_Character_BP
NoctisRat,/Game/Mods/ARKParados/Dinos/Noctis/MoleRat/NoctissMoleRat_Character_BP_Child.NoctissMoleRat_Character_BP_Child
NoctisSaber,/Game/Mods/ARKParados/Dinos/Noctis/Saber/NoctisSaber_Character_BP.NoctisSaber_Character_BP
NoctisTape,/Game/Mods/ARKParados/Dinos/Noctis/Tapa/NoctisTapejara_Character_BP.NoctisTapejara_Character_BP
NoctisTrike,/Game/Mods/ARKParados/Dinos/Noctis/Trike/NoctisTrike_Character_BP.NoctisTrike_Character_BP
RecklessGriffin,/Game/Mods/ARKParados/Dinos/Reckless/Griffin/RecklesGriffin_Character_BP.RecklesGriffin_Character_BP
RecklessRaptor,/Game/Mods/ARKParados/Dinos/Reckless/Raptor1/RecklessRaptor_Character_BP.RecklessRaptor_Character_BP
RecklessTrike,/Game/Mods/ARKParados/Dinos/Reckless/Trike/RecklessTrike_Character_BP.RecklessTrike_Character_BP
PromeusElectric,/Game/Mods/ARKParados/Dinos/Promeeus/DodorexE/PromeusElectric_Character_BP.PromeusElectric_Character_BP
PromeusEDragon,/Game/Mods/ARKParados/Dinos/Promeeus/DragonE/PromeusEDragon_Character_BP.PromeusEDragon_Character_BP
PromeusEGorilla,/Game/Mods/ARKParados/Dinos/Promeeus/GorillaE/promeusEGorilla_Character_BP.promeusEGorilla_Character_BP
PromeusEManticore,/Game/Mods/ARKParados/Dinos/Promeeus/EManticore/PromeusEManticore_Character_BP.PromeusEManticore_Character_BP
PromeusEspider,/Game/Mods/ARKParados/Dinos/Promeeus/ESpider/PromeusEBroodmother_Character_BP.PromeusEBroodmother_Character_BP
PromeusFire,/Game/Mods/ARKParados/Dinos/Promeeus/DodorexF/PromeusFire_Character_BP.PromeusFire_Character_BP
PromeusFDragon,/Game/Mods/ARKParados/Dinos/Promeeus/DragonF/PromeusFDragon_Character_BP.PromeusFDragon_Character_BP
PromeusFGorilla,/Game/Mods/ARKParados/Dinos/Promeeus/GorillaF/promeusFGorilla_Character_BP.promeusFGorilla_Character_BP
PromeusFManticore,/Game/Mods/ARKParados/Dinos/Promeeus/FManticore/PromeusFManticore_Character_BP.PromeusFManticore_Character_BP
PromeusFspider,/Game/Mods/ARKParados/Dinos/Promeeus/SpiderF/PromeusFBroodmother_Character_BP.PromeusFBroodmother_Character_BP
PromeusPoison,/Game/Mods/ARKParados/Dinos/Promeeus/DododrexP/PromeusPoison_Character_BP.PromeusPoison_Character_BP
PromeusPDragon,/Game/Mods/ARKParados/Dinos/Promeeus/DragonP/PromeusDragon_Character_BP.PromeusDragon_Character_BP
PromeusGorilla,/Game/Mods/ARKParados/Dinos/Promeeus/GorillaP/promeusGorilla_Character_BP.promeusGorilla_Character_BP
PromeusPspider,/Game/Mods/ARKParados/Dinos/Promeeus/PSpider/PromeusBroodmother_Character_BP.PromeusBroodmother_Character_BP
PromeusPManticore,/Game/Mods/ARKParados/Dinos/Promeeus/PManticore/PromeusPManticore_Character_BP.PromeusPManticore_Character_BP
SoulBronto,/Game/Mods/ARKParados/Dinos/Halloween/Bronto/SoulSauropod_Character_BP.SoulSauropod_Character_BP
SoulCarno,/Game/Mods/ARKParados/Dinos/Halloween/Carno/SoulCarno_Character_BP.SoulCarno_Character_BP
SoulGigant,/Game/Mods/ARKParados/Dinos/Halloween/Giga/SoulGigant_Character_BP.SoulGigant_Character_BP
SoulJerboa,/Game/Mods/ARKParados/Dinos/Halloween/Jerboa/SoulJerboa_Character_BP.SoulJerboa_Character_BP
SoulTrike,/Game/Mods/ARKParados/Dinos/Halloween/Trike/SoulTrike_Character_BP.SoulTrike_Character_BP
Goatzilla,/Game/Mods/ARKParados/Dinos/Christmas/Shinehorn/ChristmasGoat_Character_BP.ChristmasGoat_Character_BP
Julenissen,/Game/Mods/ARKParados/Dinos/Christmas/Julenissen/Julenissen_Character_BP.Julenissen_Character_BP
PPolarBear,/Game/Mods/ARKParados/Dinos/Christmas/Direbear/Polarbear_Character_BP.Polarbear_Character_BP
ParadosRudolph,/Game/Mods/ARKParados/Dinos/Christmas/Rudolph/ParadosRudolph_Character_BP.ParadosRudolph_Character_BP
ParadosSnowman,/Game/Mods/ARKParados/Dinos/Christmas/snowman/Snowman_Character_BP.Snowman_Character_BP
ParadosSnowmann,/Game/Mods/ARKParados/Dinos/Christmas/snowman/Tameable/Snowman_Character_BP_Tameable.Snowman_Character_BP_Tameable
PhantomAllo,/Game/Mods/ARKParados/Dinos/Phantom/allo/PhantomAllo_Character_BP.PhantomAllo_Character_BP
PhantomDirebear,/Game/Mods/ARKParados/Dinos/Phantom/Direbear/phantomDirebear_Character_BP.phantomDirebear_Character_BP
PhantomGacha,/Game/Mods/ARKParados/Dinos/Phantom/Gacha/PhantomGacha_Character_BP.PhantomGacha_Character_BP
PhantomGriffin,/Game/Mods/ARKParados/Dinos/Phantom/Griffin/PhantomGriffin_Character_BP.PhantomGriffin_Character_BP
PhantomMammoth,/Game/Mods/ARKParados/Dinos/Phantom/mammoth/PhantomMammoth_Character_BP.PhantomMammoth_Character_BP
PhantomKangaroo,/Game/Mods/ARKParados/Dinos/Phantom/Procoptodon/PhantomProcoptodon_Character_BP.PhantomProcoptodon_Character_BP
PhantomRock,/Game/Mods/ARKParados/Dinos/Phantom/Rockgolem/PhantomRockGolem_Character_BP.PhantomRockGolem_Character_BP
PhantomStego,/Game/Mods/ARKParados/Dinos/Phantom/Stego/PhantomStego_Character_BP.PhantomStego_Character_BP
PhantomTape,/Game/Mods/ARKParados/Dinos/Phantom/Tape/PhantomTapejara_Character_BP.PhantomTapejara_Character_BP
Mishell,/Game/Mods/ARKParados/Dinos/DistrictBoss/Turtle/God-Turtle_Character_BP.God-Turtle_Character_BP
MishellTameable,/Game/Mods/ARKParados/Dinos/DistrictBoss/Turtle/Tameable/MiShellT_Character_BP.MiShellT_Character_BP
UdisMountain,/Game/Mods/ARKParados/Dinos/DistrictBoss/Bigfoot/UDIS_Character_BP.UDIS_Character_BP
UdisTameable,/Game/Mods/ARKParados/Dinos/DistrictBoss/Bigfoot/Tameable/UdisTameable_Character_BP.UdisTameable_Character_BP
Volcanis,/Game/Mods/ARKParados/Dinos/DistrictBoss/Wyvern/God1Wyvern_Character_BP.God1Wyvern_Character_BP
VolcanisTameable,/Game/Mods/ARKParados/Dinos/DistrictBoss/Wyvern/ATameable/GodTameableWyvern_Character_BP.GodTameableWyvern_Character_BP
Draugen,/Game/Mods/ARKParados/Dinos/DistrictBoss/Sarco/Parados-Sarco/God-Sarco_Character_BP.God-Sarco_Character_BP
DraugenTameable,/Game/Mods/ARKParados/Dinos/DistrictBoss/Sarco/Parados-Sarco/Tameable/God-Sarco_Character_BP_Tameable.God
