/Game/Mods/Primal_Fear/Weapons/Primal_CompBow/Ammo/PrimalMetalArrow/PrimalItemAmmo_PrimalCompoundBowArrow.PrimalItemAmmo_PrimalCompoundBowArrow,Primal Compound Arrow
/Game/Mods/Primal_Fear/Weapons/Primal_CompBow/Ammo/FlameMetalArrow/PrimalItemAmmo_PrimalFlameCompoundBowArrow.PrimalItemAmmo_PrimalFlameCompoundBowArrow,Flame Compound Arrow
/Game/Mods/Primal_Fear/Weapons/Primal_CompBow/Ammo/ExplosivePrimalArrow/PrimalItemAmmo_EPrimalCompoundBowArrow.PrimalItemAmmo_EPrimalCompoundBowArrow,Frag Compound Arrow
/Game/Mods/Primal_Fear/Weapons/Primal_CompBow/Ammo/Tranq/Potent/PrimalItemAmmo_PotentPrimalCompoundBowArrow.PrimalItemAmmo_PotentPrimalCompoundBowArrow,Potent Compound Arrow
/Game/Mods/Primal_Fear/Weapons/Primal_CompBow/Ammo/Tranq/Toxic/PrimalItemAmmo_ToxicPrimalCompoundBowArrow.PrimalItemAmmo_ToxicPrimalCompoundBowArrow,Toxic Compound Arrow
/Game/Mods/Primal_Fear/Weapons/Primal_CompBow/Ammo/Tranq/Alpha/PrimalItemAmmo_AlphaPrimalCompoundBowArrow.PrimalItemAmmo_AlphaPrimalCompoundBowArrow,Alpha Compound Arrow
/Game/Mods/Primal_Fear/Weapons/Primal_CompBow/Ammo/Tranq/Apex/PrimalItemAmmo_ApexPrimalCompoundBowArrow.PrimalItemAmmo_ApexPrimalCompoundBowArrow,Apex Compound Arrow
/Game/Mods/Primal_Fear/Weapons/Primal_CompBow/Ammo/Tranq/Primal/PrimalItemAmmo_PrimalPrimalCompoundBowArrow.PrimalItemAmmo_PrimalPrimalCompoundBowArrow,Primal Compound Arrow
/Game/Mods/Primal_Fear/Weapons/TranqDarts/Casing/PrimalItemResource_AdvancedDartCasing.PrimalItemResource_AdvancedDartCasing,Advanced Dart Casing
/Game/Mods/Primal_Fear/Weapons/TranqDarts/Potent/PrimalItemAmmo_PotentTranqDart.PrimalItemAmmo_PotentTranqDart,Potent Tranq Dart
/Game/Mods/Primal_Fear/Weapons/TranqDarts/Toxic/PrimalItemAmmo_ToxicTranqDart.PrimalItemAmmo_ToxicTranqDart,Toxic Tranq Dart
/Game/Mods/Primal_Fear/Weapons/TranqDarts/Alpha/PrimalItemAmmo_AlphaTranqDart.PrimalItemAmmo_AlphaTranqDart,Alpha Tranq Dart
/Game/Mods/Primal_Fear/Weapons/TranqDarts/Apex/PrimalItemAmmo_ApexTranqDart.PrimalItemAmmo_ApexTranqDart,Apex Tranq Dart
/Game/Mods/Primal_Fear/Weapons/TranqDarts/Primal/PrimalItemAmmo_PrimalTranqDart.PrimalItemAmmo_PrimalTranqDart,Primal Tranq Dart
/Game/Mods/Primal_Fear/Weapons/TranqDarts/SpecialDarts/Health/PrimalItemAmmo_HealthDart.PrimalItemAmmo_HealthDart,Health Dart
/Game/Mods/Primal_Fear/Weapons/TranqDarts/SpecialDarts/Stim/PrimalItemAmmo_StimDart.PrimalItemAmmo_StimDart,Stimulant Dart
/Game/Mods/Primal_Fear/Weapons/Tranqs/Arrows/PotentArrow/PrimalItemAmmo_PotentArrowTranq.PrimalItemAmmo_PotentArrowTranq,Potent Tranq Stone Arrow
/Game/Mods/Primal_Fear/Weapons/Tranqs/Arrows/ToxicArrow/PrimalItemAmmo_ToxicArrowTranq.PrimalItemAmmo_ToxicArrowTranq,Toxic Tranq Stone Arrow
/Game/Mods/Primal_Fear/Weapons/Primal_Sniper/Bullet/PrimalSniperAmmo/PrimalItemAmmo_PrimalRifleBullet.PrimalItemAmmo_PrimalRifleBullet,Primal Rifle Bullet
/Game/Mods/Primal_Fear/Weapons/Primal_Sniper/Bullet/PrimalSniperAmmo/PrimalItemAmmo_PrimalPotentTranqBullet.PrimalItemAmmo_PrimalPotentTranqBullet,Potent Rifle Bullet
/Game/Mods/Primal_Fear/Weapons/Primal_Sniper/Bullet/PrimalSniperAmmo/PrimalItemAmmo_PrimalToxicTranqBullet.PrimalItemAmmo_PrimalToxicTranqBullet,Toxic Rifle Bullet
/Game/Mods/Primal_Fear/Weapons/Primal_Sniper/Bullet/PrimalSniperAmmo/PrimalItemAmmo_PrimalAlphaTranqBullet.PrimalItemAmmo_PrimalAlphaTranqBullet,Alpha Rifle Bullet
/Game/Mods/Primal_Fear/Weapons/Primal_Sniper/Bullet/PrimalSniperAmmo/PrimalItemAmmo_PrimalApexTranqBullet.PrimalItemAmmo_PrimalApexTranqBullet,Apex Rifle Bullet
/Game/Mods/Primal_Fear/Weapons/Primal_Sniper/Bullet/PrimalSniperAmmo/PrimalItemAmmo_PrimalPrimalTranqBullet.PrimalItemAmmo_PrimalPrimalTranqBullet,Primal Rifle Bullet
/Game/Mods/Primal_Fear/Weapons/Primal_Sniper/Bullet/PrimalSniperAmmo/PrimalItemAmmo_PrimalOriginTranqBullet.PrimalItemAmmo_PrimalOriginTranqBullet,Origin Rifle Bullet
/Game/Mods/Primal_Fear/Dinos/Elemental/Griffin/Feathers/PrimalItemResource_ElectricFeather.PrimalItemResource_ElectricFeather,Electric Feather
/Game/Mods/Primal_Fear/Dinos/Elemental/Griffin/Feathers/PrimalItemResource_FireFeather.PrimalItemResource_FireFeather,Fire Feather
/Game/Mods/Primal_Fear/Dinos/Elemental/Griffin/Feathers/PrimalItemResource_IceFeather.PrimalItemResource_IceFeather,Ice Feather
/Game/Mods/Primal_Fear/Dinos/Elemental/Griffin/Feathers/PrimalItemResource_PoisonFeather.PrimalItemResource_PoisonFeather,Caustic Feather
/Game/Mods/Primal_Fear/Dinos/Origin/Origin_Argent/Items/PrimalItemResource_OArgent_Tribute.PrimalItemResource_OArgent_Tribute,Argentavis Origin Tribute
/Game/Mods/Primal_Fear/Dinos/Origin/Origin_Carno/Items/PrimalItemResource_OCarno_Tribute.PrimalItemResource_OCarno_Tribute,Carno Origin Tribute
/Game/Mods/Primal_Fear/Dinos/Origin/Origin_Direbear/Items/PrimalItemResource_ODirebear_Tribute.PrimalItemResource_ODirebear_Tribute,Dire Bear Origin Tribute
/Game/Mods/Primal_Fear/Dinos/Origin/Origin_Kairuku/Items/PrimalItemResource_OKairuku_Tribute.PrimalItemResource_OKairuku_Tribute,Kairuku Origin Tribute
/Game/Mods/Primal_Fear/Dinos/Origin/Origin_Raptor/Items/PrimalItemResource_ORaptor_Tribute.PrimalItemResource_ORaptor_Tribute,Raptor Origin Tribute
/Game/Mods/Primal_Fear/Dinos/Origin/Origin_Rex/Items/PrimalItemResource_ORex_Tribute.PrimalItemResource_ORex_Tribute,Rex Origin Tribute
/Game/Mods/Primal_Fear/Dinos/Origin/Origin_Spino/Items/PrimalItemResource_OSpino_Tribute.PrimalItemResource_OSpino_Tribute,Spino Origin Tribute
/Game/Mods/Primal_Fear/Dinos/Origin/Origin_Wyvern/Items/PrimalItemResource_Owyvern_Tribute.PrimalItemResource_OWyvern_Tribute,Wyvern Origin Tribute
/Game/Mods/Primal_Fear/Dinos/Origin/Origin_Argent/Items/PrimalItemConsumable_OArgent.PrimalItemConsumable_OArgent,Argentavis Origin Spawner
/Game/Mods/Primal_Fear/Dinos/Origin/Origin_Carno/Items/PrimalItemConsumable_OCarno.PrimalItemConsumable_OCarno,Carno Origin Spawner
/Game/Mods/Primal_Fear/Dinos/Origin/Origin_Direbear/Items/PrimalItemConsumable_ODirebear.PrimalItemConsumable_ODirebear,Dire Bear Origin Spawner
/Game/Mods/Primal_Fear/Dinos/Origin/Origin_Kairuku/Items/PrimalItemConsumable_OKairuku.PrimalItemConsumable_OKairuku,Kairuku Origin Spawner
/Game/Mods/Primal_Fear/Dinos/Origin/Origin_Raptor/Items/PrimalItemConsumable_ORaptor.PrimalItemConsumable_ORaptor,Raptor Origin Spawner
/Game/Mods/Primal_Fear/Dinos/Origin/Origin_Rex/Items/PrimalItemConsumable_ORex.PrimalItemConsumable_ORex,Rex Origin Spawner
/Game/Mods/Primal_Fear/Dinos/Origin/Origin_Spino/Items/PrimalItemConsumable_OSpino.PrimalItemConsumable_OSpino,Spino Origin Spawner
/Game/Mods/Primal_Fear/Dinos/Origin/Origin_Wyvern/Items/PrimalItemConsumable_OWyvern.PrimalItemConsumable_OWyvern,Wyvern Origin Spawner
/Game/Mods/Primal_Fear/Dinos/Creator_Boss/Items/PrimalItemConsumable_CreatorBoss.PrimalItemConsumable_CreatorBoss,Creator Boss Spawner
/Game/Mods/Primal_Fear/Dinos/Destroyer/SpawnItem/PrimalItemConsumable_Destroyer.PrimalItemConsumable_Destroyer,"Nova, The Destroyer"
/Game/Mods/Primal_Fear/Dinos/Elder/Evil_Reaper_Empress/SpawnItem/PrimalItemConsumable_ReaperEmpress_Boss.PrimalItemConsumable_ReaperEmpress_Boss,Boss Spawner
/Game/Mods/Primal_Fear/Dinos/Elder/Evil_Reaper_Empress/SpawnItem/PrimalItemConsumable_ReaperEmpress_Tame.PrimalItemConsumable_ReaperEmpress_Tame,Tameable Spawner
/Game/Mods/Primal_Fear/Dinos/Celestial/Emperor/SpawnItem/PrimalItemConsumable_CelestialEmperor_Tame.PrimalItemConsumable_CelestialEmperor_Tame,Tameable Spawner
/Game/Mods/Primal_Fear/Dinos/Celestial/Emperor/SpawnItem/PrimalItemConsumable_CelestialEmperor_Boss.PrimalItemConsumable_CelestialEmperor_Boss,Boss Spawner
/Game/Mods/Primal_Fear/Resources/Blood/ToxicBlood/PrimalItemConsumable_ToxicBlood.PrimalItemConsumable_ToxicBlood,Toxic Blood
/Game/Mods/Primal_Fear/Resources/Blood/AlphaBlood/PrimalItemConsumable_AlphaBlood.PrimalItemConsumable_AlphaBlood,Alpha Blood
/Game/Mods/Primal_Fear/Resources/Blood/ApexBlood/PrimalItemConsumable_ApexBlood.PrimalItemConsumable_ApexBlood,Apex Blood
/Game/Mods/Primal_Fear/Resources/Blood/FabledBlood/PrimalItemConsumable_FabledBlood.PrimalItemConsumable_FabledBlood,Fabled Blood
/Game/Mods/Primal_Fear/Resources/Blood/OmegaBlood/PrimalItemConsumable_OmegaBlood.PrimalItemConsumable_OmegaBlood,Omega Blood
/Game/Mods/Primal_Fear/Resources/Blood/PrimalBlood/PrimalItemConsumable_PrimalBlood.PrimalItemConsumable_PrimalBlood,Primal Blood
/Game/Mods/Primal_Fear/Resources/Blood/OriginBlood/PrimalItemConsumable_OriginBlood.PrimalItemConsumable_OriginBlood,Origin Blood
/Game/Mods/Primal_Fear/Weapons/Tranqs/Narcs/Enhanced/PrimalItemConsumable_PotentNarcotic.PrimalItemConsumable_PotentNarcotic,Potent Narcotic
/Game/Mods/Primal_Fear/Weapons/Tranqs/Narcs/Toxic/PrimalItemConsumable_ToxicNarcotic.PrimalItemConsumable_ToxicNarcotic,Toxic Narcotic
/Game/Mods/Primal_Fear/Weapons/Tranqs/Narcs/AlphaNarc/PrimalItemConsumable_AlphaNarcotic.PrimalItemConsumable_AlphaNarcotic,Alpha Narcotic
/Game/Mods/Primal_Fear/Weapons/Tranqs/Narcs/ApexNarc/PrimalItemConsumable_ApexNarcotic.PrimalItemConsumable_ApexNarcotic,Apex Narcotic
/Game/Mods/Primal_Fear/Weapons/Tranqs/Narcs/PrimalNarc/PrimalItemConsumable_PrimalNarcotic.PrimalItemConsumable_PrimalNarcotic,Primal Narcotic
/Game/Mods/Primal_Fear/Weapons/Tranqs/Narcs/OriginNarc/PrimalItemConsumable_OriginNarcotic.PrimalItemConsumable_OriginNarcotic,Origin Narcotic
/Game/Mods/Primal_Fear/Dinos/Fabled/Fabled_Unicorn/PrimalItemConsumable_FabledUnicornPoop.PrimalItemConsumable_FabledUnicornPoop,Fabled Unicorn Poop
/Game/Mods/Primal_Fear/Resources/Food/Kibbles/PrimalItemConsumable_Kibble_Toxic.PrimalItemConsumable_Kibble_Toxic,Toxic Kibble
/Game/Mods/Primal_Fear/Resources/Food/Kibbles/PrimalItemConsumable_Kibble_Alpha.PrimalItemConsumable_Kibble_Alpha,Alpha Kibble
/Game/Mods/Primal_Fear/Resources/Food/Kibbles/PrimalItemConsumable_Kibble_Apex.PrimalItemConsumable_Kibble_Apex,Apex Kibble
/Game/Mods/Primal_Fear/Resources/Food/Kibbles/PrimalItemConsumable_Kibble_Elemental.PrimalItemConsumable_Kibble_Elemental,Elemental Kibble
/Game/Mods/Primal_Fear/Resources/Food/Kibbles/PrimalItemConsumable_Kibble_Elemental_Advanced.PrimalItemConsumable_Kibble_Elemental_Advanced,Elemental Advanced
/Game/Mods/Primal_Fear/Resources/Food/Kibbles/PrimalItemConsumable_Kibble_Fabled.PrimalItemConsumable_Kibble_Fabled,Fabled Kibble
/Game/Mods/Primal_Fear/Resources/Food/Kibbles/PrimalItemConsumable_Kibble_Omega.PrimalItemConsumable_Kibble_Omega,Omega Kibble
/Game/Mods/Primal_Fear/Resources/Food/Kibbles/PrimalItemConsumable_Kibble_Celestial.PrimalItemConsumable_Kibble_Celestial,Celestial Kibble
/Game/Mods/Primal_Fear/Resources/Food/Kibbles/PrimalItemConsumable_Kibble_Demonic.PrimalItemConsumable_Kibble_Demonic,Demonic Kibble
/Game/Mods/Primal_Fear/Resources/Food/Kibbles/PrimalItemConsumable_Kibble_Special.PrimalItemConsumable_Kibble_Special,Special Kibble
/Game/Mods/Primal_Fear/Weapons/Tranqs/Narcs/PrimalStim/PrimalItemConsumable_PrimalStimulant.PrimalItemConsumable_PrimalStimulant,Primal Stimulant
/Game/Mods/Primal_Fear/Weapons/Taming_Helper/PrimalItemConsumable_TameHelperx5.PrimalItemConsumable_TameHelperx5,50x Taming Helper
/Game/Mods/Primal_Fear/Weapons/Taming_Helper/PrimalItemConsumable_TameHelperx10.PrimalItemConsumable_TameHelperx10,100x Taming Helper
/Game/Mods/Primal_Fear/Weapons/Taming_Helper/PrimalItemConsumable_TameHelperx20.PrimalItemConsumable_TameHelperx20,200x Taming Helper
/Game/Mods/Primal_Fear/Weapons/Taming_Helper/PrimalItemConsumable_TameHelperx50.PrimalItemConsumable_TameHelperx50,500x Taming Helper
"cheat GiveItem ""Blueprint'/Game/Mods/1289071814/Weapons/Potions/Suicide/PrimalItemConsumable_SuicidePotion.PrimalItemConsumable_SuicidePotion'"" 1 1 0",Suicide Potion
"cheat GiveItem ""Blueprint'/Game/Mods/1289071814/Weapons/Potions/Food/PrimalItemConsumable_Food.PrimalItemConsumable_Food'"" 1 1 0",Food Potion
/Game/Mods/Primal_Fear/Dinos/Origin/Origin_Argent/Items/PrimalItemCostume_OriginArgentavis.PrimalItemCostume_OriginArgentavis,Origin Argent
/Game/Mods/Primal_Fear/Dinos/Origin/Origin_Carno/Items/PrimalItemCostume_OriginCarno.PrimalItemCostume_OriginCarno,Origin Carno
/Game/Mods/Primal_Fear/Dinos/Origin/Origin_Direbear/Items/PrimalItemCostume_OriginDirebear.PrimalItemCostume_OriginDirebear,Origin Dire Bear
/Game/Mods/Primal_Fear/Dinos/Origin/Origin_Kairuku/Items/PrimalItemCostume_OriginKairuku.PrimalItemCostume_OriginKairuku,Origin Kairuku
/Game/Mods/Primal_Fear/Dinos/Origin/Origin_Raptor/Items/PrimalItemCostume_OriginRaptor.PrimalItemCostume_OriginRaptor,Origin Raptor
/Game/Mods/Primal_Fear/Dinos/Origin/Origin_Rex/Items/PrimalItemCostume_OriginRex.PrimalItemCostume_OriginRex,Origin Rex
/Game/Mods/Primal_Fear/Dinos/Origin/Origin_Spino/Items/PrimalItemCostume_OriginSpino.PrimalItemCostume_OriginSpino,Origin Spino
/Game/Mods/Primal_Fear/Dinos/Origin/Origin_Wyvern/Items/PrimalItemCostume_OriginWyvernCostume.PrimalItemCostume_OriginWyvernCostume,Origin Wyvern
/Game/Mods/Primal_Fear/Dinos/Primal/PrimalCostumes/Costumes/PrimalItemCostume_PrimalAllo.PrimalItemCostume_PrimalAllo,Primal Allo
/Game/Mods/Primal_Fear/Dinos/Primal/PrimalCostumes/Costumes/PrimalItemCostume_PrimalCarno.PrimalItemCostume_PrimalCarno,Primal Carno
/Game/Mods/Primal_Fear/Dinos/Primal/PrimalCostumes/Costumes/PrimalItemCostume_PrimalDirebear.PrimalItemCostume_PrimalDirebear,Primal Dire Bear
/Game/Mods/Primal_Fear/Dinos/Primal/PrimalCostumes/Costumes/PrimalItemCostume_PrimalGiga.PrimalItemCostume_PrimalGiga,Primal Giga
/Game/Mods/Primal_Fear/Dinos/Primal/PrimalCostumes/Costumes/PrimalItemCostume_PrimalKentro.PrimalItemCostume_PrimalKentro,Primal Kentro
/Game/Mods/Primal_Fear/Dinos/Primal/PrimalCostumes/Costumes/PrimalItemCostume_PrimalLiopleurodon.PrimalItemCostume_PrimalLiopleurodon,Primal Liopleurodon
/Game/Mods/Primal_Fear/Dinos/Primal/PrimalCostumes/Costumes/PrimalItemCostume_PrimalMegalodon.PrimalItemCostume_PrimalMegalodon,Primal Megalodon
/Game/Mods/Primal_Fear/Dinos/Primal/PrimalCostumes/Costumes/PrimalItemCostume_PrimalMosasaurus.PrimalItemCostume_PrimalMosasaurus,Primal Mosasaurus
/Game/Mods/Primal_Fear/Dinos/Primal/PrimalCostumes/Costumes/PrimalItemCostume_PrimalPlesiosaur.PrimalItemCostume_PrimalPlesiosaur,Primal Plesiosaur
/Game/Mods/Primal_Fear/Dinos/Primal/PrimalCostumes/Costumes/PrimalItemCostume_PrimalRaptor.PrimalItemCostume_PrimalRaptor,Primal Raptor
/Game/Mods/Primal_Fear/Dinos/Primal/PrimalCostumes/Costumes/PrimalItemCostume_PrimalRex.PrimalItemCostume_PrimalRex,Primal Rex
/Game/Mods/Primal_Fear/Dinos/Primal/PrimalCostumes/Costumes/PrimalItemCostume_PrimalSpino.PrimalItemCostume_PrimalSpino,Primal Spino
/Game/Mods/Primal_Fear/Dinos/Primal/PrimalCostumes/Costumes/PrimalItemCostume_PrimalThylacoleo.PrimalItemCostume_PrimalThylacoleo,Primal Thylacoleo
/Game/Mods/Primal_Fear/Weapons/Primal_CompBow/PrimalItem_WeaponPrimalCompoundBow.PrimalItem_WeaponPrimalCompoundBow,Primal Compound Bow
/Game/Mods/Primal_Fear/Weapons/Primal_Sniper/Gun/PrimalItem_WeaponPrimalMachinedSniper_Child.PrimalItem_WeaponPrimalMachinedSniper_Child,Primal Sniper Rifle
/Game/Mods/Primal_Fear/Weapons/Primal_Sniper/Melee/Pike/PrimalItem_WeaponPrimalPike.PrimalItem_WeaponPrimalPike,Primal Pike
/Game/Mods/Primal_Fear/Weapons/Primal_Sniper/Melee/Spear/PrimalItem_WeaponPrimalSpear.PrimalItem_WeaponPrimalSpear,Primal Spear
/Game/Mods/Primal_Fear/Weapons/Primal_Shotgun/PrimalItem_WeaponMachinedPrimalShotgun.PrimalItem_WeaponMachinedPrimalShotgun,Primal Shotgun
/Game/Mods/Primal_Fear/Weapons/Swords/Celestial/PrimalItem_WeaponValiantSword.PrimalItem_WeaponValiantSword,Celestial Sword
/Game/Mods/Primal_Fear/Weapons/Swords/Demonic/PrimalItem_WeaponOblivionSword.PrimalItem_WeaponOblivionSword,Demonic Sword
/Game/Mods/Primal_Fear/Weapons/ClubTorch/PrimalItem_WeaponCreatorClubTorch.PrimalItem_WeaponCreatorClubTorch,Creator Club Torch
/Game/Mods/Primal_Fear/Weapons/ClubTorch/Broken/PrimalItem_UnknownSubstance.PrimalItem_UnknownSubstance,Unknown Substance
/Game/Mods/Primal_Fear/Weapons/Primal_RocketLauncher/PrimalItem_WeaponPrimalRocketLauncher.PrimalItem_WeaponPrimalRocketLauncher,Primal Rocket Launcher
/Game/Mods/Primal_Fear/Weapons/Primal_RocketLauncher/Ammo/PrimalItemAmmo_PrimalRocket_Destroyer_Bomb.PrimalItemAmmo_PrimalRocket_Destroyer_Bomb,Rocket Bomb
/Game/Mods/Primal_Fear/Weapons/Primal_RocketLauncher/Ammo/PrimalItemAmmo_PrimalRocket_Destroyer_Cluster.PrimalItemAmmo_PrimalRocket_Destroyer_Cluster,Rocket Cluster
/Game/Mods/Primal_Fear/Weapons/Primal_RocketLauncher/Ammo/PrimalItemAmmo_PrimalRocket_Destroyer_Swarm.PrimalItemAmmo_PrimalRocket_Destroyer_Swarm,Rocket Swarm
/Game/Mods/Primal_Fear/Weapons/Potions/XP/Small/PrimalItemConsumable_smallXP.PrimalItemConsumable_smallXP,Small XP Potion
/Game/Mods/Primal_Fear/Weapons/Potions/XP/Medium/PrimalItemConsumable_mediumXP.PrimalItemConsumable_mediumXP,Medium XP Potion
/Game/Mods/Primal_Fear/Weapons/Potions/XP/Large/PrimalItemConsumable_largeXP.PrimalItemConsumable_largeXP,Large XP Potion
/Game/Mods/Primal_Fear/Weapons/Potions/XP/Max/PrimalItemConsumable_maxXP.PrimalItemConsumable_maxXP,Max XP Potion
/Game/Mods/Primal_Fear/Weapons/Primal_Shotgun/PrimalItemAmmo_PrimalShotgunBullet.PrimalItemAmmo_PrimalShotgunBullet,Primal Shotgun Round
/Game/Mods/Primal_Fear/Weapons/Potions/Health/Alpha/PrimalItemConsumable_AlphaHealth.PrimalItemConsumable_AlphaHealth,Alpha Health Potion
/Game/Mods/Primal_Fear/Weapons/Potions/Health/Apex/PrimalItemConsumable_ApexHealth.PrimalItemConsumable_ApexHealth,Apex Health Potion
/Game/Mods/Primal_Fear/Weapons/Potions/Health/Fabled/PrimalItemConsumable_FabledHealth.PrimalItemConsumable_FabledHealth,Fabled Health Potion
/Game/Mods/Primal_Fear/Weapons/Potions/Health/Primal/PrimalItemConsumable_PrimalHealth.PrimalItemConsumable_PrimalHealth,Primal Health Potion
/Game/Mods/Primal_Fear/Weapons/Potions/Health/Stew/PrimalItemConsumable_StewHealth.PrimalItemConsumable_StewHealth,Primitive Health Stew
/Game/Mods/Primal_Fear/Smithy/PrimalItemStructure_PrimalAnvilBench.PrimalItemStructure_PrimalAnvilBench,Primal Smithy
/Game/Mods/Primal_Fear/Forges/Stone/PrimalItemStructure_PrimalForge.PrimalItemStructure_PrimalForge,Primal Forge
/Game/Mods/Primal_Fear/Forges/Industrial/PrimalItemStructure_IndustrialPrimalForge.PrimalItemStructure_IndustrialPrimalForge,Primal Industrial Forge
/Game/Mods/Primal_Fear/Dinos/Tek/TekBench/PrimalItemStructure_PrimalTekBench.PrimalItemStructure_PrimalTekBench,Primal Tek Bench
/Game/Mods/Primal_Fear_EX/Structures/PrimalItemStructure_PrimalExtinctionTable.PrimalItemStructure_PrimalExtinctionTable,Primal Extinction Table
/Game/Mods/Primal_Fear/Weapons/TekShield/PrimalItemStructure_PrimalTekShield.PrimalItemStructure_PrimalTekShield,Primal Tek Shield
/Game/Mods/Primal_Fear/Weapons/Turrets/Primal/PrimalItemStructure_PrimalTurret.PrimalItemStructure_PrimalTurret,Primal Turret
/Game/Mods/Primal_Fear/Weapons/Turrets/Tek/PrimalItemStructure_PrimalTurretTek.PrimalItemStructure_PrimalTurretTek,Primal Tek Turret
/Game/Mods/Primal_Fear/Dinos/Pirate/RockGolem/Spawner/PrimalItemConsumable_CallToPort.PrimalItemConsumable_CallToPort,Summoner
/Game/Mods/Primal_Fear/Armor/Creator_Tek_Armor/Element/PrimalItemResource_PFElement.PrimalItemResource_PFElement,PF Element
/Game/Mods/Primal_Fear/Dinos/Chaos/Guardians/Chaos/Spawners/PrimalItemConsumable_ChaosGuardian.PrimalItemConsumable_ChaosGuardian,Chaos
/Game/Mods/Primal_Fear/Dinos/Chaos/Guardians/Spirit/Spawners/PrimalItemConsumable_SpiritGuardian.PrimalItemConsumable_SpiritGuardian,Spirit
/Game/Mods/Primal_Fear/Resources/Food/Chaos/PrimalItemConsumable_ChaosOrb.PrimalItemConsumable_ChaosOrb,Chaos Orb
/Game/Mods/Primal_Fear/Resources/Food/Spirit/PrimalItemConsumable_SpiritOrb.PrimalItemConsumable_SpiritOrb,Spirit Orb
/Game/Mods/Primal_Fear/Resources/Souls/Celestial/PrimalItemResource_CelestialSoul.PrimalItemResource_CelestialSoul,Celestial
/Game/Mods/Primal_Fear/Resources/Souls/Creator/PrimalItemResource_CreatorSoul.PrimalItemResource_CreatorSoul,Creator
/Game/Mods/Primal_Fear/Resources/Souls/Demonic/PrimalItemResource_DemonicSoul.PrimalItemResource_DemonicSoul,Demonic
/Game/Mods/Primal_Fear/Resources/Souls/Origin/PrimalItemResource_OriginSoul.PrimalItemResource_OriginSoul,Origin
/Game/Mods/Primal_Fear/Resources/Souls/Celestial/PrimalItemResource_Emp_CelestialSoul.PrimalItemResource_Emp_CelestialSoul,Celestial Emperor
/Game/Mods/Primal_Fear/Resources/Souls/Demonic/PrimalItemResource_Emp_DemonicSoul.PrimalItemResource_Emp_DemonicSoul,Reaper Empress
/Game/Mods/Primal_Fear/Resources/Souls/Primal/PrimalItemResource_PrimalSoul.PrimalItemResource_PrimalSoul,Primal
/Game/Mods/Primal_Fear/Resources/Souls/Destroyer/PrimalItemResource_DestroyerSoul.PrimalItemResource_DestroyerSoul,Destroyer
/Game/Mods/Primal_Fear/Resources/Pheromones/PrimalItemConsumable_ReaperKingPheromones.PrimalItemConsumable_ReaperKingPheromones,Pheromone
/Game/Mods/Primal_Fear/Resources/Food/ReaperQueenFood/PrimalItemConsumable_ReaperQueenCrystal.PrimalItemConsumable_ReaperQueenCrystal,Taming Crystal
/Game/Mods/Primal_Fear/Resources/Food/ReakerKingFood/PrimalItemConsumable_ReaperKingFood.PrimalItemConsumable_ReaperKingFood,Reaper King Stew
/Game/Mods/Primal_Fear/Resources/AscensionItem/PrimalItemResource_CelestialAscensionItem.PrimalItemResource_CelestialAscensionItem,Ascension Item
/Game/Mods/Primal_Fear/Resources/CorruptedSpore/PrimalItemResource_CorruptedSporeCluster.PrimalItemResource_CorruptedSporeCluster,Corrupted Spore
/Game/Mods/Primal_Fear/Dinos/Tek/Crafting_Items/Blueprints/PrimalItemResource_Hydraulics.PrimalItemResource_Hydraulics,Hydraulics
/Game/Mods/Primal_Fear/Dinos/Tek/Crafting_Items/Blueprints/PrimalItemResource_Lubricant.PrimalItemResource_Lubricant,Lubricant
/Game/Mods/Primal_Fear/Dinos/Tek/Crafting_Items/Blueprints/PrimalItemResource_MetalHeart.PrimalItemResource_MetalHeart,Metal Heart
/Game/Mods/Primal_Fear/Dinos/Tek/Crafting_Items/Blueprints/PrimalItemResource_Rubber.PrimalItemResource_Rubber,Rubber
/Game/Mods/Primal_Fear/Dinos/Tek/Crafting_Items/Blueprints/PrimalItemResource_Servo.PrimalItemResource_Servo,Servo
/Game/Mods/Primal_Fear/Dinos/Tek/Modules/Items/PrimalItemResource_AutoRepairModule.PrimalItemResource_AutoRepairModule,Auto Repair
/Game/Mods/Primal_Fear/Dinos/Tek/Modules/Items/PrimalItemResource_DefenseModule.PrimalItemResource_DefenseModule,Defense
/Game/Mods/Primal_Fear/Dinos/Tek/Modules/Items/PrimalItemResource_FeatherFallModule.PrimalItemResource_FeatherFallModule,Feather Fall
/Game/Mods/Primal_Fear/Dinos/Tek/Modules/Items/PrimalItemResource_ForceFieldModule.PrimalItemResource_ForceFieldModule,Force Field
/Game/Mods/Primal_Fear/Dinos/Tek/Modules/Items/PrimalItemResource_HealthModule.PrimalItemResource_HealthModule,Health
/Game/Mods/Primal_Fear/Dinos/Tek/Modules/Items/PrimalItemResource_MeleeIncreaseModule.PrimalItemResource_MeleeIncreaseModule,Melee
/Game/Mods/Primal_Fear/Dinos/Tek/Modules/Items/PrimalItemResource_SpeedIncreaseModule.PrimalItemResource_SpeedIncreaseModule,Speed
/Game/Mods/Primal_Fear/Dinos/Tek/Modules/Items/PrimalItemResource_WeightModule.PrimalItemResource_WeightModule,Weight
/Game/Mods/Primal_Fear/Dinos/Colossus/SpawnItems/Blueprints/PrimalItemConsumable_CausticColossus.PrimalItemConsumable_CausticColossus,Caustic
/Game/Mods/Primal_Fear/Dinos/Colossus/SpawnItems/Blueprints/PrimalItemConsumable_CreatorColossus.PrimalItemConsumable_CreatorColossus,Pikkon's Revenge
/Game/Mods/Primal_Fear/Dinos/Colossus/SpawnItems/Blueprints/PrimalItemConsumable_ElectricColossus.PrimalItemConsumable_ElectricColossus,Electric
/Game/Mods/Primal_Fear/Dinos/Colossus/SpawnItems/Blueprints/PrimalItemConsumable_FireColossus.PrimalItemConsumable_FireColossus,Fire
/Game/Mods/Primal_Fear/Dinos/Colossus/SpawnItems/Blueprints/PrimalItemConsumable_IceColossus.PrimalItemConsumable_IceColossus,Ice
/Game/Mods/Primal_Fear/Dinos/Colossus/Loot/Medallions/Blueprints/PrimalItemResource_Caustic_Medallion.PrimalItemResource_Caustic_Medallion,Caustic
/Game/Mods/Primal_Fear/Dinos/Colossus/Loot/Medallions/Blueprints/PrimalItemResource_Electric_Medallion.PrimalItemResource_Electric_Medallion,Electric
/Game/Mods/Primal_Fear/Dinos/Colossus/Loot/Medallions/Blueprints/PrimalItemResource_Fire_Medallion.PrimalItemResource_Fire_Medallion,Fire
/Game/Mods/Primal_Fear/Dinos/Colossus/Loot/Medallions/Blueprints/PrimalItemResource_Ice_Medallion.PrimalItemResource_Ice_Medallion,Ice
/Game/Mods/Primal_Fear/Weapons/Primal_RocketLauncher/Ammo/PrimalItemAmmo_PrimalRocket.PrimalItemAmmo_PrimalRocket,Primal Rocket
/Game/Mods/Primal_Fear/Weapons/Primal_RocketLauncher/Ammo/PrimalItemAmmo_PrimalRocket_Caustic.PrimalItemAmmo_PrimalRocket_Caustic,Caustic
/Game/Mods/Primal_Fear/Weapons/Primal_RocketLauncher/Ammo/PrimalItemAmmo_PrimalRocket_Electric.PrimalItemAmmo_PrimalRocket_Electric,Electric
/Game/Mods/Primal_Fear/Weapons/Primal_RocketLauncher/Ammo/PrimalItemAmmo_PrimalRocket_Fire.PrimalItemAmmo_PrimalRocket_Fire,Fire
/Game/Mods/Primal_Fear/Weapons/Primal_RocketLauncher/Ammo/PrimalItemAmmo_PrimalRocket_Ice.PrimalItemAmmo_PrimalRocket_Ice,Ice
/Game/Mods/Primal_Fear/Resources/Hide/PrimalItemResource_Hide_Toxic.PrimalItemResource_Hide_Toxic,Toxic Hide
/Game/Mods/Primal_Fear/Resources/Hide/PrimalItemResource_Hide_Alpha.PrimalItemResource_Hide_Alpha,Alpha Hide
/Game/Mods/Primal_Fear/Resources/Hide/PrimalItemResource_Hide_Apex.PrimalItemResource_Hide_Apex,Apex Hide
/Game/Mods/Primal_Fear/Resources/Hide/PrimalItemResource_Hide_Elemental.PrimalItemResource_Hide_Elemental,Elemental Hide
/Game/Mods/Primal_Fear/Resources/Hide/PrimalItemResource_Hide_Fabled.PrimalItemResource_Hide_Fabled,Fabled Hide
/Game/Mods/Primal_Fear/Resources/Hide/PrimalItemResource_Hide_Omega.PrimalItemResource_Hide_Omega,Omega Hide
/Game/Mods/Primal_Fear/Resources/Hide/PrimalItemResource_Hide_Demonic.PrimalItemResource_Hide_Demonic,Demonic Hide
/Game/Mods/Primal_Fear/Resources/Hide/PrimalItemResource_Hide_Celestial.PrimalItemResource_Hide_Celestial,Celestial Hide
/Game/Mods/Primal_Fear/Resources/Hide/PrimalItemResource_Hide_Primal.PrimalItemResource_Hide_Primal,Primal Hide
/Game/Mods/Primal_Fear/Resources/Hide/PrimalItemResource_Hide_Origin.PrimalItemResource_Hide_Origin,Origin Hide
/Game/Mods/Primal_Fear/Resources/Eggs/PrimalItemConsumable_Egg_Toxic.PrimalItemConsumable_Egg_Toxic,Toxic Unfert Egg
/Game/Mods/Primal_Fear/Resources/Eggs/PrimalItemConsumable_Egg_Alpha.PrimalItemConsumable_Egg_Alpha,Alpha Unfert Egg
/Game/Mods/Primal_Fear/Resources/Eggs/PrimalItemConsumable_Egg_Apex.PrimalItemConsumable_Egg_Apex,Apex Unfert Egg
/Game/Mods/Primal_Fear/Resources/Eggs/PrimalItemConsumable_Egg_Elemental.PrimalItemConsumable_Egg_Elemental,Elemental Unfert Egg
/Game/Mods/Primal_Fear/Resources/Eggs/PrimalItemConsumable_Egg_Fabled.PrimalItemConsumable_Egg_Fabled,Fabled Unfert Egg
/Game/Mods/Primal_Fear/Resources/Eggs/PrimalItemConsumable_Egg_Demonic.PrimalItemConsumable_Egg_Demonic,Demonic Unfert Egg
/Game/Mods/Primal_Fear/Resources/Eggs/PrimalItemConsumable_Egg_Celestial.PrimalItemConsumable_Egg_Celestial,Celestial Unfert Egg
/Game/Mods/Primal_Fear/Resources/Eggs/PrimalItemConsumable_Egg_Omega.PrimalItemConsumable_Egg_Omega,Omega Unfert Egg
/Game/Mods/Primal_Fear/Armor/Origin_Armor/Broken/PrimalItemResource_BrokenOriginArmorPieces.PrimalItemResource_BrokenOriginArmorPieces,Broken Origin Pieces
