Blueprint'/Game/PrimalEarth/Dinos/Achatina/Achatina_Character_BP.Achatina_Character_BP',Achatina
Blueprint'/Game/PrimalEarth/Dinos/Allosaurus/Allo_Character_BP.Allo_Character_BP',Allosaurus
Blueprint'/Game/PrimalEarth/Dinos/Carno/MegaCarno_Character_BP.MegaCarno_Character_BP',Alpha Carno
Blueprint'/Game/PrimalEarth/Dinos/Leedsichthys/Alpha_Leedsichthys_Character_BP.Alpha_Leedsichthys_Character_BP',Alpha Leedsichthys
Blueprint'/Game/PrimalEarth/Dinos/Megalodon/MEgaMegalodon_Character_BP.MegaMegalodon_Character_BP',Alpha Megalodon
Blueprint'/Game/PrimalEarth/Dinos/Mosasaurus/Mosa_Character_BP_Mega.Mosa_Character_BP_Mega',Alpha Mosasaur
Blueprint'/Game/PrimalEarth/Dinos/Raptor/MegaRaptor_Character_BP.MegaRaptor_Character_BP',Alpha Raptor
Blueprint'/Game/PrimalEarth/Dinos/Rex/MegaRex_Character_BP.MegaRex_Character_BP',Alpha T-Rex
Blueprint'/Game/PrimalEarth/Dinos/Tusoteuthis/Mega_Tusoteuthis_Character_BP.Mega_Tusoteuthis_Character_BP',Alpha Tusoteuthis
Blueprint'/Game/PrimalEarth/Dinos/Ammonite/Ammonite_Character.Ammonite_Character',Ammonite
Blueprint'/Game/PrimalEarth/Dinos/Anglerfish/Angler_Character_BP.Angler_Character_BP',Anglerfish
Blueprint'/Game/PrimalEarth/Dinos/Ankylo/Ankylo_Character_BP.Ankylo_Character_BP',Ankylosaurus
Blueprint'/Game/PrimalEarth/Dinos/Spider-Small/SpiderS_Character_BP.SpiderS_Character_BP',Araneo
Blueprint'/Game/PrimalEarth/Dinos/Archaeopteryx/Archa_Character_BP.Archa_Character_BP',Archaeopteryx
Blueprint'/Game/PrimalEarth/Dinos/Argentavis/Argent_Character_BP.Argent_Character_BP',Argentavis
Blueprint'/Game/PrimalEarth/Dinos/Arthropluera/Arthro_Character_BP.Arthro_Character_BP',Arthropluera
Blueprint'/Game/PrimalEarth/Dinos/Baryonyx/Baryonyx_Character_BP.Baryonyx_Character_BP',Baryonyx
Blueprint'/Game/PrimalEarth/Dinos/Basilosaurus/Basilosaurus_Character_BP.Basilosaurus_Character_BP',Basilosaurus
Blueprint'/Game/PrimalEarth/Dinos/Toad/Toad_Character_BP.Toad_Character_BP',Beelzebufo
Blueprint'/Game/PrimalEarth/Dinos/Dodo/Dodo_Character_BP_Bunny.Dodo_Character_BP_Bunny',Bunny Dodo
Blueprint'/Game/PrimalEarth/Dinos/Oviraptor/BunnyOviraptor_Character_BP.BunnyOviraptor_Character_BP',Bunny Oviraptor
Blueprint'/Game/PrimalEarth/Dinos/Sauropod/Sauropod_Character_BP.Sauropod_Character_BP',Brontosaurus
Blueprint'/Game/PrimalEarth/Dinos/Chalicotherium/Chalico_Character_BP.Chalico_Character_BP',Chalicotherium
Blueprint'/Game/PrimalEarth/Dinos/Turtle/Turtle_Character_BP.Turtle_Character_BP',Carbonemys
Blueprint'/Game/PrimalEarth/Dinos/Carno/Carno_Character_BP.Carno_Character_BP',Carnotaurus
Blueprint'/Game/PrimalEarth/Dinos/Beaver/Beaver_Character_BP.Beaver_Character_BP',Castoroides
Blueprint'/Game/PrimalEarth/Dinos/Cnidaria/Cnidaria_Character_BP.Cnidaria_Character_BP',Cnidaria
Blueprint'/Game/PrimalEarth/Dinos/Coelacanth/Coel_Character_BP.Coel_Character_BP',Coelacanth
Blueprint'/Game/PrimalEarth/Dinos/Compy/Compy_Character_BP.Compy_Character_BP',Compy
Blueprint'/Game/PrimalEarth/Dinos/Daeodon/Daeodon_Character_BP.Daeodon_Character_BP',Daeodon
Blueprint'/Game/ScorchedEarth/Dinos/DeathWorm/DeathWorm_Character_BP.DeathWorm_Character_BP',Deathworm
Blueprint'/Game/PrimalEarth/Dinos/Dilo/Dilo_Character_BP.Dilo_Character_BP',Dilophosaur
Blueprint'/Game/PrimalEarth/Dinos/Dimetrodon/Dimetro_Character_BP.Dimetro_Character_BP',Dimetrodon
Blueprint'/Game/PrimalEarth/Dinos/Dimorphodon/Dimorph_Character_BP.Dimorph_Character_BP',Dimorphodon
Blueprint'/Game/PrimalEarth/Dinos/Diplocaulus/Diplocaulus_Character_BP.Diplocaulus_Character_BP',Diplocaulus
Blueprint'/Game/PrimalEarth/Dinos/Diplodocus/Diplodocus_Character_BP.Diplodocus_Character_BP',Diplodocus
Blueprint'/Game/PrimalEarth/Dinos/Direbear/Direbear_Character_BP.Direbear_Character_BP',Dire Bear
Blueprint'/Game/PrimalEarth/Dinos/Direwolf/Direwolf_Character_BP.Direwolf_Character_BP',Direwolf
Blueprint'/Game/PrimalEarth/Dinos/Direwolf/Ghost_Direwolf_Character_BP.Ghost_Direwolf_Character_BP',Direwolf Ghost
Blueprint'/Game/PrimalEarth/Dinos/Dodo/Dodo_Character_BP.Dodo_Character_BP',Dodo
Blueprint'/Game/PrimalEarth/Dinos/DodoRex/DodoRex_Character_BP.DodoRex_Character_BP',DodoRex
Blueprint'/Game/PrimalEarth/Dinos/Doedicurus/Doed_Character_BP.Doed_Character_BP',Doedicurus
Blueprint'/Game/PrimalEarth/Dinos/DungBeetle/DungBeetle_Character_BP.DungBeetle_Character_BP',Dung Beetle
Blueprint'/Game/PrimalEarth/Dinos/Dunkleosteus/Dunkle_Character_BP.Dunkle_Character_BP',Dunkleosteus
Blueprint'/Game/PrimalEarth/Dinos/Eel/Eel_Character_BP.Eel_Character_BP',Electrophorus
Blueprint'/Game/PrimalEarth/Dinos/Equus/Equus_Character_BP.Equus_Character_BP',Equus
Blueprint'/Game/PrimalEarth/Dinos/Equus/Equus_Character_BP_Unicorn.Equus_Character_BP_Unicorn',Unicorn
Blueprint'/Game/PrimalEarth/Dinos/Eurypterid/Euryp_Character.Euryp_Character',Eurypterid
Blueprint'/Game/PrimalEarth/Dinos/Gallimimus/Galli_Character_BP.Galli_Character_BP',Gallimimus
Blueprint'/Game/PrimalEarth/Dinos/Bee/Bee_Character_BP.Bee_Character_BP',Giant Bee
Blueprint'/Game/PrimalEarth/Dinos/Giganotosaurus/Gigant_Character_BP.Gigant_Character_BP',Giganotosaurus
Blueprint'/Game/PrimalEarth/Dinos/Bigfoot/Bigfoot_Character_BP.Bigfoot_Character_BP',Gigantopithecus
Blueprint'/Game/PrimalEarth/Dinos/Hesperornis/Hesperornis_Character_BP.Hesperornis_Character_BP',Hesperornis
Blueprint'/Game/PrimalEarth/CoreBlueprints/PlayerPawnTest_Male.PlayerPawnTest_Male',Human (Male)
Blueprint'/Game/PrimalEarth/CoreBlueprints/PlayerPawnTest_Female.PlayerPawnTest_Female',Human (Female)
Blueprint'/Game/PrimalEarth/Dinos/Hyaenodon/Hyaenodon_Character_BP.Hyaenodon_Character_BP',Hyaenodon
Blueprint'/Game/PrimalEarth/Dinos/Ichthyornis/Ichthyornis_Character_BP.Ichthyornis_Character_BP',Ichthyornis
Blueprint'/Game/PrimalEarth/Dinos/Dolphin/Dolphin_Character_BP.Dolphin_Character_BP',Ichthyosaurus
Blueprint'/Game/PrimalEarth/Dinos/Iguanodon/Iguanodon_Character_BP.Iguanodon_Character_BP',Iguanodon
Blueprint'/Game/PrimalEarth/Dinos/Kairuku/Kairuku_Character_BP.Kairuku_Character_BP',Kairuku
Blueprint'/Game/PrimalEarth/Dinos/Kaprosuchus/Kaprosuchus_Character_BP.Kaprosuchus_Character_BP',Kaprosuchus
Blueprint'/Game/PrimalEarth/Dinos/Kentrosaurus/Kentro_Character_BP.Kentro_Character_BP',Kentrosaurus
Blueprint'/Game/PrimalEarth/Dinos/Leech/Leech_Character.Leech_Character',Leech
Blueprint'/Game/PrimalEarth/Dinos/Leech/Leech_Character_Diseased.Leech_Character_Diseased',Diseased Leech
Blueprint'/Game/PrimalEarth/Dinos/Leedsichthys/Leedsichthys_Character_BP.Leedsichthys_Character_BP',Leedsichthys
Blueprint'/Game/PrimalEarth/Dinos/Liopleurodon/Liopleurodon_Character_BP.Liopleurodon_Character_BP',Liopleurodon
Blueprint'/Game/PrimalEarth/Dinos/Lystrosaurus/Lystro_Character_BP.Lystro_Character_BP',Lystrosaurus
Blueprint'/Game/PrimalEarth/Dinos/Mammoth/Mammoth_Character_BP.Mammoth_Character_BP',Mammoth
Blueprint'/Game/PrimalEarth/Dinos/Manta/Manta_Character_BP.Manta_Character_BP',Manta
Blueprint'/Game/PrimalEarth/Dinos/Megalania/Megalania_Character_BP.Megalania_Character_BP',Megalania
Blueprint'/Game/PrimalEarth/Dinos/Stag/Stag_Character_BP.Stag_Character_BP',Megaloceros
Blueprint'/Game/PrimalEarth/Dinos/Megalodon/Megalodon_Character_BP.Megalodon_Character_BP',Megalodon
Blueprint'/Game/PrimalEarth/Dinos/Megalosaurus/Megalosaurus_Character_BP.Megalosaurus_Character_BP',Megalosaurus
Blueprint'/Game/PrimalEarth/Dinos/Dragonfly/Dragonfly_Character_BP.Dragonfly_Character_BP',Meganeura
Blueprint'/Game/PrimalEarth/Dinos/Megatherium/Megatherium_Character_BP.Megatherium_Character_BP',Megatherium
Blueprint'/Game/PrimalEarth/Dinos/Monkey/Monkey_Character_BP.Monkey_Character_BP',Mesopithecus
Blueprint'/Game/PrimalEarth/Dinos/Microraptor/Microraptor_Character_BP.Microraptor_Character_BP',Microraptor
Blueprint'/Game/PrimalEarth/Dinos/Mosasaurus/Mosa_Character_BP.Mosa_Character_BP',Mosasaurus
Blueprint'/Game/PrimalEarth/Dinos/Moschops/Moschops_Character_BP.Moschops_Character_BP',Moschops
Blueprint'/Game/PrimalEarth/Dinos/Bat/Bat_Character_BP.Bat_Character_BP',Onychonycteris
Blueprint'/Game/PrimalEarth/Dinos/Otter/Otter_Character_BP.Otter_Character_BP',Otter
Blueprint'/Game/PrimalEarth/Dinos/Oviraptor/Oviraptor_Character_BP.Oviraptor_Character_BP',Oviraptor
Blueprint'/Game/PrimalEarth/Dinos/Sheep/Sheep_Character_BP.Sheep_Character_BP',Ovis
Blueprint'/Game/PrimalEarth/Dinos/Pachy/Pachy_Character_BP.Pachy_Character_BP',Pachy
Blueprint'/Game/PrimalEarth/Dinos/Pachyrhinosaurus/Pachyrhino_Character_BP.Pachyrhino_Character_BP',Pachyrhinosaurus
Blueprint'/Game/PrimalEarth/Dinos/Paraceratherium/Paracer_Character_BP.Paracer_Character_BP',Paraceratherium
Blueprint'/Game/PrimalEarth/Dinos/Para/Para_Character_BP.Para_Character_BP',Parasaurolophus
Blueprint'/Game/PrimalEarth/Dinos/Pegomastax/Pegomastax_Character_BP.Pegomastax_Character_BP',Pegomastax
Blueprint'/Game/PrimalEarth/Dinos/Pelagornis/Pela_Character_BP.Pela_Character_BP',Pelagornis
Blueprint'/Game/PrimalEarth/Dinos/Phiomia/Phiomia_Character_BP.Phiomia_Character_BP',Phiomia
Blueprint'/Game/ScorchedEarth/Dinos/Phoenix/Phoenix_Character_BP.Phoenix_Character_BP',Phoenix
Blueprint'/Game/PrimalEarth/Dinos/Piranha/Piranha_Character_BP.Piranha_Character_BP',Piranha
Blueprint'/Game/PrimalEarth/Dinos/Plesiosaur/Plesiosaur_Character_BP.Plesiosaur_Character_BP',Plesiosaur
Blueprint'/Game/PrimalEarth/Dinos/Procoptodon/Procoptodon_Character_BP.Procoptodon_Character_BP',Procoptodon
Blueprint'/Game/PrimalEarth/Dinos/Ptero/Ptero_Character_BP.Ptero_Character_BP',Pteranodon
Blueprint'/Game/PrimalEarth/Dinos/Scorpion/Scorpion_Character_BP.Scorpion_Character_BP',Pulmonoscorpius
Blueprint'/Game/PrimalEarth/Dinos/Purlovia/Purlovia_Character_BP.Purlovia_Character_BP',Purlovia
Blueprint'/Game/PrimalEarth/Dinos/Quetzalcoatlus/Quetz_Character_BP.Quetz_Character_BP',Quetzalcoatlus
Blueprint'/Game/PrimalEarth/Dinos/Raptor/Raptor_Character_BP.Raptor_Character_BP',Raptor
Blueprint'/Game/PrimalEarth/Dinos/Rex/Rex_Character_BP.Rex_Character_BP',Rex
Blueprint'/Game/PrimalEarth/Dinos/Rex/Ghost_Rex_Character_BP.Ghost_Rex_Character_BP',Rex Ghost
Blueprint'/Game/PrimalEarth/Dinos/Saber/Saber_Character_BP.Saber_Character_BP',Sabertooth
Blueprint'/Game/PrimalEarth/Dinos/Salmon/Salmon_Character_BP.Salmon_Character_BP',Sabertooth Salmon
Blueprint'/Game/PrimalEarth/Dinos/Sarco/Sarco_Character_BP.Sarco_Character_BP',Sarco
Blueprint'/Game/PrimalEarth/Dinos/Sauropod/Bone_Sauropod_Character_BP.Bone_Sauropod_Character_BP',Skeletal Bronto
Blueprint'/Game/PrimalEarth/Dinos/Carno/Bone_MegaCarno_Character_BP.Bone_MegaCarno_Character_B',Skeletal Carnotaurus
Blueprint'/Game/PrimalEarth/Dinos/Giganotosaurus/Bone_Gigant_Character_BP.Bone_Gigant_Character_BP',Skeletal Giganotosaurus
Blueprint'/Game/PrimalEarth/Dinos/Quetzalcoatlus/Bone_Quetz_Character_BP.Bone_Quetz_Character_BP',Skeletal Quetzal
Blueprint'/Game/PrimalEarth/Dinos/Raptor/Bone_MegaRaptor_Character_BP.Bone_MegaRaptor_Character_BP',Skeletal Raptor
Blueprint'/Game/PrimalEarth/Dinos/Rex/Bone_MegaRex_Character_BP.Bone_MegaRex_Character_BP',Skeletal Rex
Blueprint'/Game/PrimalEarth/Dinos/Stego/Bone_Stego_Character_BP',Skeletal Stego
Blueprint'/Game/PrimalEarth/Dinos/Trike/Bone_Trike_Character_BP',Skeletal Trike
Blueprint'/Game/PrimalEarth/Dinos/Spino/Spino_Character_BP.Spino_Character_BP',Spino
Blueprint'/Game/PrimalEarth/Dinos/Stego/Stego_Character_BP.Stego_Character_BP',Stegosaurus
Blueprint'/Game/PrimalEarth/Dinos/Tapejara/Tapejara_Character_BP.Tapejara_Character_BP',Tapejara
Blueprint'/Game/PrimalEarth/Dinos/Para/BionicPara_Character_BP.BionicPara_Character_BP',Tek Parasaur
Blueprint'/Game/PrimalEarth/Dinos/Quetzalcoatlus/BionicQuetz_Character_BP.BionicQuetz_Character_BP',Tek Quetzal
Blueprint'/Game/PrimalEarth/Dinos/Raptor/BionicRaptor_Character_BP.BionicRaptor_Character_BP',Tek Raptor
Blueprint'/Game/PrimalEarth/Dinos/Rex/BionicRex_Character_BP.BionicRex_Character_BP',Tek Rex
Blueprint'/Game/PrimalEarth/Dinos/Stego/BionicStego_Character_BP.BionicStego_Character_BP',Tek Stegosaurus
Blueprint'/Game/PrimalEarth/Dinos/TerrorBird/TerrorBird_Character_BP.TerrorBird_Character_BP',Terror Bird
Blueprint'/Game/PrimalEarth/Dinos/Therizinosaurus/Therizino_Character_BP.Therizino_Character_BP',Therizinosaur
Blueprint'/Game/PrimalEarth/Dinos/Thylacoleo/Thylacoleo_Character_BP.Thylacoleo_Character_BP',Thylacoleo
Blueprint'/Game/PrimalEarth/Dinos/BoaFrill/BoaFrill_Character_BP.BoaFrill_Character_BP',Titanoboa
Blueprint'/Game/PrimalEarth/Dinos/Ant/Ant_Character_BP.Ant_Character_BP',Titanomyrma
Blueprint'/Game/PrimalEarth/Dinos/Ant/FlyingAnt_Character_BP.FlyingAnt_Character_BP',Titanomyrma
Blueprint'/Game/PrimalEarth/Dinos/titanosaur/Titanosaur_Character_BP.Titanosaur_Character_BP',Titanosaur
Blueprint'/Game/PrimalEarth/Dinos/Trike/Trike_Character_BP.Trike_Character_BP',Triceratops
Blueprint'/Game/PrimalEarth/Dinos/Trilobite/Trilobite_Character.Trilobite_Character',Trilobite
Blueprint'/Game/PrimalEarth/Dinos/Troodon/Troodon_Character_BP.Troodon_Character_BP',Troodon
Blueprint'/Game/PrimalEarth/Dinos/Dodo/TurkeyBase_Character_BP.TurkeyBase_Character_BP',Turkey
Blueprint'/Game/PrimalEarth/Dinos/Dodo/Turkey_Character_BP.Turkey_Character_BP',Super Turkey
Blueprint'/Game/PrimalEarth/Dinos/Tusoteuthis/Tusoteuthis_Character_BP.Tusoteuthis_Character_BP',Tusoteuthis
Blueprint'/Game/PrimalEarth/Dinos/WoollyRhino/Rhino_Character_BP.Rhino_Character_BP',Woolly Rhino
Blueprint'/Game/PrimalEarth/Dinos/Bigfoot/Yeti_Character_BP.Yeti_Character_BP',Yeti
Blueprint'/Game/PrimalEarth/Dinos/Yutyrannus/Yutyrannus_Character_BP.Yutyrannus_Character_BP',Yutyrannus
Blueprint'/Game/PrimalEarth/Dinos/Dodo/ZombieDodo_Character_BP.ZombieDodo_Character_BP',Zomdodo
Blueprint'/Game/ScorchedEarth/Dinos/Wyvern/MegaWyvern_Character_BP_Fire.MegaWyvern_Character_BP_Fire',Alpha Fire Wyvern
Blueprint'/Game/ScorchedEarth/Dinos/Deathworm/MegaDeathworm_Character_BP.MegaDeathworm_Character_BP',Alpha Deathworm
Blueprint'/Game/ScorchedEarth/Dinos/DodoWyvern/DodoWyvern_Character_BP.DodoWyvern_Character_BP',Dodo Wyvern
Blueprint'/Game/ScorchedEarth/Dinos/Jerboa/Jerboa_Character_BP.Jerboa_Character_BP',Jerboa
Blueprint'/Game/ScorchedEarth/Dinos/Jerboa/Bone_Jerboa_Character_BP.Bone_Jerboa_Character_BP',Skeletal Jerboa
Blueprint'/Game/ScorchedEarth/Dinos/Jugbug/JugBug_Character_BaseBP.JugBug_Character_BaseBP',Jug Bug
Blueprint'/Game/ScorchedEarth/Dinos/Jugbug/Jugbug_Oil_Character_BP.Jugbug_Oil_Character_BP',Oil Jug Bug
Blueprint'/Game/ScorchedEarth/Dinos/Jugbug/Jugbug_Water_Character_BP.Jugbug_Water_Character_BP',Water Jug Bug
Blueprint'/Game/ScorchedEarth/Dinos/Moth/Moth_Character_BP.Moth_Character_BP',Lymantria
Blueprint'/Game/ScorchedEarth/Dinos/Mantis/Mantis_Character_BP.Mantis_Character_BP',Mantis
Blueprint'/Game/ScorchedEarth/Dinos/Mantis/Ghost_Mantis_Character_BP.Ghost_Mantis_Character_BP',Mantis Ghost
Blueprint'/Game/ScorchedEarth/Dinos/Camelsaurus/camelsaurus_Character_BP.camelsaurus_Character_BP',Morellatops
Blueprint'/Game/ScorchedEarth/Dinos/RockGolem/RockGolem_Character_BP.RockGolem_Character_BP',Rock Elemental
Blueprint'/Game/ScorchedEarth/Dinos/RockGolem/RubbleGolem_Character_BP.RubbleGolem_Character_BP',Rubble Golem
Blueprint'/Game/ScorchedEarth/Dinos/SpineyLizard/SpineyLizard_Character_BP.SpineyLizard_Character_BP',Thorny Dragon
Blueprint'/Game/ScorchedEarth/Dinos/Vulture/Vulture_Character_BP.Vulture_Character_BP',Vulture
Blueprint'/Game/ScorchedEarth/Dinos/Wyvern/Wyvern_Character_BP_Base.Wyvern_Character_BP_Base',Wyvern
Blueprint'/Game/ScorchedEarth/Dinos/Wyvern/Wyvern_Character_BP_Fire.Wyvern_Character_BP_Fire',Fire Wyvern
Blueprint'/Game/ScorchedEarth/Dinos/Wyvern/Wyvern_Character_BP_Lightning.Wyvern_Character_BP_Lightning',Lightning Wyvern
Blueprint'/Game/ScorchedEarth/Dinos/Wyvern/Wyvern_Character_BP_Poison.Wyvern_Character_BP_Poison',Poison Wyvern
Blueprint'/Game/ScorchedEarth/Dinos/Wyvern/Bone_MegaWyvern_Character_BP_Fire.Bone_MegaWyvern_Character_BP_Fire',Bone Fire Wyvern
Blueprint'/Game/ScorchedEarth/Dinos/DodoWyvern/DodoWyvern_Character_BP.DodoWyvern_Character_BP',Dodo Wyvern
Blueprint'/Game/ScorchedEarth/Dinos/Wyvern/Wyvern_Character_BP_ZombieFire.Wyvern_Character_BP_ZombieFire',Zombie Fire Wyvern
Blueprint'/Game/ScorchedEarth/Dinos/Wyvern/Wyvern_Character_BP_ZombieLightning.Wyvern_Character_BP_ZombieLightning',Zombie Lightning Wyvern
Blueprint'/Game/ScorchedEarth/Dinos/Wyvern/Wyvern_Character_BP_ZombiePoison.Wyvern_Character_BP_ZombiePoison',Zombie Poison Wyvern
Blueprint'/Game/PrimalEarth/Dinos/Griffin/Griffin_Character_BP.Griffin_Character_BP',Griffin
Blueprint'/Game/Mods/Ragnarok/Custom_Assets/Dinos/Wyvern/Ice_Wyvern/Ragnarok_Wyvern_Override_Ice.Ragnarok_Wyvern_Override_Ice',Ice Wyvern
Blueprint'/Game/PrimalEarth/Dinos/Achatina/Achatina_Character_BP_Aberrant.Achatina_Character_BP_Aberrant',Aberrant Achatina
Blueprint'/Game/PrimalEarth/Dinos/Anglerfish/Angler_Character_BP_Aberrant.Angler_Character_BP_Aberrant',Aberrant Anglerfish
Blueprint'/Game/PrimalEarth/Dinos/Ankylo/Ankylo_Character_BP_Aberrant.Ankylo_Character_BP_Aberrant',Aberrant Ankylosaurus
Blueprint'/Game/PrimalEarth/Dinos/Spider-Small/SpiderS_Character_BP_Aberrant.SpiderS_Character_BP_Aberrant',Aberrant Araneo
Blueprint'/Game/PrimalEarth/Dinos/Arthropluera/Arthro_Character_BP_Aberrant.Arthro_Character_BP_Aberrant',Aberrant Arthropluera
Blueprint'/Game/PrimalEarth/Dinos/Baryonyx/Baryonyx_Character_BP_Aberrant.Baryonyx_Character_BP_Aberrant',Aberrant Baryonyx
Blueprint'/Game/PrimalEarth/Dinos/Toad/Toad_Character_BP_Aberrant.Toad_Character_BP_Aberrant',Aberrant Beelzebufo
Blueprint'/Game/PrimalEarth/Dinos/Turtle/Turtle_Character_BP_Aberrant.Turtle_Character_BP_Aberrant',Aberrant Carbonemys
Blueprint'/Game/PrimalEarth/Dinos/Carno/Carno_Character_BP_Aberrant.Carno_Character_BP_Aberrant',Aberrant Carnotaurus
Blueprint'/Game/PrimalEarth/Dinos/Cnidaria/Cnidaria_Character_BP_Aberrant.Cnidaria_Character_BP_Aberrant',Aberrant Cnidaria
Blueprint'/Game/PrimalEarth/Dinos/Coelacanth/Coel_Character_BP_Aberrant.Coel_Character_BP_Aberrant',Aberrant Coelacanth
Blueprint'/Game/PrimalEarth/Dinos/Dimetrodon/Dimetro_Character_BP_Aberrant.Dimetro_Character_BP_Aberrant',Aberrant Dimetrodon
Blueprint'/Game/PrimalEarth/Dinos/Dimorphodon/Dimorph_Character_BP_Aberrant.Dimorph_Character_BP_Aberrant',Aberrant Dimorphodon
Blueprint'/Game/PrimalEarth/Dinos/Diplocaulus/Diplocaulus_Character_BP_Aberrant.Diplocaulus_Character_BP_Aberrant',Aberrant Diplocaulus
Blueprint'/Game/PrimalEarth/Dinos/Diplodocus/Diplodocus_Character_BP_Aberrant.Diplodocus_Character_BP_Aberrant',Aberrant Diplodocus
Blueprint'/Game/PrimalEarth/Dinos/Direbear/Direbear_Character_BP_Aberrant.Direbear_Character_BP_Aberrant',Aberrant Dire Bear
Blueprint'/Game/PrimalEarth/Dinos/Dodo/Dodo_Character_BP_Aberrant.Dodo_Character_BP_Aberrant',Aberrant Dodo
Blueprint'/Game/PrimalEarth/Dinos/Doedicurus/Doed_Character_BP_Aberrant.Doed_Character_BP_Aberrant',Aberrant Doedicurus
Blueprint'/Game/PrimalEarth/Dinos/DungBeetle/DungBeetle_Character_BP_Aberrant.DungBeetle_Character_BP_Aberrant',Aberrant Dung Beetle
Blueprint'/Game/PrimalEarth/Dinos/Eel/Eel_Character_BP_Aberrant.Eel_Character_BP_Aberrant',Aberrant Electrophorus
Blueprint'/Game/PrimalEarth/Dinos/Equus/Equus_Character_BP_Aberrant.Equus_Character_BP_Aberrant',Aberrant Equus
Blueprint'/Game/PrimalEarth/Dinos/Bigfoot/Bigfoot_Character_BP_Aberrant.Bigfoot_Character_BP_Aberrant',Aberrant Gigantopithecus
Blueprint'/Game/PrimalEarth/Dinos/Iguanodon/Iguanodon_Character_BP_Aberrant.Iguanodon_Character_BP_Aberrant',Aberrant Iguanodon
Blueprint'/Game/PrimalEarth/Dinos/Lystrosaurus/Lystro_Character_BP_Aberrant.Lystro_Character_BP_Aberrant',Aberrant Lystrosaurus
Blueprint'/Game/PrimalEarth/Dinos/Manta/Manta_Character_BP_Aberrant.Manta_Character_BP_Aberrant',Aberrant Manta
Blueprint'/Game/PrimalEarth/Dinos/Megalania/Megalania_Character_BP_Aberrant.Megalania_Character_BP_Aberrant',Aberrant Megalania
Blueprint'/Game/PrimalEarth/Dinos/Megalosaurus/Megalosaurus_Character_BP_Aberrant.Megalosaurus_Character_BP_Aberrant',Aberrant Megalosaurus
Blueprint'/Game/PrimalEarth/Dinos/Dragonfly/Dragonfly_Character_BP_Aberrant.Dragonfly_Character_BP_Aberrant',Aberrant Meganeura
Blueprint'/Game/PrimalEarth/Dinos/Moschops/Moschops_Character_BP_Aberrant.Moschops_Character_BP_Aberrant',Aberrant Moschops
Blueprint'/Game/PrimalEarth/Dinos/Otter/Otter_Character_BP_Aberrant.Otter_Character_BP_Aberrant',Aberrant Otter
Blueprint'/Game/PrimalEarth/Dinos/Sheep/Sheep_Character_BP_Aberrant.Sheep_Character_BP_Aberrant',Aberrant Ovis
Blueprint'/Game/PrimalEarth/Dinos/Paraceratherium/Paracer_Character_BP_Aberrant.Paracer_Character_BP_Aberrant',Aberrant Paraceratherium
Blueprint'/Game/PrimalEarth/Dinos/Para/Para_Character_BP_Aberrant.Para_Character_BP_Aberrant',Aberrant Parasaur
Blueprint'/Game/PrimalEarth/Dinos/Piranha/Piranha_Character_BP_Aberrant.Piranha_Character_BP_Aberrant',Aberrant Piranha
Blueprint'/Game/PrimalEarth/Dinos/Scorpion/Scorpion_Character_BP_Aberrant.Scorpion_Character_BP_Aberrant',Aberrant Pulmonoscorpius
Blueprint'/Game/PrimalEarth/Dinos/Purlovia/Purlovia_Character_BP_Aberrant.Purlovia_Character_BP_Aberrant',Aberrant Purlovia
Blueprint'/Game/PrimalEarth/Dinos/Raptor/Raptor_Character_BP_Aberrant.Raptor_Character_BP_Aberrant',Aberrant Raptor
Blueprint'/Game/PrimalEarth/Dinos/Salmon/Salmon_Character_Aberrant.Salmon_Character_Aberrant',Aberrant Sabertooth Salmon
Blueprint'/Game/PrimalEarth/Dinos/Sarco/Sarco_Character_BP_Aberrant.Sarco_Character_BP_Aberrant',Aberrant Sarco
Blueprint'/Game/PrimalEarth/Dinos/Spino/Spino_Character_BP_Aberrant.Spino_Character_BP_Aberrant',Aberrant Spino
Blueprint'/Game/PrimalEarth/Dinos/Stego/Stego_Character_BP_Aberrant.Stego_Character_BP_Aberrant',Aberrant Stegosaurus
Blueprint'/Game/PrimalEarth/Dinos/BoaFrill/BoaFrill_Character_BP_Aberrant.BoaFrill_Character_BP_Aberrant',Aberrant Titanoboa
Blueprint'/Game/PrimalEarth/Dinos/Trike/Trike_Character_BP_Aberrant.Trike_Character_BP_Aberrant',Aberrant Triceratops
Blueprint'/Game/PrimalEarth/Dinos/Trilobite/Trilobite_Character_Aberrant.Trilobite_Character_Aberrant',Aberrant Trilobite
Blueprint'/Game/Aberration/Dinos/Basilisk/MegaBasilisk_Character_BP.MegaBasilisk_Character_BP',Alpha Basilisk
Blueprint'/Game/Aberration/Dinos/Crab/MegaCrab_Character_BP.MegaCrab_Character_BP',Alpha Karkinos
Blueprint'/Game/Aberration/Dinos/Nameless/MegaXenomorph_Character_BP_Male_Surface.MegaXenomorph_Character_BP_Male_Surface',Alpha Surface Reaper King
Blueprint'/Game/Aberration/Dinos/Basilisk/Basilisk_Character_BP.Basilisk_Character_BP',Basilisk
Blueprint'/Game/Aberration/Dinos/Basilisk/Ghost_Basilisk_Character_BP.Ghost_Basilisk_Character_BP',Basilisk Ghost
Blueprint'/Game/Aberration/Dinos/LanternPug/LanternPug_Character_BP.LanternPug_Character_BP',Bulbdog
Blueprint'/Game/Aberration/Dinos/LanternPug/Ghost_LanternPug_Character_BP.Ghost_LanternPug_Character_BP',Bulbdog Ghost
Blueprint'/Game/Aberration/Dinos/LanternBird/LanternBird_Character_BP.LanternBird_Character_BP',Featherlight
Blueprint'/Game/Aberration/Dinos/Lightbug/Lightbug_Character_BaseBP.Lightbug_Character_BaseBP',Glowbug
Blueprint'/Game/Aberration/Dinos/LanternLizard/LanternLizard_Character_BP.LanternLizard_Character_BP',Glowtail
Blueprint'/Game/Aberration/Dinos/Crab/Crab_Character_BP.Crab_Character_BP',Karkinos
Blueprint'/Game/Aberration/Dinos/Lamprey/Lamprey_Character.Lamprey_Character',Lamprey
Blueprint'/Game/Aberration/Dinos/ChupaCabra/ChupaCabra_Character_BP.ChupaCabra_Character_BP',Nameless
Blueprint'/Game/Aberration/Dinos/CaveWolf/CaveWolf_Character_BP.CaveWolf_Character_BP',Ravager
Blueprint'/Game/Aberration/Dinos/Nameless/Xenomorph_Character_BP_Male.Xenomorph_Character_BP_Male',Reaper King
Blueprint'/Game/Aberration/Dinos/Nameless/Xenomorph_Character_BP_Male_Tamed.Xenomorph_Character_BP_Male_Tamed',Reaper King (Tamed)
Blueprint'/Game/Aberration/Dinos/Nameless/Xenomorph_Character_BP_Female.Xenomorph_Character_BP_Female',Reaper Queen
Blueprint'/Game/Aberration/Dinos/RockDrake/RockDrake_Character_BP.RockDrake_Character_BP',Rock Drake
Blueprint'/Game/Aberration/Dinos/MoleRat/MoleRat_Character_BP.MoleRat_Character_BP',Roll Rat
Blueprint'/Game/Aberration/Dinos/Pteroteuthis/Pteroteuthis_Char_BP.Pteroteuthis_Char_BP',Seeker
Blueprint'/Game/Aberration/Dinos/LanternGoat/LanternGoat_Character_BP.LanternGoat_Character_BP',Shinehorn
Blueprint'/Game/Aberration/Dinos/Nameless/Ghost_Xenomorph_Character_BP_Male_Surface.Ghost_Xenomorph_Character_BP_Male_Surface',Surface Reaper King Ghost
Blueprint'/Game/Extinction/Dinos/KingKaiju/KingKaiju_Character_BP_Alpha.KingKaiju_Character_BP_Alpha',Alpha King Titan
Blueprint'/Game/Extinction/Dinos/KingKaiju/KingKaiju_Character_BP_Beta.KingKaiju_Character_BP_Beta',Beta King Titan
Blueprint'/Game/Extinction/Dinos/Corrupt/Arthropluera/Arthro_Character_BP_Corrupt.Arthro_Character_BP_Corrupt',Corrupted Arthropluera
Blueprint'/Game/Extinction/Dinos/Corrupt/Carno/Carno_Character_BP_Corrupt.Carno_Character_BP_Corrupt',Corrupted Carnotaurus
Blueprint'/Game/Extinction/Dinos/Corrupt/Chalicotherium/Chalico_Character_BP_Corrupt.Chalico_Character_BP_Corrupt',Corrupted Chalicotherium
Blueprint'/Game/Extinction/Dinos/Corrupt/Dilo/Dilo_Character_BP_Corrupt.Dilo_Character_BP_Corrupt',Corrupted Dilophosaur
Blueprint'/Game/Extinction/Dinos/Corrupt/Dimorphodon/Dimorph_Character_BP_Corrupt.Dimorph_Character_BP_Corrupt',Corrupted Dimorphodon
Blueprint'/Game/Extinction/Dinos/Corrupt/Giganotosaurus/Gigant_Character_BP_Corrupt.Gigant_Character_BP_Corrupt',Corrupted Giganotosaurus
Blueprint'/Game/Extinction/Dinos/Corrupt/Paraceratherium/Paracer_Character_BP_Corrupt.Paracer_Character_BP_Corrupt',Corrupted Paraceratherium
Blueprint'/Game/Extinction/Dinos/Corrupt/Ptero/Ptero_Character_BP_Corrupt.Ptero_Character_BP_Corrupt',Corrupted Pteranodon
Blueprint'/Game/Extinction/Dinos/Corrupt/Raptor/Raptor_Character_BP_Corrupt.Raptor_Character_BP_Corrupt',Corrupted Raptor
Blueprint'/Game/Extinction/Dinos/Corrupt/Nameless/Xenomorph_Character_BP_Male_Tamed_Corrupt.Xenomorph_Character_BP_Male_Tamed_Corrupt',Corrupted Reaper King
Blueprint'/Game/Extinction/Dinos/Corrupt/Rex/Rex_Character_BP_Corrupt.Rex_Character_BP_Corrupt',Corrupted Rex
Blueprint'/Game/Extinction/Dinos/Corrupt/RockDrake/RockDrake_Character_BP_Corrupt.RockDrake_Character_BP_Corrupt',Corrupted Rock Drake
Blueprint'/Game/Extinction/Dinos/Corrupt/Spino/Spino_Character_BP_Corrupt.Spino_Character_BP_Corrupt',Corrupted Spino
Blueprint'/Game/Extinction/Dinos/Corrupt/Stego/Stego_Character_BP_Corrupt.Stego_Character_BP_Corrupt',Corrupted Stegosaurus
Blueprint'/Game/Extinction/Dinos/Corrupt/Trike/Trike_Character_BP_Corrupt.Trike_Character_BP_Corrupt',Corrupted Triceratops
Blueprint'/Game/Extinction/Dinos/Corrupt/Wyvern/Wyvern_Character_BP_Fire_Corrupt.Wyvern_Character_BP_Fire_Corrupt',Corrupted Wyvern
Blueprint'/Game/Extinction/Dinos/Tank/Defender_Character_BP.Defender_Character_BP',Defense Unit
Blueprint'/Game/Extinction/Dinos/DesertKaiju/DesertKaiju_Character_BP.DesertKaiju_Character_BP',Desert Titan
Blueprint'/Game/Extinction/Dinos/DesertKaiju/DesertKaiju_FirstFlockChar_BP.DesertKaiju_FirstFlockChar_BP',Desert Titan Flock
Blueprint'/Game/Extinction/Dinos/Enforcer/Enforcer_Character_BP.Enforcer_Character_BP',Enforcer
Blueprint'/Game/Extinction/Dinos/Corrupt/Rex/MegaRex_Character_BP_Corrupt.MegaRex_Character_BP_Corrupt',Enraged Corrupted Rex
Blueprint'/Game/Extinction/Dinos/Corrupt/Trike/MegaTrike_Character_BP_Corrupt.MegaTrike_Character_BP_Corrupt',Enraged Triceratops
Blueprint'/Game/Extinction/Dinos/ForestKaiju/ForestKaiju_Character_BP.ForestKaiju_Character_BP',Forest Titan
Blueprint'/Game/Extinction/Dinos/ForestKaiju/Minion/Wyvern_Character_BP_Fire_Minion.Wyvern_Character_BP_Fire_Minion',Forest Wyvern
Blueprint'/Game/Extinction/Dinos/Gacha/Gacha_Character_BP.Gacha_Character_BP',Gacha
Blueprint'/Game/Extinction/Dinos/Gacha/Gacha_Claus_Character_BP.Gacha_Claus_Character_BP',GachaClaus
Blueprint'/Game/Extinction/Dinos/KingKaiju/KingKaiju_Character_BP.KingKaiju_Character_BP',Gamma King Titan
Blueprint'/Game/Extinction/Dinos/GasBag/GasBags_Character_BP.GasBags_Character_BP',Gasbags
Blueprint'/Game/Extinction/Dinos/IceKaiju/IceKaiju_Character_BP.IceKaiju_Character_BP',Ice Titan
Blueprint'/Game/Extinction/Dinos/IceJumper/IceJumper_Character_BP.IceJumper_Character_BP',Managarmr
Blueprint'/Game/Extinction/Dinos/Mek/MegaMek_Character_BP.MegaMek_Character_BP',Mega Mek
Blueprint'/Game/Extinction/Dinos/Mek/Mek_Character_BP.Mek_Character_BP',Mek
Blueprint'/Game/Extinction/Dinos/Scout/Scout_Character_BP.Scout_Character_BP',Scout
Blueprint'/Game/Extinction/Dinos/Owl/Owl_Character_BP.Owl_Character_BP',Snow Owl
Blueprint'/Game/Extinction/Dinos/Owl/Ghost_Owl_Character_BP.Ghost_Owl_Character_BP',Snow Owl Ghost
Blueprint'/Game/Extinction/Dinos/Spindles/Spindles_Character_BP.Spindles_Character_BP',Velonasaur
Blueprint'/Game/Mods/Valguero/Assets/Dinos/RockGolem/ChalkGolem/ChalkGolem_Character_BP.ChalkGolem_Character_BP',Chalk Golem
Blueprint'/Game/PrimalEarth/Dinos/Raptor/Uberraptor/Deinonychus_Character_BP.Deinonychus_Character_BP',Deinonychus
Blueprint'/Game/PrimalEarth/Dinos/IceGolem/IceGolem_Character_BP.IceGolem_Character_BP',Ice Golem
Blueprint'/Game/Genesis/Dinos/MissionVariants/Retrieve/Volcanic/Volcano_Trike_Character_BP_Retrieve_Alpha.Volcano_Trike_Character_BP_Retrieve_Alpha',Alpha X-Triceratops
Blueprint'/Game/Genesis/Dinos/SpaceWhale/SpaceWhale_Character_BP.SpaceWhale_Character_BP',Astrocetus
Blueprint'/Game/Genesis/Dinos/BogSpider/BogSpider_Character_BP.BogSpider_Character_BP',Bloodstalker
Blueprint'/Game/Genesis/Dinos/MissionVariants/Hunt/Bog/SpiderS_Character_BP_Hunt.SpiderS_Character_BP_Hunt',Brute Araneo
Blueprint'/Game/Genesis/Dinos/MissionVariants/Hunt/Lunar/SpaceWhale_Character_BP_Brute.SpaceWhale_Character_BP_Brute',Brute Astrocetus
Blueprint'/Game/Genesis/Dinos/MissionVariants/Hunt/Ocean/Basilosaurus_Character_BP_Hunt.Basilosaurus_Character_BP_Hunt',Brute Basilosaurus
Blueprint'/Game/Genesis/Dinos/MissionVariants/Hunt/Bog/BogSpider_Character_BP_Hunt.BogSpider_Character_BP_Hunt',Brute Bloodstalker
Blueprint'/Game/Genesis/Dinos/MissionVariants/Hunt/Arctic/Shapeshifter_Large_Character_BP_Hunt.Shapeshifter_Large_Character_BP_Hunt',Brute Ferox
Blueprint'/Game/Genesis/Dinos/MissionVariants/Gauntlet/Volcanic/Wyvern_Character_BP_Fire_GauntletBoss.Wyvern_Character_BP_Fire_GauntletBoss',Brute Fire Wyvern
Blueprint'/Game/Genesis/Dinos/MissionVariants/Hunt/Ocean/Leedsichthys_Character_BP_Hunt.Leedsichthys_Character_BP_Hunt',Brute Leedsichthys
Blueprint'/Game/Genesis/Dinos/MissionVariants/Hunt/Volcanic/Cherufe_Character_BP_Hunt.Cherufe_Character_BP_Hunt',Brute Magmasaur
Blueprint'/Game/Genesis/Dinos/MissionVariants/Hunt/Lunar/BionicGigant_Character_BP_Malfunctioned_Hunt.BionicGigant_Character_BP_Malfunctioned_Hunt',Brute Malfunctioned Tek Giganotosaurus
Blueprint'/Game/Genesis/Dinos/MissionVariants/Hunt/Lunar/BionicRex_Character_BP_Malfunctioned_Hunt.BionicRex_Character_BP_Malfunctioned_Hunt',Brute Malfunctioned Tek Rex
Blueprint'/Game/Genesis/Dinos/MissionVariants/Hunt/Arctic/Mammoth_Character_BP_Hunt.Mammoth_Character_BP_Hunt',Brute Mammoth
Blueprint'/Game/Genesis/Dinos/MissionVariants/Hunt/Arctic/Stag_Character_BP_Hunt.Stag_Character_BP_Hunt',Brute Megaloceros
Blueprint'/Game/Genesis/Dinos/MissionVariants/Hunt/Ocean/Plesiosaur_Character_BP_Hunt.Plesiosaur_Character_BP_Hunt',Brute Plesiosaur
Blueprint'/Game/Genesis/Dinos/MissionVariants/Hunt/Lunar/Xenomorph_Character_BP_Male_InitialBuryOnly_Hunt.Xenomorph_Character_BP_Male_InitialBuryOnly_Hunt',Brute Reaper King
Blueprint'/Game/Genesis/Dinos/MissionVariants/Hunt/Bog/Sarco_Character_BP_Hunt.Sarco_Character_BP_Hunt',Brute Sarco
Blueprint'/Game/Genesis/Dinos/MissionVariants/Hunt/Lunar/Pteroteuthis_Char_BP_HuntFollower.Pteroteuthis_Char_BP_HuntFollower',Brute Seeker
Blueprint'/Game/Genesis/Dinos/MissionVariants/Hunt/Ocean/Tusoteuthis_Character_BP_Hunt.Tusoteuthis_Character_BP_Hunt',Brute Tusoteuthis
Blueprint'/Game/Genesis/Dinos/MissionVariants/Hunt/Volcanic/Volcano_Allo_Character_BP_Hunt.Volcano_Allo_Character_BP_Hunt',Brute X-Allosaurus
Blueprint'/Game/Genesis/Dinos/MissionVariants/Hunt/Ocean/Ocean_Megalodon_Character_BP_Hunt.Ocean_Megalodon_Character_BP_Hunt',Brute X-Megalodon
Blueprint'/Game/Genesis/Dinos/MissionVariants/Hunt/Ocean/Ocean_Mosa_Character_BP_Hunt.Ocean_Mosa_Character_BP_Hunt',Brute X-Mosasaurus
Blueprint'/Game/Genesis/Dinos/MissionVariants/Hunt/Bog/Bog_Raptor_Character_BP_Hunt.Bog_Raptor_Character_BP_Hunt',Brute X-Raptor
Blueprint'/Game/Genesis/Dinos/MissionVariants/Hunt/Volcanic/Volcano_Rex_Character_BP_Hunt.Volcano_Rex_Character_BP_Hunt',Brute X-Rex
Blueprint'/Game/Genesis/Dinos/MissionVariants/Hunt/Volcanic/Volcano_Golem_Character_BP_Hunt.Volcano_Golem_Character_BP_Hunt',Brute X-Rock Elemental
Blueprint'/Game/Genesis/Dinos/MissionVariants/Hunt/Bog/Bog_Spino_Character_BP_Hunt.Bog_Spino_Character_BP_Hunt',Brute X-Spino
Blueprint'/Game/Genesis/Dinos/MissionVariants/Hunt/Arctic/Snow_Yutyrannus_Character_BP_Hunt.Snow_Yutyrannus_Character_BP_Hunt',Brute X-Yutyrannus
Blueprint'/Game/Genesis/Dinos/Bots/Bot_Character_BP.Bot_Character_BP',Corrupted Avatar
Blueprint'/Game/Genesis/Dinos/EelBoss/EelMinion_Character_BP_Easy.EelMinion_Character_BP_Easy',Eel Minion
Blueprint'/Game/Genesis/Dinos/MissionVariants/Retrieve/Ocean/Ocean_Megalodon_Character_BP_Retrieve_Brute.Ocean_Megalodon_Character_BP_Retrieve_Brute',Golden Striped Brute Megalodon
Blueprint'/Game/Genesis/Dinos/MissionVariants/Retrieve/Ocean/Ocean_Megalodon_Character_BP_Retrieve.Ocean_Megalodon_Character_BP_Retrieve',Golden Striped Megalodon
Blueprint'/Game/Genesis/Dinos/Shapeshifter/Shapeshifter_Large/Shapeshifter_Large_Character_BP.Shapeshifter_Large_Character_BP',Ferox (Large)
Blueprint'/Game/Genesis/Dinos/Shapeshifter/Shapeshifter_Small/Shapeshifter_Small_Character_BP.Shapeshifter_Small_Character_BP',Ferox
Blueprint'/Game/Genesis/Dinos/MissionVariants/Retrieve/Lunar/Xenomorph_Character_BP_Male_InitialBuryOnly_Brute_Retrieve.Xenomorph_Character_BP_Male_InitialBuryOnly_Brute_Retrieve',Injured Brute Reaper King
Blueprint'/Game/Genesis/Dinos/Swarms/InsectSwarmChar_BP.InsectSwarmChar_BP',Insect Swarm
Blueprint'/Game/Genesis/Dinos/Cherufe/Cherufe_Character_BP.Cherufe_Character_BP',Magmasaur
Blueprint'/Game/Genesis/Dinos/MissionVariants/Gauntlet/Lunar/BionicGigant_Character_BP_Malfunctioned_Gauntlet.BionicGigant_Character_BP_Malfunctioned_Gauntlet',Malfunctioned Tek Giganotosaurus
Blueprint'/Game/PrimalEarth/Dinos/Giganotosaurus/BionicGigant_Character_BP_Malfunctioned.BionicGigant_Character_BP_Malfunctioned',Malfunctioned Tek Giganotosaurus
Blueprint'/Game/PrimalEarth/Dinos/Para/BionicPara_Character_BP_Malfunctioned.BionicPara_Character_BP_Malfunctioned',Malfunctioned Tek Parasaur
Blueprint'/Game/PrimalEarth/Dinos/Quetzalcoatlus/BionicQuetz_Character_BP_Malfunctioned.BionicQuetz_Character_BP_Malfunctioned',Malfunctioned Tek Quetzal
Blueprint'/Game/PrimalEarth/Dinos/Raptor/BionicRaptor_Character_BP_Malfunctioned.BionicRaptor_Character_BP_Malfunctioned',Malfunctioned Tek Raptor
Blueprint'/Game/PrimalEarth/Dinos/Rex/BionicRex_Character_BP_Malfunctioned.BionicRex_Character_BP_Malfunctioned',Malfunctioned Tek Rex
Blueprint'/Game/PrimalEarth/Dinos/Stego/BionicStego_Character_BP_Malfunctioned.BionicStego_Character_BP_Malfunctioned',Malfunctioned Tek Stegosaurus
Blueprint'/Game/PrimalEarth/Dinos/Trike/BionicTrike_Character_BP_Malfunctioned.BionicTrike_Character_BP_Malfunctioned',Malfunctioned Tek Triceratops
Blueprint'/Game/Genesis/Dinos/GiantTurtle/GiantTurtle_Character_BP.GiantTurtle_Character_BP',Megachelon
Blueprint'/Game/Genesis/Dinos/Swarms/MicrobeSwarmChar_BP.MicrobeSwarmChar_BP',Parakeet Fish School
Blueprint'/Game/Aberration/Dinos/Nameless/Xenomorph_Character_BP_Male_InitialBuryOnly_Adolescent.Xenomorph_Character_BP_Male_InitialBuryOnly_Adolescent',Reaper Prince
Blueprint'/Game/PrimalEarth/Dinos/Trike/BionicTrike_Character_BP.BionicTrike_Character_BP',Tek Triceratops
Blueprint'/Game/Genesis/Dinos/BiomeVariants/Volcano_Allosaurus/Volcano_Allo_Character_BP.Volcano_Allo_Character_BP',X-Allosaurus
Blueprint'/Game/Genesis/Dinos/BiomeVariants/Volcano_Ankylosaurus/Volcano_Ankylo_Character_BP.Volcano_Ankylo_Character_BP',X-Ankylosaurus
Blueprint'/Game/Genesis/Dinos/BiomeVariants/Snow_Argentavis/Snow_Argent_Character_BP.Snow_Argent_Character_BP',X-Argentavis
Blueprint'/Game/Genesis/Dinos/BiomeVariants/Ocean_Basilosaurus/Ocean_Basilosaurus_Character_BP.Ocean_Basilosaurus_Character_BP',X-Basilosaurus
Blueprint'/Game/Genesis/Dinos/BiomeVariants/Ocean_Dunkleosteus/Ocean_Dunkle_Character_BP.Ocean_Dunkle_Character_BP',X-Dunkleosteus
Blueprint'/Game/Genesis/Dinos/BiomeVariants/Ocean_Dolphin/Ocean_Dolphin_Character_BP.Ocean_Dolphin_Character_BP',X-Ichthyosaurus
Blueprint'/Game/Genesis/Dinos/BiomeVariants/Ocean_Megalodon/Ocean_Megalodon_Character_BP.Ocean_Megalodon_Character_BP',X-Megalodon
Blueprint'/Game/Genesis/Dinos/BiomeVariants/Ocean_Mosasaurus/Ocean_Mosa_Character_BP.Ocean_Mosa_Character_BP',X-Mosasaurus
Blueprint'/Game/Genesis/Dinos/BiomeVariants/Snow_Otter/Snow_Otter_Character_BP.Snow_Otter_Character_BP',X-Otter
Blueprint'/Game/Genesis/Dinos/BiomeVariants/BogParaceratherium/Bog_Paracer_Character_BP.Bog_Paracer_Character_BP',X-Paraceratherium
Blueprint'/Game/Genesis/Dinos/BiomeVariants/BogPara/Bog_Para_Character_BP.Bog_Para_Character_BP',X-Parasaur
Blueprint'/Game/Genesis/Dinos/BiomeVariants/Bog_Raptor/Bog_Raptor_Character_BP.Bog_Raptor_Character_BP',X-Raptor
Blueprint'/Game/Genesis/Dinos/BiomeVariants/Volcano_Rex/Volcano_Rex_Character_BP.Volcano_Rex_Character_BP',X-Rex
Blueprint'/Game/Genesis/Dinos/BiomeVariants/Lava_Golem/Volcano_Golem_Character_BP.Volcano_Golem_Character_BP',X-Rock Elemental
Blueprint'/Game/Genesis/Dinos/BiomeVariants/Snow_Saber/Snow_Saber_Character_BP.Snow_Saber_Character_BP',X-Sabertooth
Blueprint'/Game/Genesis/Dinos/BiomeVariants/Lunar_Salmon/Lunar_Salmon_Character_BP.Lunar_Salmon_Character_BP',X-Sabertooth Salmon
Blueprint'/Game/Genesis/Dinos/BiomeVariants/Bog_Spino/Bog_Spino_Character_BP.Bog_Spino_Character_BP',X-Spino
Blueprint'/Game/Genesis/Dinos/BiomeVariants/Bog_Tapejara/Bog_Tapejara_Character_BP.Bog_Tapejara_Character_BP',X-Tapejara
Blueprint'/Game/Genesis/Dinos/BiomeVariants/Volcano_Trike/Volcano_Trike_Character_BP.Volcano_Trike_Character_BP',X-Triceratops
Blueprint'/Game/Genesis/Dinos/BiomeVariants/Snow_WoollyRhino/Snow_Rhino_Character_BP.Snow_Rhino_Character_BP',X-Woolly Rhino
Blueprint'/Game/Genesis/Dinos/BiomeVariants/Snow_Yutyrannus/Snow_Yutyrannus_Character_BP.Snow_Yutyrannus_Character_BP',X-Yutyrannus
Blueprint'/Game/PrimalEarth/Dinos/CrystalWyvern/CrystalWyvern_Character_BP_Mega.CrystalWyvern_Character_BP_Mega',Alpha Blood Crystal Wyvern
Blueprint'/Game/PrimalEarth/Dinos/CrystalWyvern/CrystalWyvern_Character_BP_Blood.CrystalWyvern_Character_BP_Blood',Blood Crystal Wyvern
Blueprint'/Game/PrimalEarth/Dinos/CrystalWyvern/CrystalWyvern_Character_BP.CrystalWyvern_Character_BP',Crystal Wyvern
Blueprint'/Game/PrimalEarth/Dinos/CrystalWyvern/CrystalWyvern_Character_BP_Ember.CrystalWyvern_Character_BP_Ember',Ember Crystal Wyvern
Blueprint'/Game/Mods/CrystalIsles/Assets/Dinos/HoneyBee/HoneyBee_Character_BP.HoneyBee_Character_BP',Giant Worker Bee
Blueprint'/Game/PrimalEarth/Dinos/Tropeognathus/Tropeognathus_Character_BP.Tropeognathus_Character_BP',Tropeognathus
Blueprint'/Game/PrimalEarth/Dinos/CrystalWyvern/CrystalWyvern_Character_BP_WS.CrystalWyvern_Character_BP_WS',Tropical Crystal Wyvern
